[LOG] 2026-06-02T15:07:44.497Z - [MongoDB] Veritabanına başarıyla bağlanıldı.
[LOG] 2026-06-02T15:07:45.007Z - [Store] Veritabanından veriler başarıyla yüklendi.
[LOG] 2026-06-02T15:07:45.016Z - Kick AutoMod server running on http://localhost:3000
[LOG] 2026-06-02T15:07:45.016Z - Make sure to set KICK_CLIENT_ID and KICK_CLIENT_SECRET in .env
[LOG] 2026-06-02T15:07:45.855Z - [WebSocket] Connected to Kick Pusher
[ERR] 2026-06-02T15:07:45.905Z - {"errorLabelSet":{},"errorResponse":{"index":0,"code":11000,"errmsg":"E11000 duplicate key error collection: test.channels index: slug_1 dup key: { slug: \"ilker4444\" }","keyPattern":{"slug":1},"keyValue":{"slug":"ilker4444"}},"index":0,"code":11000,"keyPattern":{"slug":1},"keyValue":{"slug":"ilker4444"}}
[LOG] 2026-06-02T15:07:46.015Z - [WebSocket] Subscribed to ilker4444 (chatroom: 24751395)
[LOG] 2026-06-02T15:07:46.015Z - [WebSocket] Subscribed to riadein (chatroom: 25316906)
[LOG] 2026-06-02T15:07:46.016Z - [WebSocket] Subscribed to eray (chatroom: 10181332)
[LOG] 2026-06-02T15:07:46.016Z - [WebSocket] Subscribed to ahmetturku (chatroom: 29869434)
[LOG] 2026-06-02T15:07:46.016Z - [WebSocket] Subscribed to minik (chatroom: 24752062)
[LOG] 2026-06-02T15:07:47.386Z - [WebSocket] User banned in minik: {"id":"660fe37c-481f-4da6-a342-01511970bcfe","user":{"id":81520140,"username":"Janjan011","slug":"janjan011"},"banned_by":{"id":0,"username":"lmmami06","slug":"lmmami06"},"permanent":false,"duration":5,"expires_at":"2026-06-02T15:12:48+00:00"}
[LOG] 2026-06-02T15:15:10.729Z - [MongoDB] Veritabanına başarıyla bağlanıldı.
[LOG] 2026-06-02T15:15:11.225Z - [Store] Veritabanından veriler başarıyla yüklendi.
[LOG] 2026-06-02T15:15:11.233Z - Kick AutoMod server running on http://localhost:3000
[LOG] 2026-06-02T15:15:11.234Z - Make sure to set KICK_CLIENT_ID and KICK_CLIENT_SECRET in .env
[LOG] 2026-06-02T15:15:11.946Z - [WebSocket] Connected to Kick Pusher
[ERR] 2026-06-02T15:15:12.001Z - {"errorLabelSet":{},"errorResponse":{"index":0,"code":11000,"errmsg":"E11000 duplicate key error collection: test.channels index: slug_1 dup key: { slug: \"ilker4444\" }","keyPattern":{"slug":1},"keyValue":{"slug":"ilker4444"}},"index":0,"code":11000,"keyPattern":{"slug":1},"keyValue":{"slug":"ilker4444"}}
[LOG] 2026-06-02T15:15:12.116Z - [WebSocket] Subscribed to ilker4444 (chatroom: 24751395)
[LOG] 2026-06-02T15:15:12.117Z - [WebSocket] Subscribed to riadein (chatroom: 25316906)
[LOG] 2026-06-02T15:15:12.117Z - [WebSocket] Subscribed to eray (chatroom: 10181332)
[LOG] 2026-06-02T15:15:12.117Z - [WebSocket] Subscribed to ahmetturku (chatroom: 29869434)
[LOG] 2026-06-02T15:15:12.117Z - [WebSocket] Subscribed to minik (chatroom: 24752062)
[LOG] 2026-06-02T15:17:05.997Z - [AutoMod] Action: timeout, User: gargamel3154, Channel: ahmetturku, broadcasterUserId: 31204559, ownerId: ilker4444
[LOG] 2026-06-02T15:17:05.997Z - [KickAPI] Sending Timeout payload: {"broadcaster_user_id":31204559,"user_id":28780737,"duration":5,"reason":"Spam tespit edildi: 3x aynı mesaj (60sn içinde)"}
[ERR] 2026-06-02T15:17:06.342Z - Kick API request failed [/chat/ae36507c-bd8f-4c2c-8d7f-a3d0999eb6ce]: Kick API error 401: {"data":{},"message":"Unauthorized"}

[LOG] 2026-06-02T15:17:06.427Z - [WebSocket] User banned in ahmetturku: {"id":"ac0f5688-a359-4356-84aa-7d0dc1827d9b","user":{"id":28780737,"username":"gargamel3154","slug":"gargamel3154"},"banned_by":{"id":0,"username":"ilker4444","slug":"ilker4444"},"permanent":false,"duration":5,"expires_at":"2026-06-02T15:22:07+00:00"}
[LOG] 2026-06-02T15:17:07.325Z - [WebSocket] User banned in ahmetturku: {"id":"8a70f571-2b50-4e9c-9401-e790552ae927","user":{"id":28780737,"username":"gargamel3154","slug":"gargamel3154"},"banned_by":{"id":0,"username":"ilker4444","slug":"ilker4444"},"permanent":false,"duration":5,"expires_at":"2026-06-02T15:22:08+00:00"}
[LOG] 2026-06-02T15:17:07.449Z - [AutoMod] ✅ Action applied: timeout on gargamel3154 by owner ilker4444
[LOG] 2026-06-02T15:17:17.277Z - [AutoMod] Action: timeout, User: Synox001, Channel: ahmetturku, broadcasterUserId: 31204559, ownerId: ilker4444
[LOG] 2026-06-02T15:17:17.277Z - [KickAPI] Sending Timeout payload: {"broadcaster_user_id":31204559,"user_id":57613328,"duration":5,"reason":"Spam tespit edildi: 3x aynı mesaj (60sn içinde)"}
[ERR] 2026-06-02T15:17:17.507Z - Kick API request failed [/chat/da119d5f-162a-46ab-aec0-0337f9ce4d56]: Kick API error 401: {"data":{},"message":"Unauthorized"}

[LOG] 2026-06-02T15:17:17.705Z - [WebSocket] User banned in ahmetturku: {"id":"486cc7e5-bf1d-41b9-aea3-decded5ebc00","user":{"id":57613328,"username":"Synox001","slug":"synox001"},"banned_by":{"id":0,"username":"ilker4444","slug":"ilker4444"},"permanent":false,"duration":5,"expires_at":"2026-06-02T15:22:18+00:00"}
[LOG] 2026-06-02T15:17:17.920Z - [WebSocket] User banned in ahmetturku: {"id":"b2fef9df-7dbd-4191-afa8-7aa999b53bb9","user":{"id":57613328,"username":"Synox001","slug":"synox001"},"banned_by":{"id":0,"username":"ilker4444","slug":"ilker4444"},"permanent":false,"duration":5,"expires_at":"2026-06-02T15:22:18+00:00"}
[LOG] 2026-06-02T15:17:18.063Z - [AutoMod] ✅ Action applied: timeout on Synox001 by owner ilker4444
[LOG] 2026-06-02T15:17:26.326Z - [AutoMod] Action: timeout, User: EREN3441, Channel: ahmetturku, broadcasterUserId: 31204559, ownerId: ilker4444
[LOG] 2026-06-02T15:17:26.326Z - [KickAPI] Sending Timeout payload: {"broadcaster_user_id":31204559,"user_id":27804349,"duration":5,"reason":"Spam tespit edildi: 3x aynı mesaj (60sn içinde)"}
[ERR] 2026-06-02T15:17:26.553Z - Kick API request failed [/chat/4d8744a8-bc08-4f4f-9af4-e51f84dc4bd2]: Kick API error 401: {"data":{},"message":"Unauthorized"}

[LOG] 2026-06-02T15:17:26.738Z - [WebSocket] User banned in ahmetturku: {"id":"934a4897-ec1b-4fd1-95dd-42dd451467ec","user":{"id":27804349,"username":"EREN3441","slug":"eren3441"},"banned_by":{"id":0,"username":"ilker4444","slug":"ilker4444"},"permanent":false,"duration":5,"expires_at":"2026-06-02T15:22:27+00:00"}
[LOG] 2026-06-02T15:17:27.526Z - [WebSocket] User banned in ahmetturku: {"id":"a04e0689-bf7b-4508-9064-6570c4ff687a","user":{"id":27804349,"username":"EREN3441","slug":"eren3441"},"banned_by":{"id":0,"username":"ilker4444","slug":"ilker4444"},"permanent":false,"duration":5,"expires_at":"2026-06-02T15:22:28+00:00"}
[LOG] 2026-06-02T15:17:27.681Z - [AutoMod] ✅ Action applied: timeout on EREN3441 by owner ilker4444
[LOG] 2026-06-02T15:17:35.771Z - [MongoDB] Veritabanına başarıyla bağlanıldı.
[LOG] 2026-06-02T15:17:36.264Z - [Store] Veritabanından veriler başarıyla yüklendi.
[ERR] 2026-06-02T15:17:36.270Z - Uncaught Exception: {"code":"EADDRINUSE","errno":-4091,"syscall":"listen","address":"::","port":3000}
[LOG] 2026-06-02T15:17:36.942Z - [WebSocket] Connected to Kick Pusher
[ERR] 2026-06-02T15:17:36.991Z - {"errorLabelSet":{},"errorResponse":{"index":0,"code":11000,"errmsg":"E11000 duplicate key error collection: test.channels index: slug_1 dup key: { slug: \"ilker4444\" }","keyPattern":{"slug":1},"keyValue":{"slug":"ilker4444"}},"index":0,"code":11000,"keyPattern":{"slug":1},"keyValue":{"slug":"ilker4444"}}
[LOG] 2026-06-02T15:17:37.099Z - [WebSocket] Subscribed to ilker4444 (chatroom: 24751395)
[LOG] 2026-06-02T15:17:37.099Z - [WebSocket] Subscribed to riadein (chatroom: 25316906)
[LOG] 2026-06-02T15:17:37.100Z - [WebSocket] Subscribed to eray (chatroom: 10181332)
[LOG] 2026-06-02T15:17:37.100Z - [WebSocket] Subscribed to ahmetturku (chatroom: 29869434)
[LOG] 2026-06-02T15:17:37.100Z - [WebSocket] Subscribed to minik (chatroom: 24752062)
[LOG] 2026-06-02T15:17:37.317Z - [WebSocket] Message Event Received in ahmetturku: [emote:37226:KEKW]
[LOG] 2026-06-02T15:17:37.368Z - [WebSocket] Message Event Received in ahmetturku: [emote:3753119:asmonSmash]
[LOG] 2026-06-02T15:17:37.767Z - [WebSocket] Message Event Received in ahmetturku: [emote:37226:KEKW]
[LOG] 2026-06-02T15:17:37.825Z - [WebSocket] Message Event Received in ahmetturku: [emote:37226:KEKW]
[LOG] 2026-06-02T15:17:38.135Z - [WebSocket] Message Event Received in ahmetturku: [emote:37226:KEKW]
[LOG] 2026-06-02T15:17:39.062Z - [WebSocket] Message Event Received in ahmetturku: [emote:37226:KEKW]
[LOG] 2026-06-02T15:17:39.169Z - [WebSocket] Message Event Received in ahmetturku: [emote:37226:KEKW]
[LOG] 2026-06-02T15:17:40.631Z - [WebSocket] Message Event Received in minik: [emote:37226:KEKW]
[LOG] 2026-06-02T15:17:40.881Z - [WebSocket] Message Event Received in ahmetturku: Kcip kasma işi
[LOG] 2026-06-02T15:17:42.188Z - [WebSocket] Message Event Received in eray: [emote:3645850:EDDIE] BEN MALIM
[LOG] 2026-06-02T15:17:42.466Z - [WebSocket] Message Event Received in ahmetturku: [emote:37226:KEKW]
[LOG] 2026-06-02T15:17:42.741Z - [WebSocket] Message Event Received in ahmetturku: [emote:3753119:asmonSmash]
[LOG] 2026-06-02T15:17:44.610Z - [WebSocket] Message Event Received in ahmetturku: [emote:37226:KEKW]
[LOG] 2026-06-02T15:17:44.687Z - [WebSocket] Message Event Received in minik: kaç level çarlar
[LOG] 2026-06-02T15:17:46.119Z - [WebSocket] Message Event Received in ahmetturku: [emote:37226:KEKW]
[LOG] 2026-06-02T15:17:46.260Z - [WebSocket] Message Event Received in minik: videoyu attınmı
[LOG] 2026-06-02T15:17:46.361Z - [WebSocket] Message Event Received in ahmetturku: [emote:37226:KEKW]
[LOG] 2026-06-02T15:17:46.692Z - [WebSocket] Message Event Received in ahmetturku: [emote:37226:KEKW]
[LOG] 2026-06-02T15:17:47.080Z - [WebSocket] Message Event Received in ahmetturku: [emote:37226:KEKW]
[LOG] 2026-06-02T15:17:47.106Z - [WebSocket] Message Event Received in ahmetturku: matruşka
[LOG] 2026-06-02T15:17:47.710Z - [WebSocket] Message Event Received in eray: AS
[LOG] 2026-06-02T15:17:48.374Z - [WebSocket] Message Event Received in ahmetturku: [emote:3753119:asmonSmash]
[LOG] 2026-06-02T15:17:49.104Z - [WebSocket] Message Event Received in minik: [emote:39251:beeBobble]
[LOG] 2026-06-02T15:17:49.464Z - [WebSocket] Message Event Received in ahmetturku: MATRUŞKA
[LOG] 2026-06-02T15:17:49.560Z - [WebSocket] Message Event Received in ahmetturku: klip var mı
[LOG] 2026-06-02T15:17:50.698Z - [WebSocket] Message Event Received in ahmetturku: p
[LOG] 2026-06-02T15:17:50.789Z - [WebSocket] Message Event Received in ahmetturku: [emote:37226:KEKW]
[LOG] 2026-06-02T15:17:52.391Z - [WebSocket] Message Event Received in ahmetturku: [emote:37226:KEKW]
[LOG] 2026-06-02T15:17:52.619Z - [WebSocket] Message Event Received in ahmetturku: o kapatıldıya
[LOG] 2026-06-02T15:17:52.805Z - [WebSocket] Message Event Received in ahmetturku: O ZATEN
[LOG] 2026-06-02T15:17:53.292Z - [WebSocket] Message Event Received in ahmetturku: su iç
[LOG] 2026-06-02T15:17:53.534Z - [WebSocket] Message Event Received in eray: [emote:5599306:mediissalo]
[LOG] 2026-06-02T15:17:54.518Z - [WebSocket] Message Event Received in ahmetturku: matruşka
[LOG] 2026-06-02T15:17:55.055Z - [WebSocket] Message Event Received in ahmetturku: [emote:3753119:asmonSmash]
[LOG] 2026-06-02T15:17:55.220Z - [WebSocket] Message Event Received in ahmetturku: [emote:37226:KEKW]
[LOG] 2026-06-02T15:17:55.559Z - [WebSocket] Message Event Received in ahmetturku: hiç chatlere yazmıyorum 3 lvl olmuş
[LOG] 2026-06-02T15:17:58.259Z - [WebSocket] Message Event Received in ahmetturku: sa
[LOG] 2026-06-02T15:17:58.306Z - [WebSocket] Message Event Received in ahmetturku: [emote:37226:KEKW]
[LOG] 2026-06-02T15:17:58.861Z - [WebSocket] Message Event Received in ahmetturku: Matruşka
[LOG] 2026-06-02T15:17:59.096Z - [WebSocket] Message Event Received in ahmetturku: [emote:37226:KEKW]
[LOG] 2026-06-02T15:17:59.406Z - [WebSocket] Message Event Received in ahmetturku: su iç
[LOG] 2026-06-02T15:18:00.341Z - [WebSocket] Message Event Received in ahmetturku: [emote:37226:KEKW]
[LOG] 2026-06-02T15:18:00.866Z - [WebSocket] Message Event Received in ahmetturku: [emote:3753119:asmonSmash]
[LOG] 2026-06-02T15:18:01.021Z - [WebSocket] Message Event Received in minik: 16-15-16
[LOG] 2026-06-02T15:18:02.330Z - [WebSocket] Message Event Received in ahmetturku: matruğşkha
[LOG] 2026-06-02T15:18:04.960Z - [WebSocket] Message Event Received in eray: [emote:5590751:erdalflowersigara]
[LOG] 2026-06-02T15:18:05.467Z - [WebSocket] Message Event Received in ahmetturku: [emote:37226:KEKW]
[LOG] 2026-06-02T15:18:06.299Z - [WebSocket] Message Event Received in minik: yok kırpamadım hala
[LOG] 2026-06-02T15:18:07.117Z - [WebSocket] Message Event Received in ahmetturku: [emote:1730758:emojiClown]
[LOG] 2026-06-02T15:18:07.156Z - [WebSocket] Message Event Received in ahmetturku: ısaşşaa
[LOG] 2026-06-02T15:18:09.561Z - [WebSocket] Message Event Received in ahmetturku: [emote:37226:KEKW]
[LOG] 2026-06-02T15:18:09.924Z - [WebSocket] Message Event Received in ahmetturku: [emote:37226:KEKW]
[LOG] 2026-06-02T15:18:10.533Z - [WebSocket] Message Event Received in minik: O karta nasil girdi aq
[LOG] 2026-06-02T15:18:10.654Z - [WebSocket] Message Event Received in ahmetturku: [emote:37226:KEKW]
[LOG] 2026-06-02T15:18:10.753Z - [WebSocket] Message Event Received in minik: a
[LOG] 2026-06-02T15:18:11.371Z - [WebSocket] Message Event Received in ahmetturku: [emote:5565231:ahmetturkuhaha]
[LOG] 2026-06-02T15:18:11.621Z - [WebSocket] Message Event Received in eray: [emote:39251:beeBobble]
[LOG] 2026-06-02T15:18:13.269Z - [WebSocket] Message Event Received in minik: SDSKLAHFJDKSHGLKFDH
[LOG] 2026-06-02T15:18:13.779Z - [WebSocket] Message Event Received in ahmetturku: [emote:37226:KEKW]
[LOG] 2026-06-02T15:18:13.958Z - [WebSocket] Message Event Received in ahmetturku: .
[LOG] 2026-06-02T15:18:15.948Z - [WebSocket] Message Event Received in ahmetturku: [emote:37226:KEKW]
[LOG] 2026-06-02T15:18:16.220Z - [WebSocket] Message Event Received in eray: Henüz bir bilgi yok
[LOG] 2026-06-02T15:18:16.456Z - [WebSocket] Message Event Received in minik: bn de 43 42 42 benim de sarıyo
[LOG] 2026-06-02T15:18:16.976Z - [WebSocket] Message Event Received in ahmetturku: [emote:1730756:emojiCheerful]
[LOG] 2026-06-02T15:18:17.131Z - [WebSocket] Message Event Received in ahmetturku: [emote:37226:KEKW]
[LOG] 2026-06-02T15:18:17.285Z - [WebSocket] Message Event Received in ahmetturku: seviyeyi nasıl aktif ediyoz
[LOG] 2026-06-02T15:18:18.469Z - [WebSocket] Message Event Received in ahmetturku: ya aq her dakka chatlerdeyim 1 lvl ne şerefimi satsam daha iyi
[LOG] 2026-06-02T15:18:20.297Z - [WebSocket] Message Event Received in ahmetturku: [emote:37226:KEKW]
[LOG] 2026-06-02T15:18:21.151Z - [WebSocket] Message Event Received in ahmetturku: [emote:37226:KEKW]
[LOG] 2026-06-02T15:18:22.166Z - [WebSocket] Message Event Received in ahmetturku: [emote:37226:KEKW]
[LOG] 2026-06-02T15:18:24.695Z - [WebSocket] Message Event Received in minik: sansa bak
[LOG] 2026-06-02T15:18:25.397Z - [WebSocket] Message Event Received in ahmetturku: [emote:1730753:emojiAngry]
[LOG] 2026-06-02T15:18:26.265Z - [WebSocket] Message Event Received in ahmetturku: [emote:37226:KEKW]
[LOG] 2026-06-02T15:18:28.200Z - [WebSocket] Message Event Received in minik: [emote:37226:KEKW]
[LOG] 2026-06-02T15:18:29.144Z - [WebSocket] Message Event Received in ahmetturku: [emote:37226:KEKW]
[LOG] 2026-06-02T15:18:29.216Z - [WebSocket] Message Event Received in ahmetturku: sa
[LOG] 2026-06-02T15:18:30.212Z - [WebSocket] Message Event Received in minik: ben gece başladım
[LOG] 2026-06-02T15:18:31.733Z - [WebSocket] Message Event Received in ahmetturku: [emote:1730753:emojiAngry]
[LOG] 2026-06-02T15:18:31.790Z - [WebSocket] Message Event Received in ahmetturku: [emote:1730759:emojiCool]
[LOG] 2026-06-02T15:18:31.863Z - [WebSocket] Message Event Received in ahmetturku: küçük şehmus
[LOG] 2026-06-02T15:18:31.980Z - [WebSocket] Message Event Received in ahmetturku: [emote:1730752:emojiAngel]
[LOG] 2026-06-02T15:18:32.460Z - [WebSocket] Message Event Received in ahmetturku: [emote:37226:KEKW]
[LOG] 2026-06-02T15:18:32.460Z - [WebSocket] Message Event Received in ahmetturku: geldi şehmus amk
[LOG] 2026-06-02T15:18:32.584Z - [WebSocket] Message Event Received in ahmetturku: geldi yine
[LOG] 2026-06-02T15:18:32.641Z - [WebSocket] Message Event Received in ahmetturku: [emote:37226:KEKW]
[LOG] 2026-06-02T15:18:33.798Z - [WebSocket] Message Event Received in minik: [emote:37226:KEKW]
[LOG] 2026-06-02T15:18:34.240Z - [WebSocket] Message Event Received in eray: sohbet ayarlarından profile tıkla rozetler kısmında gözükmesi lazım
[LOG] 2026-06-02T15:18:35.312Z - [WebSocket] Message Event Received in ahmetturku: [emote:1730753:emojiAngry]
[LOG] 2026-06-02T15:18:36.901Z - [WebSocket] Message Event Received in ahmetturku: [emote:1730753:emojiAngry]
[LOG] 2026-06-02T15:18:37.098Z - [WebSocket] Message Event Received in ahmetturku: [emote:37226:KEKW]
[LOG] 2026-06-02T15:18:37.717Z - [WebSocket] Message Event Received in minik: baran?
[LOG] 2026-06-02T15:18:39.731Z - [WebSocket] Message Event Received in minik: uza uza
[LOG] 2026-06-02T15:18:39.757Z - [WebSocket] Message Event Received in ahmetturku: [emote:37226:KEKW]
[LOG] 2026-06-02T15:18:40.368Z - [WebSocket] Message Event Received in ahmetturku: [emote:37226:KEKW]
[LOG] 2026-06-02T15:18:40.549Z - [WebSocket] Message Event Received in ahmetturku: [emote:37226:KEKW]
[LOG] 2026-06-02T15:18:40.893Z - [WebSocket] Message Event Received in ahmetturku: [emote:37226:KEKW]
[LOG] 2026-06-02T15:18:41.152Z - [WebSocket] Message Event Received in ahmetturku: [emote:37226:KEKW]
[LOG] 2026-06-02T15:18:41.965Z - [WebSocket] Message Event Received in minik: sahins
[LOG] 2026-06-02T15:18:42.335Z - [WebSocket] Message Event Received in ahmetturku: [emote:37226:KEKW]
[LOG] 2026-06-02T15:18:42.413Z - [WebSocket] Message Event Received in ahmetturku: [emote:37226:KEKW]
[LOG] 2026-06-02T15:18:42.630Z - [WebSocket] Message Event Received in ahmetturku: [emote:1730753:emojiAngry]
[LOG] 2026-06-02T15:18:42.684Z - [WebSocket] Message Event Received in minik: Yan sanayi Şehmus o
[LOG] 2026-06-02T15:18:44.472Z - [WebSocket] Message Event Received in ahmetturku: [emote:37226:KEKW]
[LOG] 2026-06-02T15:18:45.309Z - [WebSocket] Message Event Received in ahmetturku: baran kuş ayakkabı koparttı parlak
[LOG] 2026-06-02T15:18:45.655Z - [WebSocket] Message Event Received in ahmetturku: düzeltmişler sende bi kontrol et
[LOG] 2026-06-02T15:18:45.798Z - [WebSocket] Message Event Received in ahmetturku: [emote:37226:KEKW]
[LOG] 2026-06-02T15:18:46.964Z - [WebSocket] Message Event Received in ahmetturku: bu genç kim
[LOG] 2026-06-02T15:18:47.098Z - [WebSocket] Message Event Received in ahmetturku: baran şehmuzun kardeşi olarka çar mı açtı
[LOG] 2026-06-02T15:18:47.790Z - [WebSocket] Message Event Received in ahmetturku: [emote:37226:KEKW]
[LOG] 2026-06-02T15:18:48.364Z - [WebSocket] Message Event Received in ahmetturku: GEL GEL
[LOG] 2026-06-02T15:18:48.717Z - [WebSocket] Message Event Received in ahmetturku: [emote:37226:KEKW]
[LOG] 2026-06-02T15:18:48.992Z - [WebSocket] Message Event Received in ahmetturku: tm gelme bidaha
[LOG] 2026-06-02T15:18:50.348Z - [WebSocket] Message Event Received in ahmetturku: [emote:37226:KEKW]
[LOG] 2026-06-02T15:18:50.708Z - [WebSocket] Message Event Received in minik: [emote:37226:KEKW]
[LOG] 2026-06-02T15:18:52.295Z - [WebSocket] Message Event Received in ahmetturku: [emote:37226:KEKW]
[LOG] 2026-06-02T15:18:53.119Z - [WebSocket] Message Event Received in ahmetturku: kombini calma aq bari ya
[LOG] 2026-06-02T15:18:53.135Z - [WebSocket] Message Event Received in ahmetturku: ayarlara tıkla orda vardır belki
[LOG] 2026-06-02T15:18:53.956Z - [WebSocket] Message Event Received in minik: sehmusun abisi bu yeni karakter
[LOG] 2026-06-02T15:18:54.054Z - [WebSocket] Message Event Received in ahmetturku: [emote:37226:KEKW]
[LOG] 2026-06-02T15:18:54.775Z - [WebSocket] Message Event Received in ahmetturku: [emote:37226:KEKW]
[LOG] 2026-06-02T15:18:54.809Z - [WebSocket] Message Event Received in eray: Offline chat çağatay akmanın chatten daha hızlı akıyor amk
[LOG] 2026-06-02T15:18:55.010Z - [WebSocket] Message Event Received in ahmetturku: [emote:37226:KEKW]
[LOG] 2026-06-02T15:18:55.540Z - [WebSocket] Message Event Received in ahmetturku: [emote:5565231:ahmetturkuhaha]
[LOG] 2026-06-02T15:18:56.859Z - [WebSocket] Message Event Received in ahmetturku: [emote:37226:KEKW]
[LOG] 2026-06-02T15:18:56.875Z - [WebSocket] Message Event Received in ahmetturku: [emote:5565275:ahmetturkudayi]
[LOG] 2026-06-02T15:18:57.109Z - [WebSocket] Message Event Received in ahmetturku: [emote:37226:KEKW]
[LOG] 2026-06-02T15:18:57.365Z - [WebSocket] Message Event Received in ahmetturku: [emote:37226:KEKW]
[LOG] 2026-06-02T15:18:57.707Z - [WebSocket] Message Event Received in ahmetturku: [emote:37226:KEKW]
[LOG] 2026-06-02T15:18:57.725Z - [WebSocket] Message Event Received in ahmetturku: [emote:37226:KEKW]
[LOG] 2026-06-02T15:18:57.856Z - [WebSocket] Message Event Received in ahmetturku: [emote:37226:KEKW]
[LOG] 2026-06-02T15:18:58.286Z - [WebSocket] Message Event Received in minik: adı ne onun
[LOG] 2026-06-02T15:18:58.848Z - [WebSocket] Message Event Received in minik: atm cd kaç dk
[LOG] 2026-06-02T15:18:58.949Z - [WebSocket] Message Event Received in ahmetturku: [emote:37226:KEKW]
[LOG] 2026-06-02T15:18:59.255Z - [WebSocket] Message Event Received in ahmetturku: [emote:37226:KEKW][emote:37226:KEKW]
[LOG] 2026-06-02T15:18:59.391Z - [WebSocket] Message Event Received in ahmetturku: yaa bi git ses tonuna bak ardahanlı bide
[LOG] 2026-06-02T15:18:59.562Z - [WebSocket] Message Event Received in ahmetturku: JKOJAWOH JUAWPJHAP
[LOG] 2026-06-02T15:18:59.796Z - [WebSocket] Message Event Received in ahmetturku: [emote:37226:KEKW]
[LOG] 2026-06-02T15:19:00.274Z - [WebSocket] Message Event Received in ahmetturku: [emote:37226:KEKW]
[LOG] 2026-06-02T15:19:00.954Z - [WebSocket] Message Event Received in ahmetturku: [emote:37226:KEKW]
[LOG] 2026-06-02T15:19:01.495Z - [WebSocket] Message Event Received in minik: Sehmuz apk
[LOG] 2026-06-02T15:19:01.556Z - [WebSocket] Message Event Received in ahmetturku: [emote:37226:KEKW]
[LOG] 2026-06-02T15:19:03.475Z - [WebSocket] Message Event Received in minik: kardesi
[LOG] 2026-06-02T15:19:03.492Z - [WebSocket] Message Event Received in ahmetturku: [emote:37226:KEKW]
[LOG] 2026-06-02T15:19:03.496Z - [WebSocket] Message Event Received in ahmetturku: [emote:37226:KEKW]
[LOG] 2026-06-02T15:19:04.971Z - [WebSocket] Message Event Received in ahmetturku: [emote:37226:KEKW]
[LOG] 2026-06-02T15:19:06.141Z - [WebSocket] Message Event Received in minik: benm de 3.gün bugün fena bağımlılık yapiyor ya
[LOG] 2026-06-02T15:19:08.566Z - [WebSocket] Message Event Received in ahmetturku: [emote:37226:KEKW]
[LOG] 2026-06-02T15:19:08.598Z - [WebSocket] Message Event Received in ahmetturku: [emote:37226:KEKW]
[LOG] 2026-06-02T15:19:11.713Z - [WebSocket] Message Event Received in ahmetturku: Ay
[LOG] 2026-06-02T15:19:11.853Z - [WebSocket] Message Event Received in ahmetturku: [emote:37226:KEKW]
[LOG] 2026-06-02T15:19:12.018Z - [WebSocket] Message Event Received in ahmetturku: [emote:37226:KEKW]
[LOG] 2026-06-02T15:19:13.009Z - [WebSocket] Message Event Received in ahmetturku: BEDAVA  VERCEN SANIYOR AUAOSOQJWISKHS
[LOG] 2026-06-02T15:19:13.840Z - [WebSocket] Message Event Received in ahmetturku: [emote:37226:KEKW]
[LOG] 2026-06-02T15:19:13.872Z - [WebSocket] Message Event Received in eray: [emote:4148074:HYPERCLAP]
[LOG] 2026-06-02T15:19:14.408Z - [WebSocket] Message Event Received in ahmetturku: [emote:5565231:ahmetturkuhaha]
[LOG] 2026-06-02T15:19:14.604Z - [WebSocket] Message Event Received in ahmetturku: ulaş mı
[LOG] 2026-06-02T15:19:14.788Z - [WebSocket] Message Event Received in ahmetturku: SALİM ULAŞ DEDİ
[LOG] 2026-06-02T15:19:15.328Z - [WebSocket] Message Event Received in ahmetturku: [emote:5565231:ahmetturkuhaha]
[LOG] 2026-06-02T15:19:19.149Z - [WebSocket] Message Event Received in ahmetturku: [emote:37226:KEKW]
[LOG] 2026-06-02T15:19:19.397Z - [WebSocket] Message Event Received in ahmetturku: w alma işi bu
[LOG] 2026-06-02T15:19:21.379Z - [WebSocket] Message Event Received in minik: cano napıyon
[LOG] 2026-06-02T15:19:22.138Z - [WebSocket] Message Event Received in ahmetturku: [emote:37226:KEKW]
[LOG] 2026-06-02T15:19:24.364Z - [WebSocket] Message Event Received in ahmetturku: [emote:37226:KEKW]
[LOG] 2026-06-02T15:19:25.577Z - [WebSocket] Message Event Received in minik: i30
[LOG] 2026-06-02T15:19:26.472Z - [WebSocket] Message Event Received in ahmetturku: [emote:37226:KEKW]
[LOG] 2026-06-02T15:19:27.011Z - [WebSocket] Message Event Received in ahmetturku: ULAŞ DEDİ ONU DE
[LOG] 2026-06-02T15:19:27.108Z - [WebSocket] Message Event Received in ahmetturku: T
[LOG] 2026-06-02T15:19:27.288Z - [WebSocket] Message Event Received in ahmetturku: kardeşi mi şehmuzun bu
[LOG] 2026-06-02T15:19:27.645Z - [WebSocket] Message Event Received in eray: 19.45
[LOG] 2026-06-02T15:19:27.784Z - [WebSocket] Message Event Received in ahmetturku: [emote:37226:KEKW]
[LOG] 2026-06-02T15:19:27.824Z - [WebSocket] Message Event Received in eray: olum şehmusa kim silah vercek ya
[LOG] 2026-06-02T15:19:28.946Z - [WebSocket] Message Event Received in ahmetturku: ulaş?
[LOG] 2026-06-02T15:19:29.100Z - [WebSocket] Message Event Received in ahmetturku: [emote:37226:KEKW]
[LOG] 2026-06-02T15:19:30.148Z - [WebSocket] Message Event Received in ahmetturku: salim ulas ?
[LOG] 2026-06-02T15:19:30.343Z - [WebSocket] Message Event Received in ahmetturku: [emote:37226:KEKW]
[LOG] 2026-06-02T15:19:30.925Z - [WebSocket] Message Event Received in ahmetturku: [emote:37226:KEKW]
[LOG] 2026-06-02T15:19:30.948Z - [WebSocket] Message Event Received in ahmetturku: [emote:37226:KEKW]
[LOG] 2026-06-02T15:19:31.467Z - [WebSocket] Message Event Received in ahmetturku: kopyala yapıstır yapmıs amk
[LOG] 2026-06-02T15:19:31.848Z - [WebSocket] Message Event Received in minik: i30 ya da focux
[LOG] 2026-06-02T15:19:31.918Z - [WebSocket] Message Event Received in minik: [emote:37226:KEKW]
[LOG] 2026-06-02T15:19:32.529Z - [WebSocket] Message Event Received in minik: i30
[LOG] 2026-06-02T15:19:32.549Z - [WebSocket] Message Event Received in ahmetturku: ulas dedı aq sorsana
[LOG] 2026-06-02T15:19:32.774Z - [WebSocket] Message Event Received in ahmetturku: bilerek ulaş yapmış da Bekir dedi akrabalık vs yok öylesine açmış çark
[LOG] 2026-06-02T15:19:33.073Z - [WebSocket] Message Event Received in minik: kia ceed
[LOG] 2026-06-02T15:19:33.643Z - [WebSocket] Message Event Received in minik: [emote:1730776:emojiGoofy]
[LOG] 2026-06-02T15:19:33.835Z - [WebSocket] Message Event Received in minik: kia bu aq
[LOG] 2026-06-02T15:19:34.136Z - [WebSocket] Message Event Received in minik: i30
[LOG] 2026-06-02T15:19:34.379Z - [WebSocket] Message Event Received in ahmetturku: [emote:5565231:ahmetturkuhaha]
[LOG] 2026-06-02T15:19:34.396Z - [WebSocket] Message Event Received in minik: hemde nasıl fena
[LOG] 2026-06-02T15:19:34.476Z - [WebSocket] Message Event Received in ahmetturku: pd
[LOG] 2026-06-02T15:19:35.187Z - [WebSocket] Message Event Received in eray: SOHBET BOYUT DEGİSTİRİCİ KİM AMK
[LOG] 2026-06-02T15:19:35.574Z - [WebSocket] Message Event Received in minik: ne alaka la djdjdj
[LOG] 2026-06-02T15:19:36.122Z - [WebSocket] Message Event Received in ahmetturku: [emote:37226:KEKW]
[LOG] 2026-06-02T15:19:36.325Z - [WebSocket] Message Event Received in ahmetturku: [emote:37226:KEKW]
[LOG] 2026-06-02T15:19:36.399Z - [WebSocket] Message Event Received in ahmetturku: en cok sen izlencen baran tm
[LOG] 2026-06-02T15:19:36.519Z - [WebSocket] Message Event Received in ahmetturku: MEYBUZ ULAŞ AIKSMDOASD
[LOG] 2026-06-02T15:19:36.835Z - [WebSocket] Message Event Received in ahmetturku: dün tanıştılar zaten beyler
[LOG] 2026-06-02T15:19:36.957Z - [WebSocket] Message Event Received in minik: i30n
[LOG] 2026-06-02T15:19:37.693Z - [WebSocket] Message Event Received in minik: i20N
[LOG] 2026-06-02T15:19:38.312Z - [WebSocket] Message Event Received in ahmetturku: modern kurt mu bu
[LOG] 2026-06-02T15:19:39.221Z - [WebSocket] Message Event Received in eray: SA KIZ VAR MI
[LOG] 2026-06-02T15:19:39.572Z - [WebSocket] Message Event Received in minik: hyundai i30 amk
[LOG] 2026-06-02T15:19:41.073Z - [WebSocket] Message Event Received in minik: kia sportage o
[LOG] 2026-06-02T15:19:41.248Z - [WebSocket] Message Event Received in ahmetturku: [emote:37226:KEKW]
[LOG] 2026-06-02T15:19:43.811Z - [WebSocket] User banned in ahmetturku: {"id":"fe005a82-b0e4-4e35-836d-e67f005ed17f","user":{"id":42718479,"username":"erayinayaklari1","slug":"erayinayaklari1"},"banned_by":{"id":0,"username":"ErenTurku","slug":"erenturku"},"permanent":false,"duration":5,"expires_at":"2026-06-02T15:24:44+00:00"}
[LOG] 2026-06-02T15:19:43.816Z - [WebSocket] User banned in ahmetturku: {"id":"fe005a82-b0e4-4e35-836d-e67f005ed17f","user":{"id":42718479,"username":"erayinayaklari1","slug":"erayinayaklari1"},"banned_by":{"id":0,"username":"ErenTurku","slug":"erenturku"},"permanent":false,"duration":5,"expires_at":"2026-06-02T15:24:44+00:00"}
[LOG] 2026-06-02T15:19:43.861Z - [WebSocket] User banned in ahmetturku: {"id":"8165488d-6106-48b0-aa10-88306619ce06","user":{"id":42718479,"username":"erayinayaklari1","slug":"erayinayaklari1"},"banned_by":{"id":0,"username":"ErenTurku","slug":"erenturku"},"permanent":false,"duration":5,"expires_at":"2026-06-02T15:24:44+00:00"}
[LOG] 2026-06-02T15:19:43.865Z - [WebSocket] User banned in ahmetturku: {"id":"8165488d-6106-48b0-aa10-88306619ce06","user":{"id":42718479,"username":"erayinayaklari1","slug":"erayinayaklari1"},"banned_by":{"id":0,"username":"ErenTurku","slug":"erenturku"},"permanent":false,"duration":5,"expires_at":"2026-06-02T15:24:44+00:00"}
[LOG] 2026-06-02T15:19:44.951Z - [WebSocket] Message Event Received in ahmetturku: [emote:5565231:ahmetturkuhaha]
[LOG] 2026-06-02T15:19:45.312Z - [WebSocket] Message Event Received in minik: ön hyundai arka kia
[LOG] 2026-06-02T15:19:45.734Z - [WebSocket] Message Event Received in minik: Yok M5
[LOG] 2026-06-02T15:19:46.457Z - [WebSocket] Message Event Received in ahmetturku: [emote:37226:KEKW]
[LOG] 2026-06-02T15:19:47.077Z - [WebSocket] Message Event Received in ahmetturku: chatte aktifliğe göre galiba
[LOG] 2026-06-02T15:19:48.417Z - [WebSocket] Message Event Received in ahmetturku: kıyafette aynı amk
[LOG] 2026-06-02T15:19:48.420Z - [WebSocket] Message Event Received in minik: ceed amk
[LOG] 2026-06-02T15:19:48.555Z - [WebSocket] Message Event Received in minik: kia değil mi dayı
[LOG] 2026-06-02T15:19:49.431Z - [WebSocket] Message Event Received in ahmetturku: eray yakın olma işi
[LOG] 2026-06-02T15:19:51.172Z - [WebSocket] Message Event Received in ahmetturku: +1
[LOG] 2026-06-02T15:19:51.287Z - [WebSocket] Message Event Received in minik: dümdüz i20N
[LOG] 2026-06-02T15:19:51.825Z - [WebSocket] Message Event Received in ahmetturku: ahmetturku instagram account : https://www.instagram.com/ahmetturku0/
[LOG] 2026-06-02T15:19:52.377Z - [WebSocket] Message Event Received in minik: kia ceed mk
[LOG] 2026-06-02T15:19:52.840Z - [WebSocket] Message Event Received in ahmetturku: [emote:37226:KEKW]
[LOG] 2026-06-02T15:19:53.570Z - [WebSocket] Message Event Received in minik: silasko
[LOG] 2026-06-02T15:19:54.814Z - [WebSocket] Message Event Received in minik: la ne kiasi aq i30n
[LOG] 2026-06-02T15:19:57.294Z - [WebSocket] Message Event Received in ahmetturku: AS
[LOG] 2026-06-02T15:19:58.092Z - [WebSocket] Message Event Received in ahmetturku: [emote:37226:KEKW]
[LOG] 2026-06-02T15:19:58.162Z - [WebSocket] Message Event Received in minik: abisi mi kardesimi emin değilim sadece yayin basligindaki soy ad dan gördüğüm kadarini söyledim
[LOG] 2026-06-02T15:20:00.319Z - [WebSocket] Message Event Received in ahmetturku: [emote:37226:KEKW]
[LOG] 2026-06-02T15:20:00.701Z - [WebSocket] Message Event Received in ahmetturku: [emote:37226:KEKW]
[LOG] 2026-06-02T15:20:01.365Z - [WebSocket] User banned in ahmetturku: {"id":"3033f90c-1093-4c70-b5b7-9ee5630296cc","user":{"id":95719178,"username":"Mertocan1905","slug":"mertocan1905"},"banned_by":{"id":0,"username":"ErenTurku","slug":"erenturku"},"permanent":false,"duration":5,"expires_at":"2026-06-02T15:25:02+00:00"}
[LOG] 2026-06-02T15:20:01.370Z - [WebSocket] User banned in ahmetturku: {"id":"3033f90c-1093-4c70-b5b7-9ee5630296cc","user":{"id":95719178,"username":"Mertocan1905","slug":"mertocan1905"},"banned_by":{"id":0,"username":"ErenTurku","slug":"erenturku"},"permanent":false,"duration":5,"expires_at":"2026-06-02T15:25:02+00:00"}
[LOG] 2026-06-02T15:20:01.491Z - [WebSocket] User banned in ahmetturku: {"id":"3a010b62-2543-4b4a-adf3-7b62af1cdaf8","user":{"id":95719178,"username":"Mertocan1905","slug":"mertocan1905"},"banned_by":{"id":0,"username":"ErenTurku","slug":"erenturku"},"permanent":false,"duration":5,"expires_at":"2026-06-02T15:25:02+00:00"}
[LOG] 2026-06-02T15:20:01.495Z - [WebSocket] User banned in ahmetturku: {"id":"3a010b62-2543-4b4a-adf3-7b62af1cdaf8","user":{"id":95719178,"username":"Mertocan1905","slug":"mertocan1905"},"banned_by":{"id":0,"username":"ErenTurku","slug":"erenturku"},"permanent":false,"duration":5,"expires_at":"2026-06-02T15:25:02+00:00"}
[LOG] 2026-06-02T15:20:02.459Z - [WebSocket] Message Event Received in ahmetturku: adam izlenme icin sehmusun aynısını yapmıs
[LOG] 2026-06-02T15:20:02.702Z - [WebSocket] Message Event Received in ahmetturku: nerelisin diye sorsana
[LOG] 2026-06-02T15:20:03.063Z - [WebSocket] Message Event Received in ahmetturku: [emote:37226:KEKW]
[LOG] 2026-06-02T15:20:03.179Z - [WebSocket] Message Event Received in minik: sen bi tanede araba coz
[LOG] 2026-06-02T15:20:03.927Z - [WebSocket] Message Event Received in minik: kia ceed
[LOG] 2026-06-02T15:20:04.202Z - [WebSocket] Message Event Received in ahmetturku: [emote:37226:KEKW]
[LOG] 2026-06-02T15:20:05.056Z - [WebSocket] Message Event Received in ahmetturku: [emote:37226:KEKW]
[LOG] 2026-06-02T15:20:05.593Z - [WebSocket] Message Event Received in ahmetturku: [emote:37226:KEKW]
[LOG] 2026-06-02T15:20:05.812Z - [WebSocket] Message Event Received in ahmetturku: [emote:37226:KEKW]
[LOG] 2026-06-02T15:20:05.852Z - [WebSocket] Message Event Received in ahmetturku: [emote:37226:KEKW]
[LOG] 2026-06-02T15:20:06.229Z - [WebSocket] Message Event Received in minik: i30n de olabilir
[LOG] 2026-06-02T15:20:06.382Z - [WebSocket] Message Event Received in minik: kia abi bu
[LOG] 2026-06-02T15:20:06.424Z - [WebSocket] Message Event Received in minik: i30n
[LOG] 2026-06-02T15:20:07.331Z - [WebSocket] User banned in ahmetturku: {"id":"b65b0c1b-5a56-44f0-a5f9-5a8b500192b2","user":{"id":28267487,"username":"baro25","slug":"baro25"},"banned_by":{"id":0,"username":"ErenTurku","slug":"erenturku"},"permanent":false,"duration":5,"expires_at":"2026-06-02T15:25:08+00:00"}
[LOG] 2026-06-02T15:20:07.335Z - [WebSocket] User banned in ahmetturku: {"id":"b65b0c1b-5a56-44f0-a5f9-5a8b500192b2","user":{"id":28267487,"username":"baro25","slug":"baro25"},"banned_by":{"id":0,"username":"ErenTurku","slug":"erenturku"},"permanent":false,"duration":5,"expires_at":"2026-06-02T15:25:08+00:00"}
[LOG] 2026-06-02T15:20:07.469Z - [WebSocket] User banned in ahmetturku: {"id":"f2afb0ca-7dea-4c2e-902e-dbb550250175","user":{"id":28267487,"username":"baro25","slug":"baro25"},"banned_by":{"id":0,"username":"ErenTurku","slug":"erenturku"},"permanent":false,"duration":5,"expires_at":"2026-06-02T15:25:08+00:00"}
[LOG] 2026-06-02T15:20:07.474Z - [WebSocket] User banned in ahmetturku: {"id":"f2afb0ca-7dea-4c2e-902e-dbb550250175","user":{"id":28267487,"username":"baro25","slug":"baro25"},"banned_by":{"id":0,"username":"ErenTurku","slug":"erenturku"},"permanent":false,"duration":5,"expires_at":"2026-06-02T15:25:08+00:00"}
[LOG] 2026-06-02T15:20:07.825Z - [WebSocket] Message Event Received in minik: pek âlâ kuzenim
[LOG] 2026-06-02T15:20:07.859Z - [WebSocket] Message Event Received in minik: opel corsa aq
[LOG] 2026-06-02T15:20:08.124Z - [WebSocket] Message Event Received in minik: İkisine de benzemiyor
[LOG] 2026-06-02T15:20:08.412Z - [WebSocket] Message Event Received in eray: Bu chatte kız ne arasın
[LOG] 2026-06-02T15:20:08.475Z - [WebSocket] Message Event Received in ahmetturku: [emote:37226:KEKW]
[LOG] 2026-06-02T15:20:08.758Z - [WebSocket] Message Event Received in minik: i
[LOG] 2026-06-02T15:20:08.827Z - [WebSocket] Message Event Received in ahmetturku: [emote:37226:KEKW]
[LOG] 2026-06-02T15:20:09.882Z - [WebSocket] Message Event Received in ahmetturku: [emote:37225:KEKLEO]
[LOG] 2026-06-02T15:20:10.464Z - [WebSocket] Message Event Received in ahmetturku: [emote:5565231:ahmetturkuhaha]
[LOG] 2026-06-02T15:20:10.740Z - [WebSocket] Message Event Received in ahmetturku: [emote:5565231:ahmetturkuhaha]
[LOG] 2026-06-02T15:20:11.503Z - [WebSocket] Message Event Received in minik: kia ceed beyler araba sallamayın götten
[LOG] 2026-06-02T15:20:11.895Z - [WebSocket] Message Event Received in minik: i20n
[LOG] 2026-06-02T15:20:12.528Z - [WebSocket] Message Event Received in ahmetturku: [emote:37226:KEKW]
[LOG] 2026-06-02T15:20:12.771Z - [WebSocket] Message Event Received in minik: i20 nin stopları hiçm
[LOG] 2026-06-02T15:20:13.166Z - [WebSocket] Message Event Received in ahmetturku: [emote:37226:KEKW]
[LOG] 2026-06-02T15:20:13.419Z - [WebSocket] User banned in ahmetturku: {"id":"061bad76-a2eb-4a12-965f-b43e1bf95abd","user":{"id":26269296,"username":"stewartzz","slug":"stewartzz"},"banned_by":{"id":0,"username":"ErenTurku","slug":"erenturku"},"permanent":false,"duration":5,"expires_at":"2026-06-02T15:25:14+00:00"}
[LOG] 2026-06-02T15:20:13.421Z - [WebSocket] User banned in ahmetturku: {"id":"061bad76-a2eb-4a12-965f-b43e1bf95abd","user":{"id":26269296,"username":"stewartzz","slug":"stewartzz"},"banned_by":{"id":0,"username":"ErenTurku","slug":"erenturku"},"permanent":false,"duration":5,"expires_at":"2026-06-02T15:25:14+00:00"}
[LOG] 2026-06-02T15:20:14.456Z - [WebSocket] Message Event Received in ahmetturku: [emote:37226:KEKW]
[LOG] 2026-06-02T15:20:14.501Z - [WebSocket] Message Event Received in ahmetturku: [emote:37226:KEKW]
[LOG] 2026-06-02T15:20:14.507Z - [WebSocket] Message Event Received in ahmetturku: baran bu rpyi daha ne kadar devam ettirecek
[LOG] 2026-06-02T15:20:15.543Z - [WebSocket] Message Event Received in ahmetturku: [emote:37226:KEKW]
[LOG] 2026-06-02T15:20:16.385Z - [WebSocket] Message Event Received in minik: i30
[LOG] 2026-06-02T15:20:16.842Z - [WebSocket] Message Event Received in ahmetturku: [emote:37233:PogU]
[LOG] 2026-06-02T15:20:17.943Z - [WebSocket] Message Event Received in ahmetturku: [emote:37226:KEKW]
[LOG] 2026-06-02T15:20:18.029Z - [WebSocket] Message Event Received in ahmetturku: [emote:37226:KEKW]
[LOG] 2026-06-02T15:20:18.829Z - [WebSocket] User banned in ahmetturku: {"id":"0e58bc9e-3400-4d20-b7dd-82bb04916ce1","user":{"id":58748191,"username":"alo3nden","slug":"alo3nden"},"banned_by":{"id":0,"username":"ErenTurku","slug":"erenturku"},"permanent":false,"duration":5,"expires_at":"2026-06-02T15:25:19+00:00"}
[LOG] 2026-06-02T15:20:18.833Z - [WebSocket] Message Event Received in ahmetturku: [emote:37226:KEKW]
[LOG] 2026-06-02T15:20:18.833Z - [WebSocket] User banned in ahmetturku: {"id":"0e58bc9e-3400-4d20-b7dd-82bb04916ce1","user":{"id":58748191,"username":"alo3nden","slug":"alo3nden"},"banned_by":{"id":0,"username":"ErenTurku","slug":"erenturku"},"permanent":false,"duration":5,"expires_at":"2026-06-02T15:25:19+00:00"}
[LOG] 2026-06-02T15:20:19.597Z - [WebSocket] Message Event Received in ahmetturku: [emote:37226:KEKW]
[LOG] 2026-06-02T15:20:19.790Z - [WebSocket] Message Event Received in minik: 30
[LOG] 2026-06-02T15:20:20.236Z - [WebSocket] Message Event Received in minik: KİA CEED
[LOG] 2026-06-02T15:20:20.497Z - [WebSocket] Message Event Received in ahmetturku: [emote:37226:KEKW]
[LOG] 2026-06-02T15:20:20.527Z - [WebSocket] Message Event Received in ahmetturku: 500 dolarcık alt tarafı
[LOG] 2026-06-02T15:20:21.264Z - [WebSocket] Message Event Received in minik: İ30 NLİNE
[LOG] 2026-06-02T15:20:21.516Z - [WebSocket] Message Event Received in ahmetturku: [emote:37226:KEKW]
[LOG] 2026-06-02T15:20:22.805Z - [WebSocket] Message Event Received in ahmetturku: GFERGOPĞSERGJUVRDPGVOJHDTRNH KİTLEDİ YİNE
[LOG] 2026-06-02T15:20:23.975Z - [WebSocket] Message Event Received in ahmetturku: [emote:37226:KEKW]
[LOG] 2026-06-02T15:20:24.243Z - [WebSocket] Message Event Received in minik: [emote:37226:KEKW]
[LOG] 2026-06-02T15:20:24.418Z - [WebSocket] Message Event Received in ahmetturku: [emote:37226:KEKW]
[LOG] 2026-06-02T15:20:24.721Z - [WebSocket] Message Event Received in ahmetturku: [emote:37226:KEKW]
[LOG] 2026-06-02T15:20:24.832Z - [WebSocket] Message Event Received in minik: i30n
[LOG] 2026-06-02T15:20:25.550Z - [WebSocket] Message Event Received in ahmetturku: [emote:37226:KEKW]
[LOG] 2026-06-02T15:20:25.760Z - [WebSocket] Message Event Received in eray: [emote:1730753:emojiAngry]
[LOG] 2026-06-02T15:20:27.727Z - [WebSocket] Message Event Received in ahmetturku: [emote:37226:KEKW]
[LOG] 2026-06-02T15:20:29.047Z - [WebSocket] Message Event Received in ahmetturku: [emote:37226:KEKW]
[LOG] 2026-06-02T15:20:29.173Z - [WebSocket] Message Event Received in minik: i20 nin stopları hiçmi görmediniz aq
[LOG] 2026-06-02T15:20:29.344Z - [WebSocket] Message Event Received in ahmetturku: VER VER
[LOG] 2026-06-02T15:20:29.465Z - [WebSocket] Message Event Received in ahmetturku: [emote:37226:KEKW]
[LOG] 2026-06-02T15:20:29.944Z - [WebSocket] Message Event Received in minik: stabil şuan ya
[LOG] 2026-06-02T15:20:30.188Z - [WebSocket] Message Event Received in ahmetturku: [emote:37226:KEKW]
[LOG] 2026-06-02T15:20:30.549Z - [WebSocket] Message Event Received in ahmetturku: 400 al git hadi
[LOG] 2026-06-02T15:20:31.348Z - [WebSocket] Message Event Received in ahmetturku: [emote:37226:KEKW]
[LOG] 2026-06-02T15:20:31.755Z - [WebSocket] User banned in ahmetturku: {"id":"d3795188-2ead-482e-b6d1-9520611f040c","user":{"id":66750047,"username":"sRAPHA","slug":"srapha"},"banned_by":{"id":0,"username":"ErenTurku","slug":"erenturku"},"permanent":false,"duration":5,"expires_at":"2026-06-02T15:25:32+00:00"}
[LOG] 2026-06-02T15:20:31.759Z - [WebSocket] User banned in ahmetturku: {"id":"d3795188-2ead-482e-b6d1-9520611f040c","user":{"id":66750047,"username":"sRAPHA","slug":"srapha"},"banned_by":{"id":0,"username":"ErenTurku","slug":"erenturku"},"permanent":false,"duration":5,"expires_at":"2026-06-02T15:25:32+00:00"}
[LOG] 2026-06-02T15:20:31.869Z - [WebSocket] User banned in ahmetturku: {"id":"dc4abab9-6eee-419d-81cd-6d1068f6b43f","user":{"id":66750047,"username":"sRAPHA","slug":"srapha"},"banned_by":{"id":0,"username":"ErenTurku","slug":"erenturku"},"permanent":false,"duration":5,"expires_at":"2026-06-02T15:25:32+00:00"}
[LOG] 2026-06-02T15:20:31.872Z - [WebSocket] User banned in ahmetturku: {"id":"dc4abab9-6eee-419d-81cd-6d1068f6b43f","user":{"id":66750047,"username":"sRAPHA","slug":"srapha"},"banned_by":{"id":0,"username":"ErenTurku","slug":"erenturku"},"permanent":false,"duration":5,"expires_at":"2026-06-02T15:25:32+00:00"}
[LOG] 2026-06-02T15:20:34.407Z - [WebSocket] Message Event Received in ahmetturku: hediye et
[LOG] 2026-06-02T15:20:35.175Z - [WebSocket] Message Event Received in minik: [emote:37226:KEKW]
[LOG] 2026-06-02T15:20:35.444Z - [WebSocket] Message Event Received in minik: [emote:37226:KEKW]
[LOG] 2026-06-02T15:20:37.015Z - [WebSocket] Message Event Received in ahmetturku: al kendini git kardeşim parasız adamla işimiz yok
[LOG] 2026-06-02T15:20:38.039Z - [WebSocket] Message Event Received in minik: KIA AMK
[LOG] 2026-06-02T15:20:38.155Z - [WebSocket] Message Event Received in minik: hocam gözlere bi baktır
[LOG] 2026-06-02T15:20:39.352Z - [WebSocket] Message Event Received in minik: [emote:37226:KEKW]
[LOG] 2026-06-02T15:20:39.508Z - [WebSocket] Message Event Received in minik: kız doğru söyledi
[LOG] 2026-06-02T15:20:39.946Z - [WebSocket] Message Event Received in ahmetturku: [emote:37226:KEKW]
[LOG] 2026-06-02T15:20:40.499Z - [WebSocket] Message Event Received in minik: [emote:37226:KEKW]
[LOG] 2026-06-02T15:20:40.542Z - [WebSocket] Message Event Received in ahmetturku: [emote:37226:KEKW]
[LOG] 2026-06-02T15:20:40.571Z - [WebSocket] Message Event Received in ahmetturku: [emote:37226:KEKW]
[LOG] 2026-06-02T15:20:42.805Z - [WebSocket] Message Event Received in minik: KİA CEED
[LOG] 2026-06-02T15:20:42.982Z - [WebSocket] Message Event Received in minik: [emote:37226:KEKW]
[LOG] 2026-06-02T15:20:43.008Z - [WebSocket] Message Event Received in ahmetturku: [emote:37226:KEKW]
[LOG] 2026-06-02T15:20:43.187Z - [WebSocket] Message Event Received in eray: ğ
[LOG] 2026-06-02T15:20:43.635Z - [WebSocket] Message Event Received in minik: [emote:37226:KEKW]
[LOG] 2026-06-02T15:20:43.739Z - [WebSocket] Message Event Received in ahmetturku: [emote:37226:KEKW]
[LOG] 2026-06-02T15:20:43.852Z - [WebSocket] Message Event Received in ahmetturku: [emote:37226:KEKW]
[LOG] 2026-06-02T15:20:44.028Z - [WebSocket] Message Event Received in minik: halatı bırak bencr
[LOG] 2026-06-02T15:20:44.218Z - [WebSocket] Message Event Received in minik: Benim araç i20 alakası yok i20 ile bunun
[LOG] 2026-06-02T15:20:44.236Z - [WebSocket] Message Event Received in ahmetturku: [emote:37226:KEKW]
[LOG] 2026-06-02T15:20:44.441Z - [WebSocket] Message Event Received in ahmetturku: [emote:37226:KEKW]
[LOG] 2026-06-02T15:20:44.753Z - [WebSocket] Message Event Received in ahmetturku: [emote:37226:KEKW]
[LOG] 2026-06-02T15:20:45.162Z - [WebSocket] Message Event Received in ahmetturku: [emote:37226:KEKW]
[LOG] 2026-06-02T15:20:45.637Z - [WebSocket] Message Event Received in ahmetturku: [emote:37226:KEKW]
[LOG] 2026-06-02T15:20:45.728Z - [WebSocket] Message Event Received in ahmetturku: [emote:37226:KEKW]
[LOG] 2026-06-02T15:20:45.784Z - [WebSocket] Message Event Received in ahmetturku: [emote:37226:KEKW]
[LOG] 2026-06-02T15:20:45.789Z - [WebSocket] Message Event Received in ahmetturku: [emote:37226:KEKW]
[LOG] 2026-06-02T15:20:45.824Z - [WebSocket] Message Event Received in ahmetturku: [emote:37226:KEKW]
[LOG] 2026-06-02T15:20:45.875Z - [WebSocket] Message Event Received in ahmetturku: [emote:37226:KEKW]
[LOG] 2026-06-02T15:20:45.923Z - [WebSocket] Message Event Received in ahmetturku: [emote:37226:KEKW]
[LOG] 2026-06-02T15:20:46.109Z - [WebSocket] Message Event Received in minik: ipi bırak minik
[LOG] 2026-06-02T15:20:47.876Z - [WebSocket] Message Event Received in ahmetturku: [emote:37226:KEKW]
[LOG] 2026-06-02T15:20:48.257Z - [WebSocket] Message Event Received in minik: i30n
[LOG] 2026-06-02T15:20:48.734Z - [WebSocket] Message Event Received in ahmetturku: KSJAKSQLSLQŞSĞQĞSOQKLWS
[LOG] 2026-06-02T15:20:48.916Z - [WebSocket] Message Event Received in ahmetturku: ver ver
[LOG] 2026-06-02T15:20:49.164Z - [WebSocket] Message Event Received in minik: KIA
[LOG] 2026-06-02T15:20:49.822Z - [WebSocket] Message Event Received in ahmetturku: [emote:37226:KEKW]
[LOG] 2026-06-02T15:20:49.994Z - [WebSocket] Message Event Received in minik: ip bıraksana
[LOG] 2026-06-02T15:20:50.599Z - [WebSocket] Message Event Received in ahmetturku: [emote:37226:KEKW]
[LOG] 2026-06-02T15:20:50.885Z - [WebSocket] Message Event Received in ahmetturku: [emote:37226:KEKW]
[LOG] 2026-06-02T15:20:52.217Z - [WebSocket] Message Event Received in ahmetturku: [emote:37226:KEKW]
[LOG] 2026-06-02T15:20:52.260Z - [WebSocket] Message Event Received in minik: k
[LOG] 2026-06-02T15:20:54.002Z - [WebSocket] Message Event Received in eray: lannnn ata ölmüğşş ck
[LOG] 2026-06-02T15:20:54.135Z - [WebSocket] Message Event Received in ahmetturku: beleş ver
[LOG] 2026-06-02T15:20:54.398Z - [WebSocket] User banned in ahmetturku: {"id":"964e2102-4505-49e0-87fe-f50cf6566559","user":{"id":28492852,"username":"koray5446","slug":"koray5446"},"banned_by":{"id":0,"username":"ErenTurku","slug":"erenturku"},"permanent":false,"duration":5,"expires_at":"2026-06-02T15:25:55+00:00"}
[LOG] 2026-06-02T15:20:54.401Z - [WebSocket] User banned in ahmetturku: {"id":"964e2102-4505-49e0-87fe-f50cf6566559","user":{"id":28492852,"username":"koray5446","slug":"koray5446"},"banned_by":{"id":0,"username":"ErenTurku","slug":"erenturku"},"permanent":false,"duration":5,"expires_at":"2026-06-02T15:25:55+00:00"}
[LOG] 2026-06-02T15:20:54.613Z - [WebSocket] Message Event Received in ahmetturku: hediye et be
[LOG] 2026-06-02T15:20:54.637Z - [WebSocket] Message Event Received in minik: ipi bırak @minik
[LOG] 2026-06-02T15:20:54.760Z - [WebSocket] Message Event Received in ahmetturku: GFASDGAdgfADGDADAGSGGASDSG
[LOG] 2026-06-02T15:20:56.064Z - [WebSocket] Message Event Received in ahmetturku: [emote:37226:KEKW]
[LOG] 2026-06-02T15:20:56.237Z - [WebSocket] Message Event Received in minik: seviyorumseni
[LOG] 2026-06-02T15:20:57.599Z - [WebSocket] Message Event Received in ahmetturku: beleş ver gitsin
[LOG] 2026-06-02T15:20:58.039Z - [WebSocket] Message Event Received in minik: [emote:37226:KEKW]
[LOG] 2026-06-02T15:20:58.176Z - [WebSocket] Message Event Received in minik: ip
[LOG] 2026-06-02T15:20:58.829Z - [WebSocket] Message Event Received in minik: [emote:37226:KEKW]
[LOG] 2026-06-02T15:20:58.994Z - [WebSocket] Message Event Received in ahmetturku: [emote:37226:KEKW]
[LOG] 2026-06-02T15:20:59.136Z - [WebSocket] Message Event Received in minik: [emote:37226:KEKW]
[LOG] 2026-06-02T15:21:00.247Z - [WebSocket] Message Event Received in ahmetturku: [emote:5565231:ahmetturkuhaha]
[LOG] 2026-06-02T15:21:01.252Z - [WebSocket] Message Event Received in ahmetturku: [emote:37226:KEKW]
[LOG] 2026-06-02T15:21:01.673Z - [WebSocket] Message Event Received in minik: [emote:37226:KEKW]
[LOG] 2026-06-02T15:21:01.935Z - [WebSocket] Message Event Received in minik: [emote:37226:KEKW]
[LOG] 2026-06-02T15:21:04.188Z - [WebSocket] Message Event Received in ahmetturku: e varmış
[LOG] 2026-06-02T15:21:06.413Z - [WebSocket] Message Event Received in ahmetturku: [emote:37226:KEKW]
[LOG] 2026-06-02T15:21:07.034Z - [WebSocket] Message Event Received in minik: -_-
[LOG] 2026-06-02T15:21:07.617Z - [WebSocket] Message Event Received in minik: [emote:37226:KEKW]
[LOG] 2026-06-02T15:21:08.438Z - [WebSocket] Message Event Received in ahmetturku: [emote:37226:KEKW]
[LOG] 2026-06-02T15:21:08.477Z - [WebSocket] Message Event Received in minik: ben i20 diyenlere dedim
[LOG] 2026-06-02T15:21:10.411Z - [WebSocket] Message Event Received in eray: bu sevıyenin olayı ne beyelr
[LOG] 2026-06-02T15:21:10.723Z - [WebSocket] Message Event Received in minik: yok şafak sezere dönmüşssün minik
[LOG] 2026-06-02T15:21:10.759Z - [WebSocket] Message Event Received in minik: Sol baya siş
[LOG] 2026-06-02T15:21:10.900Z - [WebSocket] Message Event Received in minik: X TE BİRİ ŞAFAK SEZERE BENZETMİŞ SENİ
[LOG] 2026-06-02T15:21:11.272Z - [WebSocket] Message Event Received in ahmetturku: [emote:37226:KEKW]
[LOG] 2026-06-02T15:21:11.516Z - [WebSocket] Message Event Received in ahmetturku: [emote:37226:KEKW]
[LOG] 2026-06-02T15:21:11.793Z - [WebSocket] Message Event Received in ahmetturku: [emote:37226:KEKW]
[LOG] 2026-06-02T15:21:12.288Z - [WebSocket] Message Event Received in minik: [emote:37226:KEKW]
[LOG] 2026-06-02T15:21:13.042Z - [WebSocket] Message Event Received in minik: piç araba bu neyden çıkmış belli deği
[LOG] 2026-06-02T15:21:13.569Z - [WebSocket] Message Event Received in ahmetturku: [emote:39277:politeCat]
[LOG] 2026-06-02T15:21:14.192Z - [WebSocket] Message Event Received in minik: @lmmami06
[LOG] 2026-06-02T15:21:14.276Z - [WebSocket] Message Event Received in minik: Ya Emin sikecem ha çık şu akademiden 2-3 gün kas artık nolur
[LOG] 2026-06-02T15:21:14.430Z - [WebSocket] Message Event Received in ahmetturku: [emote:37226:KEKW]
[LOG] 2026-06-02T15:21:15.908Z - [WebSocket] Message Event Received in ahmetturku: [emote:37226:KEKW]
[LOG] 2026-06-02T15:21:17.039Z - [WebSocket] Message Event Received in ahmetturku: [emote:37226:KEKW]
[LOG] 2026-06-02T15:21:17.237Z - [WebSocket] Message Event Received in ahmetturku: adam tüm şehri sikiyo ya şfwkğfwğdjf
[LOG] 2026-06-02T15:21:18.399Z - [WebSocket] Message Event Received in ahmetturku: [emote:37226:KEKW]
[LOG] 2026-06-02T15:21:20.768Z - [WebSocket] Message Event Received in ahmetturku: [emote:37226:KEKW]
[LOG] 2026-06-02T15:21:21.800Z - [WebSocket] Message Event Received in ahmetturku: [emote:4148081:Sadge]
[LOG] 2026-06-02T15:21:22.177Z - [WebSocket] Message Event Received in ahmetturku: [emote:37226:KEKW]
[LOG] 2026-06-02T15:21:27.506Z - [WebSocket] Message Event Received in ahmetturku: [emote:37226:KEKW]
[LOG] 2026-06-02T15:21:28.907Z - [WebSocket] Message Event Received in ahmetturku: [emote:37226:KEKW]
[LOG] 2026-06-02T15:21:29.278Z - [WebSocket] Message Event Received in eray: günaydın amk dun kızla yemeye gitim ata ölmüss
[LOG] 2026-06-02T15:21:30.411Z - [WebSocket] Message Event Received in ahmetturku: sen su ic
[LOG] 2026-06-02T15:21:31.840Z - [WebSocket] Message Event Received in minik: abi bi an to atıyodum son anda durdum
[LOG] 2026-06-02T15:21:32.780Z - [WebSocket] Message Event Received in ahmetturku: [emote:37226:KEKW]
[LOG] 2026-06-02T15:21:32.829Z - [WebSocket] Message Event Received in minik: @minik
[LOG] 2026-06-02T15:21:34.311Z - [WebSocket] Message Event Received in ahmetturku: sen içeydin keşke
[LOG] 2026-06-02T15:21:35.177Z - [WebSocket] Message Event Received in eray: büyük patrondan rol paslanır bırıne
[LOG] 2026-06-02T15:21:35.577Z - [WebSocket] Message Event Received in ahmetturku: sg tamam
[LOG] 2026-06-02T15:21:37.411Z - [WebSocket] Message Event Received in ahmetturku: bayilcan
[LOG] 2026-06-02T15:21:37.975Z - [WebSocket] Message Event Received in ahmetturku: [emote:37226:KEKW]
[LOG] 2026-06-02T15:21:38.400Z - [WebSocket] Message Event Received in ahmetturku: İYİLİK YAP BUNA ŞEHMUSUN KARDEŞİ BU
[LOG] 2026-06-02T15:21:39.057Z - [WebSocket] Message Event Received in minik: IALYVRSEGIPYAVHWERPIŞGYV
[LOG] 2026-06-02T15:21:39.651Z - [WebSocket] Message Event Received in minik: kombin değişikliği lütfen
[LOG] 2026-06-02T15:21:40.558Z - [WebSocket] Message Event Received in ahmetturku: [emote:37226:KEKW]
[LOG] 2026-06-02T15:21:40.566Z - [WebSocket] Message Event Received in minik: yorgun musun minik
[LOG] 2026-06-02T15:21:40.596Z - [WebSocket] Message Event Received in eray: sa
[LOG] 2026-06-02T15:21:40.635Z - [WebSocket] User banned in ahmetturku: {"id":"4b927221-1706-41a6-9d85-5ec1c548c3e0","user":{"id":104296390,"username":"VaXii791","slug":"vaxii791"},"banned_by":{"id":0,"username":"ErenTurku","slug":"erenturku"},"permanent":false,"duration":5,"expires_at":"2026-06-02T15:26:41+00:00"}
[LOG] 2026-06-02T15:21:40.637Z - [WebSocket] User banned in ahmetturku: {"id":"4b927221-1706-41a6-9d85-5ec1c548c3e0","user":{"id":104296390,"username":"VaXii791","slug":"vaxii791"},"banned_by":{"id":0,"username":"ErenTurku","slug":"erenturku"},"permanent":false,"duration":5,"expires_at":"2026-06-02T15:26:41+00:00"}
[LOG] 2026-06-02T15:21:40.744Z - [WebSocket] Message Event Received in minik: 72
[LOG] 2026-06-02T15:21:41.115Z - [WebSocket] User banned in ahmetturku: {"id":"b40a8f6f-56fb-4dce-8adb-fee90db9922d","user":{"id":104296390,"username":"VaXii791","slug":"vaxii791"},"banned_by":{"id":0,"username":"ErenTurku","slug":"erenturku"},"permanent":false,"duration":5,"expires_at":"2026-06-02T15:26:41+00:00"}
[LOG] 2026-06-02T15:21:41.117Z - [WebSocket] User banned in ahmetturku: {"id":"b40a8f6f-56fb-4dce-8adb-fee90db9922d","user":{"id":104296390,"username":"VaXii791","slug":"vaxii791"},"banned_by":{"id":0,"username":"ErenTurku","slug":"erenturku"},"permanent":false,"duration":5,"expires_at":"2026-06-02T15:26:41+00:00"}
[LOG] 2026-06-02T15:21:41.179Z - [WebSocket] Message Event Received in ahmetturku: Araba tamiri 250 oluyo
[LOG] 2026-06-02T15:21:42.077Z - [WebSocket] Message Event Received in ahmetturku: [emote:3753119:asmonSmash]
[LOG] 2026-06-02T15:21:43.232Z - [WebSocket] Message Event Received in ahmetturku: [emote:37226:KEKW]
[LOG] 2026-06-02T15:21:45.198Z - [WebSocket] Message Event Received in ahmetturku: [emote:37226:KEKW]
[LOG] 2026-06-02T15:21:45.768Z - [WebSocket] Message Event Received in ahmetturku: [emote:37225:KEKLEO]
[LOG] 2026-06-02T15:21:46.249Z - [WebSocket] Message Event Received in ahmetturku: [emote:37226:KEKW]
[LOG] 2026-06-02T15:21:46.407Z - [WebSocket] Message Event Received in ahmetturku: [emote:37226:KEKW]
[LOG] 2026-06-02T15:21:46.573Z - [WebSocket] Message Event Received in ahmetturku: [emote:5565231:ahmetturkuhaha]
[LOG] 2026-06-02T15:21:46.665Z - [WebSocket] Message Event Received in ahmetturku: [emote:2462703:erayW]
[LOG] 2026-06-02T15:21:47.060Z - [WebSocket] Message Event Received in ahmetturku: [emote:37226:KEKW]
[LOG] 2026-06-02T15:21:48.214Z - [WebSocket] Message Event Received in ahmetturku: [emote:37226:KEKW]
[LOG] 2026-06-02T15:21:48.401Z - [WebSocket] Message Event Received in ahmetturku: [emote:37226:KEKW]
[LOG] 2026-06-02T15:21:48.648Z - [WebSocket] Message Event Received in ahmetturku: dün sordular tanımıyorum alakam yok dedi
[LOG] 2026-06-02T15:21:48.861Z - [WebSocket] Message Event Received in ahmetturku: [emote:37226:KEKW]
[LOG] 2026-06-02T15:21:49.240Z - [WebSocket] Message Event Received in ahmetturku: [emote:37226:KEKW]
[LOG] 2026-06-02T15:21:49.393Z - [WebSocket] Message Event Received in ahmetturku: [emote:37226:KEKW]
[LOG] 2026-06-02T15:21:49.483Z - [WebSocket] Message Event Received in ahmetturku: [emote:37226:KEKW]
[LOG] 2026-06-02T15:21:49.498Z - [WebSocket] Message Event Received in ahmetturku: [emote:37226:KEKW]
[LOG] 2026-06-02T15:21:49.527Z - [WebSocket] Message Event Received in ahmetturku: [emote:37226:KEKW]
[LOG] 2026-06-02T15:21:49.967Z - [WebSocket] Message Event Received in minik: [emote:5003485:minikdans]
[LOG] 2026-06-02T15:21:49.972Z - [WebSocket] Message Event Received in ahmetturku: [emote:37226:KEKW]
[LOG] 2026-06-02T15:21:50.023Z - [WebSocket] Message Event Received in ahmetturku: BORAN DEĞİLMİ BU
[LOG] 2026-06-02T15:21:50.718Z - [WebSocket] Message Event Received in ahmetturku: [emote:37226:KEKW]
[LOG] 2026-06-02T15:21:51.484Z - [WebSocket] Message Event Received in minik: O değilmi aw
[LOG] 2026-06-02T15:21:51.525Z - [WebSocket] Message Event Received in ahmetturku: [emote:37226:KEKW]
[LOG] 2026-06-02T15:21:51.546Z - [WebSocket] Message Event Received in minik: cansın
[LOG] 2026-06-02T15:21:51.652Z - [WebSocket] Message Event Received in ahmetturku: [emote:37226:KEKW]
[LOG] 2026-06-02T15:21:51.718Z - [WebSocket] Message Event Received in ahmetturku: [emote:37226:KEKW]
[LOG] 2026-06-02T15:21:52.113Z - [WebSocket] Message Event Received in ahmetturku: [emote:37226:KEKW]
[LOG] 2026-06-02T15:21:52.703Z - [WebSocket] Message Event Received in ahmetturku: [emote:37226:KEKW]
[LOG] 2026-06-02T15:21:52.778Z - [WebSocket] Message Event Received in ahmetturku: [emote:37226:KEKW]
[LOG] 2026-06-02T15:21:53.096Z - [WebSocket] Message Event Received in minik: yok gürkandayız iyiyiz
[LOG] 2026-06-02T15:21:53.284Z - [WebSocket] Message Event Received in ahmetturku: [emote:37226:KEKW]
[LOG] 2026-06-02T15:21:53.688Z - [WebSocket] Message Event Received in ahmetturku: [emote:37226:KEKW]
[LOG] 2026-06-02T15:21:54.261Z - [WebSocket] Message Event Received in ahmetturku: [emote:37226:KEKW]
[LOG] 2026-06-02T15:21:56.015Z - [WebSocket] Message Event Received in ahmetturku: [emote:37226:KEKW]
[LOG] 2026-06-02T15:21:56.015Z - [WebSocket] Message Event Received in minik: öfke yemi
[LOG] 2026-06-02T15:21:56.203Z - [WebSocket] Message Event Received in ahmetturku: [emote:37226:KEKW]
[LOG] 2026-06-02T15:21:56.584Z - [WebSocket] Message Event Received in ahmetturku: [emote:37226:KEKW]
[LOG] 2026-06-02T15:21:57.688Z - [WebSocket] Message Event Received in minik: hb reisim
[LOG] 2026-06-02T15:21:58.487Z - [WebSocket] Message Event Received in ahmetturku: yaşar bunu adam etsin  ddrpde pişsin öyle gelsin
[LOG] 2026-06-02T15:21:58.872Z - [WebSocket] Message Event Received in ahmetturku: [emote:37226:KEKW]
[LOG] 2026-06-02T15:22:00.443Z - [WebSocket] Message Event Received in minik: s
[LOG] 2026-06-02T15:22:01.435Z - [WebSocket] Message Event Received in minik: evet
[LOG] 2026-06-02T15:22:02.104Z - [WebSocket] Message Event Received in ahmetturku: [emote:37226:KEKW]
[LOG] 2026-06-02T15:22:02.882Z - [WebSocket] Message Event Received in minik: evet
[LOG] 2026-06-02T15:22:03.419Z - [WebSocket] Message Event Received in minik: hg
[LOG] 2026-06-02T15:22:03.971Z - [WebSocket] Message Event Received in ahmetturku: [emote:37226:KEKW]
[LOG] 2026-06-02T15:22:04.304Z - [WebSocket] Message Event Received in minik: evet
[LOG] 2026-06-02T15:22:06.557Z - [WebSocket] Message Event Received in minik: yok solo cadet olman lazım
[LOG] 2026-06-02T15:22:08.164Z - [WebSocket] Message Event Received in minik: SEVİYE MUHABBETİ NE LA
[LOG] 2026-06-02T15:22:08.213Z - [WebSocket] Message Event Received in minik: [emote:5537251:glentissgul]
[LOG] 2026-06-02T15:22:08.919Z - [WebSocket] Message Event Received in ahmetturku: [emote:1730765:emojiCute]
[LOG] 2026-06-02T15:22:08.932Z - [WebSocket] Message Event Received in ahmetturku: [emote:37226:KEKW]
[LOG] 2026-06-02T15:22:09.446Z - [WebSocket] Message Event Received in ahmetturku: [emote:37226:KEKW]
[LOG] 2026-06-02T15:22:09.976Z - [WebSocket] Message Event Received in minik: gürkan daha zevkli boşver
[LOG] 2026-06-02T15:22:10.925Z - [WebSocket] Message Event Received in minik: bıcaksım
[LOG] 2026-06-02T15:22:11.232Z - [WebSocket] Message Event Received in ahmetturku: abi ver ver
[LOG] 2026-06-02T15:22:12.873Z - [WebSocket] Message Event Received in ahmetturku: 500 yanlış bilmiyosam
[LOG] 2026-06-02T15:22:14.571Z - [WebSocket] Message Event Received in ahmetturku: [emote:37226:KEKW]
[LOG] 2026-06-02T15:22:14.624Z - [WebSocket] Message Event Received in ahmetturku: [emote:37226:KEKW]
[LOG] 2026-06-02T15:22:14.761Z - [WebSocket] Message Event Received in minik: ilk caddet oluyon
[LOG] 2026-06-02T15:22:14.844Z - [WebSocket] Message Event Received in minik: cadet oluyon tek atamıyosun solo olunca
[LOG] 2026-06-02T15:22:16.163Z - [WebSocket] Message Event Received in minik: amına koyarım bu seviye niye artmıyo
[LOG] 2026-06-02T15:22:17.112Z - [WebSocket] Message Event Received in eray: aga beeeeeeee hihiiihhiihhi diyen çocuk ağlatıı
[LOG] 2026-06-02T15:22:17.730Z - [WebSocket] Message Event Received in minik: çıakrın su adamı akademiden
[LOG] 2026-06-02T15:22:18.403Z - [WebSocket] Message Event Received in minik: Sen tek çımazsın
[LOG] 2026-06-02T15:22:19.106Z - [WebSocket] Message Event Received in minik: cadet oluyorsun memurla atabiliyorsun devriye @Minik
[LOG] 2026-06-02T15:22:19.640Z - [WebSocket] Message Event Received in minik: EVET AKADEMİDEN ÇIKINCA FTO YA GEREK YOK
[LOG] 2026-06-02T15:22:20.026Z - [WebSocket] Message Event Received in ahmetturku: abi ver yaaa
[LOG] 2026-06-02T15:22:22.733Z - [WebSocket] Message Event Received in ahmetturku: [emote:37226:KEKW]
[LOG] 2026-06-02T15:22:24.881Z - [WebSocket] Message Event Received in ahmetturku: [emote:37226:KEKW]
[LOG] 2026-06-02T15:22:26.803Z - [WebSocket] Message Event Received in ahmetturku: [emote:37226:KEKW]
[LOG] 2026-06-02T15:22:29.969Z - [WebSocket] Message Event Received in ahmetturku: [emote:37226:KEKW]
[LOG] 2026-06-02T15:22:30.092Z - [WebSocket] Message Event Received in ahmetturku: abi yardım et nolcak ver
[LOG] 2026-06-02T15:22:30.210Z - [WebSocket] Message Event Received in ahmetturku: [emote:37226:KEKW]
[LOG] 2026-06-02T15:22:30.373Z - [WebSocket] Message Event Received in minik: Bende anlamiyom arabadan (:
[LOG] 2026-06-02T15:22:31.260Z - [WebSocket] Message Event Received in minik: SERKAN PURNA GELSİN YA
[LOG] 2026-06-02T15:22:31.565Z - [WebSocket] Message Event Received in ahmetturku: [emote:5611238:ahmetturkudayii]
[LOG] 2026-06-02T15:22:32.433Z - [WebSocket] Message Event Received in ahmetturku: [emote:37226:KEKW]
[LOG] 2026-06-02T15:22:32.463Z - [WebSocket] Message Event Received in ahmetturku: [emote:37226:KEKW]
[LOG] 2026-06-02T15:22:34.833Z - [WebSocket] Message Event Received in minik: ETW
[LOG] 2026-06-02T15:22:34.854Z - [WebSocket] Message Event Received in minik: !wiki
[LOG] 2026-06-02T15:22:35.076Z - [WebSocket] Message Event Received in ahmetturku: [emote:37226:KEKW]
[LOG] 2026-06-02T15:22:35.292Z - [WebSocket] Message Event Received in minik: Gürkan Yerebakan: https://wiki.knglrp.com/karakter/56b71f2957
[LOG] 2026-06-02T15:22:35.596Z - [WebSocket] Message Event Received in eray: Eray bu gün ekip oyunu oynar mı ?
[LOG] 2026-06-02T15:22:35.875Z - [WebSocket] Message Event Received in minik: la yazdım ya boomer 72
[LOG] 2026-06-02T15:22:36.149Z - [WebSocket] Message Event Received in ahmetturku: [emote:37226:KEKW]
[LOG] 2026-06-02T15:22:37.089Z - [WebSocket] Message Event Received in minik: Sen tek yapamazsın telzis vermek zorundasın
[LOG] 2026-06-02T15:22:37.356Z - [WebSocket] Message Event Received in minik: Pd ozm
[LOG] 2026-06-02T15:22:37.376Z - [WebSocket] Message Event Received in ahmetturku: [emote:37226:KEKW]
[LOG] 2026-06-02T15:22:37.608Z - [WebSocket] Message Event Received in minik: cadet ken atabilion canberk ile atıoz biz o yüzden
[LOG] 2026-06-02T15:22:38.961Z - [WebSocket] Message Event Received in ahmetturku: [emote:37226:KEKW]
[LOG] 2026-06-02T15:22:39.605Z - [WebSocket] Message Event Received in eray: [emote:37240:WeirdChamp]
[LOG] 2026-06-02T15:22:39.942Z - [WebSocket] Message Event Received in ahmetturku: şehmusun kardeşi mi bu
[LOG] 2026-06-02T15:22:40.372Z - [WebSocket] Message Event Received in ahmetturku: [emote:37226:KEKW]
[LOG] 2026-06-02T15:22:40.866Z - [WebSocket] Message Event Received in ahmetturku: [emote:37226:KEKW]
[LOG] 2026-06-02T15:22:45.175Z - [WebSocket] Message Event Received in ahmetturku: [emote:37226:KEKW]
[LOG] 2026-06-02T15:22:46.074Z - [WebSocket] Message Event Received in minik: evet
[LOG] 2026-06-02T15:22:46.090Z - [WebSocket] Message Event Received in ahmetturku: [emote:37226:KEKW]
[LOG] 2026-06-02T15:22:52.259Z - [WebSocket] Message Event Received in ahmetturku: [emote:37226:KEKW]
[LOG] 2026-06-02T15:22:52.849Z - [WebSocket] Message Event Received in minik: solo cadet olunca hata hıc yanına gelmıcekler sonrada memur dıye bılıom
[LOG] 2026-06-02T15:22:53.331Z - [WebSocket] Message Event Received in minik: 1 hafta lan çok değil
[LOG] 2026-06-02T15:22:53.353Z - [WebSocket] Message Event Received in minik: herşeyi yanlıs veriyo
[LOG] 2026-06-02T15:22:53.372Z - [WebSocket] Message Event Received in ahmetturku: hediye et laaaaaaaaaaaaaaaaaaaaaaaa
[LOG] 2026-06-02T15:22:53.445Z - [WebSocket] Message Event Received in ahmetturku: ver ya
[LOG] 2026-06-02T15:22:53.655Z - [WebSocket] Message Event Received in ahmetturku: [emote:37226:KEKW]
[LOG] 2026-06-02T15:22:53.923Z - [WebSocket] Message Event Received in minik: 1 haftada halledersin
[LOG] 2026-06-02T15:22:55.949Z - [WebSocket] Message Event Received in minik: bu aralar
[LOG] 2026-06-02T15:22:56.135Z - [WebSocket] Message Event Received in ahmetturku: [emote:37226:KEKW]
[LOG] 2026-06-02T15:22:57.410Z - [WebSocket] Message Event Received in ahmetturku: a
[LOG] 2026-06-02T15:22:58.068Z - [WebSocket] Message Event Received in ahmetturku: [emote:37226:KEKW]
[LOG] 2026-06-02T15:23:01.396Z - [WebSocket] Message Event Received in ahmetturku: [emote:37226:KEKW]
[LOG] 2026-06-02T15:23:01.466Z - [WebSocket] Message Event Received in ahmetturku: [emote:37226:KEKW]
[LOG] 2026-06-02T15:23:01.813Z - [WebSocket] Message Event Received in minik: olm bu oyunda ss vardı en son
[LOG] 2026-06-02T15:23:01.985Z - [WebSocket] Message Event Received in ahmetturku: kac kastın totalde
[LOG] 2026-06-02T15:23:02.254Z - [WebSocket] Message Event Received in minik: Ya yoksa
[LOG] 2026-06-02T15:23:04.317Z - [WebSocket] Message Event Received in ahmetturku: beleş verde işimize yarar
[LOG] 2026-06-02T15:23:05.634Z - [WebSocket] Message Event Received in minik: [emote:37226:KEKW]
[LOG] 2026-06-02T15:23:06.739Z - [WebSocket] Message Event Received in ahmetturku: [emote:37226:KEKW]
[LOG] 2026-06-02T15:23:07.271Z - [WebSocket] User banned in ahmetturku: {"id":"8f283537-6e25-4b1c-b332-ebf3f99de39d","user":{"id":26126185,"username":"tcihankaya","slug":"tcihankaya"},"banned_by":{"id":0,"username":"ErenTurku","slug":"erenturku"},"permanent":false,"duration":5,"expires_at":"2026-06-02T15:28:08+00:00"}
[LOG] 2026-06-02T15:23:07.272Z - [WebSocket] User banned in ahmetturku: {"id":"8f283537-6e25-4b1c-b332-ebf3f99de39d","user":{"id":26126185,"username":"tcihankaya","slug":"tcihankaya"},"banned_by":{"id":0,"username":"ErenTurku","slug":"erenturku"},"permanent":false,"duration":5,"expires_at":"2026-06-02T15:28:08+00:00"}
[LOG] 2026-06-02T15:23:09.347Z - [WebSocket] Message Event Received in ahmetturku: [emote:37226:KEKW]
[LOG] 2026-06-02T15:23:09.501Z - [WebSocket] Message Event Received in ahmetturku: [emote:37226:KEKW]
[LOG] 2026-06-02T15:23:09.610Z - [WebSocket] Message Event Received in ahmetturku: [emote:37226:KEKW]
[LOG] 2026-06-02T15:23:09.613Z - [WebSocket] Message Event Received in ahmetturku: [emote:37226:KEKW]
[LOG] 2026-06-02T15:23:10.333Z - [WebSocket] Message Event Received in ahmetturku: [emote:37226:KEKW]
[LOG] 2026-06-02T15:23:10.550Z - [WebSocket] Message Event Received in ahmetturku: [emote:37226:KEKW]
[LOG] 2026-06-02T15:23:11.223Z - [WebSocket] Message Event Received in minik: niye öyle bi bakış attın kameraya
[LOG] 2026-06-02T15:23:11.425Z - [WebSocket] Message Event Received in ahmetturku: [emote:37226:KEKW]
[LOG] 2026-06-02T15:23:11.486Z - [WebSocket] Message Event Received in ahmetturku: [emote:37226:KEKW]
[LOG] 2026-06-02T15:23:11.489Z - [WebSocket] Message Event Received in ahmetturku: [emote:37226:KEKW]
[LOG] 2026-06-02T15:23:11.602Z - [WebSocket] Message Event Received in ahmetturku: [emote:37226:KEKW]
[LOG] 2026-06-02T15:23:11.665Z - [WebSocket] Message Event Received in ahmetturku: [emote:37226:KEKW]
[LOG] 2026-06-02T15:23:11.814Z - [WebSocket] Message Event Received in ahmetturku: [emote:37226:KEKW]
[LOG] 2026-06-02T15:23:12.392Z - [WebSocket] Message Event Received in minik: eray rp gircekmi
[LOG] 2026-06-02T15:23:12.852Z - [WebSocket] Message Event Received in ahmetturku: [emote:37226:KEKW]
[LOG] 2026-06-02T15:23:13.195Z - [WebSocket] Message Event Received in ahmetturku: [emote:37226:KEKW]
[LOG] 2026-06-02T15:23:13.860Z - [WebSocket] Message Event Received in ahmetturku: [emote:37226:KEKW]
[LOG] 2026-06-02T15:23:13.871Z - [WebSocket] Message Event Received in ahmetturku: [emote:37226:KEKW]
[LOG] 2026-06-02T15:23:15.996Z - [WebSocket] Message Event Received in ahmetturku: [emote:37226:KEKW]
[LOG] 2026-06-02T15:23:16.053Z - [WebSocket] User banned in minik: {"id":"6d8a74ce-a871-4702-a5cd-514e5164fd82","user":{"id":106799170,"username":"XlengloftX","slug":"xlengloftx"},"banned_by":{"id":0,"username":"furkannrumiiQ","slug":"furkannrumiiq"},"permanent":false,"duration":5,"expires_at":"2026-06-02T15:28:16+00:00"}
[LOG] 2026-06-02T15:23:16.057Z - [WebSocket] User banned in minik: {"id":"6d8a74ce-a871-4702-a5cd-514e5164fd82","user":{"id":106799170,"username":"XlengloftX","slug":"xlengloftx"},"banned_by":{"id":0,"username":"furkannrumiiQ","slug":"furkannrumiiq"},"permanent":false,"duration":5,"expires_at":"2026-06-02T15:28:16+00:00"}
[LOG] 2026-06-02T15:23:16.147Z - [WebSocket] User banned in minik: {"id":"5f316b43-144c-4f6b-9aac-dbb42ad7e7b2","user":{"id":106799170,"username":"XlengloftX","slug":"xlengloftx"},"banned_by":{"id":0,"username":"lmmami06","slug":"lmmami06"},"permanent":false,"duration":5,"expires_at":"2026-06-02T15:28:17+00:00"}
[LOG] 2026-06-02T15:23:16.163Z - [WebSocket] User banned in minik: {"id":"5f316b43-144c-4f6b-9aac-dbb42ad7e7b2","user":{"id":106799170,"username":"XlengloftX","slug":"xlengloftx"},"banned_by":{"id":0,"username":"lmmami06","slug":"lmmami06"},"permanent":false,"duration":5,"expires_at":"2026-06-02T15:28:17+00:00"}
[LOG] 2026-06-02T15:23:19.076Z - [WebSocket] Message Event Received in ahmetturku: [emote:37226:KEKW]
[LOG] 2026-06-02T15:23:20.637Z - [WebSocket] Message Event Received in minik: boomer
[LOG] 2026-06-02T15:23:22.105Z - [WebSocket] Message Event Received in ahmetturku: [emote:37226:KEKW]
[LOG] 2026-06-02T15:23:22.790Z - [WebSocket] Message Event Received in ahmetturku: [emote:37226:KEKW]
[LOG] 2026-06-02T15:23:23.517Z - [WebSocket] Message Event Received in ahmetturku: [emote:37226:KEKW]
[LOG] 2026-06-02T15:23:23.672Z - [WebSocket] Message Event Received in ahmetturku: [emote:5565231:ahmetturkuhaha]
[LOG] 2026-06-02T15:23:24.353Z - [WebSocket] Message Event Received in ahmetturku: opıkfposdkoşpdfgk
[LOG] 2026-06-02T15:23:24.896Z - [WebSocket] Message Event Received in ahmetturku: [emote:37226:KEKW]
[LOG] 2026-06-02T15:23:25.114Z - [WebSocket] Message Event Received in ahmetturku: [emote:37226:KEKW]
[LOG] 2026-06-02T15:23:25.352Z - [WebSocket] Message Event Received in minik: sıkıcı
[LOG] 2026-06-02T15:23:25.463Z - [WebSocket] Message Event Received in ahmetturku: [emote:37226:KEKW]
[LOG] 2026-06-02T15:23:26.437Z - [WebSocket] Message Event Received in ahmetturku: [emote:37226:KEKW]
[LOG] 2026-06-02T15:23:26.466Z - [WebSocket] Message Event Received in ahmetturku: şehmusa benziyoya çaktın xD
[LOG] 2026-06-02T15:23:27.830Z - [WebSocket] Message Event Received in ahmetturku: [emote:37226:KEKW]
[LOG] 2026-06-02T15:23:28.529Z - [WebSocket] Message Event Received in ahmetturku: [emote:37226:KEKW]
[LOG] 2026-06-02T15:23:28.783Z - [WebSocket] Message Event Received in minik: minik çok aynı kombinle illegal yapıyon değişmen lazım
[LOG] 2026-06-02T15:23:29.569Z - [WebSocket] Message Event Received in ahmetturku: [emote:37226:KEKW]
[LOG] 2026-06-02T15:23:30.100Z - [WebSocket] Message Event Received in ahmetturku: [emote:37226:KEKW]
[LOG] 2026-06-02T15:23:31.227Z - [WebSocket] Message Event Received in ahmetturku: [emote:37226:KEKW]
[LOG] 2026-06-02T15:23:32.117Z - [WebSocket] Message Event Received in minik: PD geçek marketten sonra
[LOG] 2026-06-02T15:23:32.564Z - [WebSocket] Message Event Received in minik: [emote:37226:KEKW]
[LOG] 2026-06-02T15:23:32.582Z - [WebSocket] User banned in minik: {"id":"00f915d8-51ad-49cf-8ad5-b639ddaa244d","user":{"id":101529991,"username":"nedenbukadarcidisin19","slug":"nedenbukadarcidisin19"},"banned_by":{"id":0,"username":"Riadein","slug":"riadein"},"permanent":false,"duration":5,"expires_at":"2026-06-02T15:28:33+00:00"}
[LOG] 2026-06-02T15:23:32.587Z - [WebSocket] User banned in minik: {"id":"00f915d8-51ad-49cf-8ad5-b639ddaa244d","user":{"id":101529991,"username":"nedenbukadarcidisin19","slug":"nedenbukadarcidisin19"},"banned_by":{"id":0,"username":"Riadein","slug":"riadein"},"permanent":false,"duration":5,"expires_at":"2026-06-02T15:28:33+00:00"}
[LOG] 2026-06-02T15:23:32.720Z - [WebSocket] Message Event Received in ahmetturku: [emote:37226:KEKW]
[LOG] 2026-06-02T15:23:32.872Z - [WebSocket] Message Event Received in minik: öngörü olmaz ya buına
[LOG] 2026-06-02T15:23:33.215Z - [WebSocket] Message Event Received in ahmetturku: [emote:37226:KEKW]
[LOG] 2026-06-02T15:23:33.767Z - [WebSocket] Message Event Received in ahmetturku: [emote:5565239:ahmetturkusalla]
[LOG] 2026-06-02T15:23:33.890Z - [WebSocket] Message Event Received in ahmetturku: HAHA
[LOG] 2026-06-02T15:23:34.684Z - [WebSocket] Message Event Received in ahmetturku: [emote:37226:KEKW]
[LOG] 2026-06-02T15:23:35.455Z - [WebSocket] Message Event Received in ahmetturku: [emote:37226:KEKW]
[LOG] 2026-06-02T15:23:36.544Z - [WebSocket] Message Event Received in minik: pd sarmıyor
[LOG] 2026-06-02T15:23:36.758Z - [WebSocket] Message Event Received in ahmetturku: nereli
[LOG] 2026-06-02T15:23:36.846Z - [WebSocket] Message Event Received in ahmetturku: bi oyun değişim işi anlık
[LOG] 2026-06-02T15:23:36.929Z - [WebSocket] Message Event Received in ahmetturku: [emote:37226:KEKW]
[LOG] 2026-06-02T15:23:36.933Z - [WebSocket] Message Event Received in ahmetturku: Yan sanayi sehmus
[LOG] 2026-06-02T15:23:37.851Z - [WebSocket] Message Event Received in minik: gürkanda rol bi şekilde çıkyıo cunku
[LOG] 2026-06-02T15:23:37.875Z - [WebSocket] Message Event Received in ahmetturku: [emote:37226:KEKW]
[LOG] 2026-06-02T15:23:39.489Z - [WebSocket] Message Event Received in ahmetturku: ZORLAMA YA
[LOG] 2026-06-02T15:23:39.842Z - [WebSocket] Message Event Received in ahmetturku: [emote:37226:KEKW]
[LOG] 2026-06-02T15:23:40.108Z - [WebSocket] Message Event Received in ahmetturku: [emote:5565231:ahmetturkuhaha]
[LOG] 2026-06-02T15:23:40.130Z - [WebSocket] Message Event Received in ahmetturku: [emote:37226:KEKW]
[LOG] 2026-06-02T15:23:40.530Z - [WebSocket] Message Event Received in ahmetturku: [emote:37226:KEKW]
[LOG] 2026-06-02T15:23:41.305Z - [WebSocket] Message Event Received in ahmetturku: uzulduk
[LOG] 2026-06-02T15:23:41.614Z - [WebSocket] Message Event Received in minik: HARBİ AKADEMİDEN ÇIKIŞ YOK BİZE
[LOG] 2026-06-02T15:23:43.325Z - [WebSocket] Message Event Received in ahmetturku: İNŞALLAH TÜM KARAKTERLERİN CKLANIR
[LOG] 2026-06-02T15:23:43.660Z - [WebSocket] Message Event Received in ahmetturku: [emote:37226:KEKW]
[LOG] 2026-06-02T15:23:44.831Z - [WebSocket] Message Event Received in minik: Anket sara
[LOG] 2026-06-02T15:23:45.161Z - [WebSocket] Message Event Received in ahmetturku: sa
[LOG] 2026-06-02T15:23:45.480Z - [WebSocket] Message Event Received in ahmetturku: [emote:37226:KEKW]
[LOG] 2026-06-02T15:23:45.532Z - [WebSocket] Message Event Received in ahmetturku: [emote:37226:KEKW]
[LOG] 2026-06-02T15:23:45.913Z - [WebSocket] Message Event Received in minik: bu gün PD o zaman
[LOG] 2026-06-02T15:23:46.085Z - [WebSocket] Message Event Received in ahmetturku: [emote:37226:KEKW]
[LOG] 2026-06-02T15:23:46.550Z - [WebSocket] Message Event Received in minik: alışkanlık olmuştur 2 3 gün gir alıştığını göster zaten sonrası gelir cadet olursun bişi olmaz
[LOG] 2026-06-02T15:23:47.437Z - [WebSocket] Message Event Received in ahmetturku: Ahmet sen rocket League oynuyonmu la
[LOG] 2026-06-02T15:23:47.630Z - [WebSocket] Message Event Received in minik: baba var burda tabi w
[LOG] 2026-06-02T15:23:48.129Z - [WebSocket] Message Event Received in minik: pd asırı akıyo ama zor oldugu ıcın bayıyo sadece kocalamak guzel
[LOG] 2026-06-02T15:23:49.095Z - [WebSocket] Message Event Received in ahmetturku: [emote:37226:KEKW]
[LOG] 2026-06-02T15:23:49.724Z - [WebSocket] Message Event Received in ahmetturku: [emote:37226:KEKW]
[LOG] 2026-06-02T15:23:50.188Z - [WebSocket] Message Event Received in ahmetturku: [emote:37226:KEKW]
[LOG] 2026-06-02T15:23:50.359Z - [WebSocket] Message Event Received in minik: sarıyo bide amk niye girmiyosak bu boosting çıktı diye girmedik @Minik
[LOG] 2026-06-02T15:23:50.370Z - [WebSocket] Message Event Received in ahmetturku: [emote:37226:KEKW]
[LOG] 2026-06-02T15:23:50.735Z - [WebSocket] Message Event Received in minik: o
[LOG] 2026-06-02T15:23:51.083Z - [WebSocket] Message Event Received in ahmetturku: ŞEHMUSUN KARDEŞİ
[LOG] 2026-06-02T15:23:51.238Z - [WebSocket] Message Event Received in minik: en son gireceğin zaman gürkana boosting paslanmıştı girmnedin o yüzden
[LOG] 2026-06-02T15:23:51.822Z - [WebSocket] Message Event Received in ahmetturku: [emote:37226:KEKW]
[LOG] 2026-06-02T15:23:52.413Z - [WebSocket] Message Event Received in ahmetturku: aynen
[LOG] 2026-06-02T15:23:52.734Z - [WebSocket] Message Event Received in minik: pdnin olayı haftada 1 2 dir
[LOG] 2026-06-02T15:23:53.502Z - [WebSocket] Message Event Received in ahmetturku: sa
[LOG] 2026-06-02T15:23:54.766Z - [WebSocket] Message Event Received in eray: lalaaaa baran kuş şehmuza benziyen karaktermi yapmışş
[LOG] 2026-06-02T15:23:55.237Z - [WebSocket] Message Event Received in minik: D
[LOG] 2026-06-02T15:23:55.673Z - [WebSocket] Message Event Received in ahmetturku: [emote:37226:KEKW]
[LOG] 2026-06-02T15:23:56.122Z - [WebSocket] Message Event Received in ahmetturku: çok üzüldüm ya
[LOG] 2026-06-02T15:23:56.715Z - [WebSocket] Message Event Received in minik: akademinin ağababası olman lazım 1 aydır ordayız @minik
[LOG] 2026-06-02T15:23:56.796Z - [WebSocket] Message Event Received in ahmetturku: Baran kanka uza desene jsjsjsjjsjsjs
[LOG] 2026-06-02T15:23:57.005Z - [WebSocket] Message Event Received in ahmetturku: [emote:37226:KEKW]
[LOG] 2026-06-02T15:23:58.552Z - [WebSocket] Message Event Received in minik: sercümentin main karekteri teyfik
[LOG] 2026-06-02T15:23:58.619Z - [WebSocket] Message Event Received in ahmetturku: sunucu sahibi
[LOG] 2026-06-02T15:23:59.385Z - [WebSocket] Message Event Received in minik: artık nolur kombin yapak
[LOG] 2026-06-02T15:24:00.041Z - [WebSocket] Message Event Received in ahmetturku: [emote:37226:KEKW]
[LOG] 2026-06-02T15:24:00.140Z - [WebSocket] Message Event Received in minik: kadet olucak yeterli bilgiye sahip değilki minik
[LOG] 2026-06-02T15:24:00.691Z - [WebSocket] Message Event Received in ahmetturku: [emote:37226:KEKW]
[LOG] 2026-06-02T15:24:00.806Z - [WebSocket] Message Event Received in ahmetturku: [emote:37226:KEKW]
[LOG] 2026-06-02T15:24:01.870Z - [WebSocket] Message Event Received in ahmetturku: [emote:37226:KEKW]
[LOG] 2026-06-02T15:24:02.316Z - [WebSocket] Message Event Received in ahmetturku: [emote:37226:KEKW]
[LOG] 2026-06-02T15:24:02.832Z - [WebSocket] User banned in ahmetturku: {"id":"3bb90707-eea6-49af-9a51-541c33818533","user":{"id":56822679,"username":"Neyzen63","slug":"neyzen63"},"banned_by":{"id":0,"username":"ErenTurku","slug":"erenturku"},"permanent":false,"duration":5,"expires_at":"2026-06-02T15:29:03+00:00"}
[LOG] 2026-06-02T15:24:02.831Z - [WebSocket] User banned in ahmetturku: {"id":"3bb90707-eea6-49af-9a51-541c33818533","user":{"id":56822679,"username":"Neyzen63","slug":"neyzen63"},"banned_by":{"id":0,"username":"ErenTurku","slug":"erenturku"},"permanent":false,"duration":5,"expires_at":"2026-06-02T15:29:03+00:00"}
[LOG] 2026-06-02T15:24:03.321Z - [WebSocket] Message Event Received in ahmetturku: [emote:5565231:ahmetturkuhaha]
[LOG] 2026-06-02T15:24:03.350Z - [WebSocket] Message Event Received in ahmetturku: [emote:37226:KEKW]
[LOG] 2026-06-02T15:24:03.955Z - [WebSocket] User banned in ahmetturku: {"id":"eb4c9069-a95e-4adf-bdef-871f9b5f44b1","user":{"id":61572777,"username":"nOke5","slug":"noke5"},"banned_by":{"id":0,"username":"ErenTurku","slug":"erenturku"},"permanent":false,"duration":5,"expires_at":"2026-06-02T15:29:04+00:00"}
[LOG] 2026-06-02T15:24:03.956Z - [WebSocket] User banned in ahmetturku: {"id":"eb4c9069-a95e-4adf-bdef-871f9b5f44b1","user":{"id":61572777,"username":"nOke5","slug":"noke5"},"banned_by":{"id":0,"username":"ErenTurku","slug":"erenturku"},"permanent":false,"duration":5,"expires_at":"2026-06-02T15:29:04+00:00"}
[LOG] 2026-06-02T15:24:04.690Z - [WebSocket] Message Event Received in ahmetturku: NOTANDAN SONRA İYİ FELMİŞTİR BU CHAR
[LOG] 2026-06-02T15:24:05.153Z - [WebSocket] Message Event Received in ahmetturku: boran olarak gelsen skler
[LOG] 2026-06-02T15:24:05.169Z - [WebSocket] Message Event Received in minik: @minik
[LOG] 2026-06-02T15:24:05.869Z - [WebSocket] Message Event Received in ahmetturku: [emote:37226:KEKW]
[LOG] 2026-06-02T15:24:06.840Z - [WebSocket] Message Event Received in ahmetturku: [emote:37226:KEKW]
[LOG] 2026-06-02T15:24:06.916Z - [WebSocket] Message Event Received in ahmetturku: [emote:37226:KEKW]
[LOG] 2026-06-02T15:24:07.061Z - [WebSocket] Message Event Received in ahmetturku: [emote:37226:KEKW][emote:37226:KEKW][emote:37226:KEKW]
[LOG] 2026-06-02T15:24:07.068Z - [WebSocket] Message Event Received in ahmetturku: chat yine böcek dingillerle dolu
[LOG] 2026-06-02T15:24:07.287Z - [WebSocket] Message Event Received in ahmetturku: [emote:37226:KEKW]
[LOG] 2026-06-02T15:24:08.164Z - [WebSocket] Message Event Received in ahmetturku: [emote:37226:KEKW]
[LOG] 2026-06-02T15:24:09.860Z - [WebSocket] Message Event Received in minik: hahahaha
[LOG] 2026-06-02T15:24:10.299Z - [WebSocket] Message Event Received in ahmetturku: [emote:37226:KEKW]
[LOG] 2026-06-02T15:24:10.636Z - [WebSocket] Message Event Received in eray: sa beyler bugün yayın var mı
[LOG] 2026-06-02T15:24:11.055Z - [WebSocket] Message Event Received in ahmetturku: [emote:37226:KEKW]
[LOG] 2026-06-02T15:24:11.374Z - [WebSocket] Message Event Received in ahmetturku: [emote:37226:KEKW]
[LOG] 2026-06-02T15:24:12.184Z - [WebSocket] Message Event Received in minik: bura torpil işi
[LOG] 2026-06-02T15:24:12.651Z - [WebSocket] Message Event Received in minik: aaa
[LOG] 2026-06-02T15:24:14.088Z - [WebSocket] Message Event Received in minik: pd nin ömrü maks 5 kovalama sonrası loopa sarıyo
[LOG] 2026-06-02T15:24:14.627Z - [WebSocket] Message Event Received in ahmetturku: [emote:37226:KEKW]
[LOG] 2026-06-02T15:24:14.938Z - [WebSocket] Message Event Received in ahmetturku: aha gelfi
[LOG] 2026-06-02T15:24:15.155Z - [WebSocket] Message Event Received in ahmetturku: [emote:37226:KEKW]
[LOG] 2026-06-02T15:24:15.963Z - [WebSocket] Message Event Received in minik: akşam girmen lazım
[LOG] 2026-06-02T15:24:15.997Z - [WebSocket] Message Event Received in ahmetturku: [emote:37226:KEKW]
[LOG] 2026-06-02T15:24:16.152Z - [WebSocket] Message Event Received in ahmetturku: tamam barancım
[LOG] 2026-06-02T15:24:16.191Z - [WebSocket] Message Event Received in ahmetturku: [emote:37226:KEKW]
[LOG] 2026-06-02T15:24:16.381Z - [WebSocket] Message Event Received in ahmetturku: [emote:37226:KEKW]
[LOG] 2026-06-02T15:24:17.509Z - [WebSocket] Message Event Received in minik: illegal gece baslıyo
[LOG] 2026-06-02T15:24:17.539Z - [WebSocket] Message Event Received in ahmetturku: [emote:37226:KEKW]
[LOG] 2026-06-02T15:24:17.947Z - [WebSocket] Message Event Received in ahmetturku: [emote:37226:KEKW]
[LOG] 2026-06-02T15:24:19.012Z - [WebSocket] Message Event Received in ahmetturku: [emote:37226:KEKW]
[LOG] 2026-06-02T15:24:20.797Z - [WebSocket] Message Event Received in ahmetturku: [emote:37226:KEKW]
[LOG] 2026-06-02T15:24:21.481Z - [WebSocket] Message Event Received in ahmetturku: [emote:37226:KEKW]
[LOG] 2026-06-02T15:24:21.593Z - [WebSocket] Message Event Received in ahmetturku: [emote:5565231:ahmetturkuhaha]
[LOG] 2026-06-02T15:24:22.361Z - [WebSocket] Message Event Received in ahmetturku: HİHİHİHİİİ
[LOG] 2026-06-02T15:24:22.645Z - [WebSocket] Message Event Received in ahmetturku: [emote:37226:KEKW]
[LOG] 2026-06-02T15:24:22.955Z - [WebSocket] Message Event Received in minik: 2 defa sınıfta kalmıs lise son öğrencileri gibi kaldık pd de
[LOG] 2026-06-02T15:24:26.443Z - [WebSocket] Message Event Received in ahmetturku: [emote:1730753:emojiAngry]
[LOG] 2026-06-02T15:24:26.977Z - [WebSocket] User banned in ahmetturku: {"id":"5208a6bc-e2c5-4888-becc-8f473c9c862d","user":{"id":6335423,"username":"zyderxx","slug":"zyderxx"},"banned_by":{"id":0,"username":"ilker4444","slug":"ilker4444"},"permanent":false,"duration":5,"expires_at":"2026-06-02T15:29:27+00:00"}
[LOG] 2026-06-02T15:24:26.977Z - [WebSocket] User banned in ahmetturku: {"id":"5208a6bc-e2c5-4888-becc-8f473c9c862d","user":{"id":6335423,"username":"zyderxx","slug":"zyderxx"},"banned_by":{"id":0,"username":"ilker4444","slug":"ilker4444"},"permanent":false,"duration":5,"expires_at":"2026-06-02T15:29:27+00:00"}
[LOG] 2026-06-02T15:24:27.120Z - [WebSocket] User banned in ahmetturku: {"id":"cb7771bd-60e6-45dd-a00a-003dc07962d3","user":{"id":6335423,"username":"zyderxx","slug":"zyderxx"},"banned_by":{"id":0,"username":"ilker4444","slug":"ilker4444"},"permanent":false,"duration":5,"expires_at":"2026-06-02T15:29:28+00:00"}
[LOG] 2026-06-02T15:24:27.120Z - [WebSocket] User banned in ahmetturku: {"id":"cb7771bd-60e6-45dd-a00a-003dc07962d3","user":{"id":6335423,"username":"zyderxx","slug":"zyderxx"},"banned_by":{"id":0,"username":"ilker4444","slug":"ilker4444"},"permanent":false,"duration":5,"expires_at":"2026-06-02T15:29:28+00:00"}
[LOG] 2026-06-02T15:24:29.600Z - [WebSocket] Message Event Received in ahmetturku: müdür geldi
[LOG] 2026-06-02T15:24:29.803Z - [WebSocket] Message Event Received in eray: sa
[LOG] 2026-06-02T15:24:30.194Z - [WebSocket] Message Event Received in minik: [emote:4148074:HYPERCLAP]
[LOG] 2026-06-02T15:24:30.254Z - [WebSocket] Message Event Received in ahmetturku: beyler evinde ped olan adam mi bu
[LOG] 2026-06-02T15:24:30.266Z - [WebSocket] Message Event Received in ahmetturku: [emote:4148081:Sadge]
[LOG] 2026-06-02T15:24:30.811Z - [WebSocket] Message Event Received in minik: 8 den sonra girmek makbul @minik
[LOG] 2026-06-02T15:24:30.927Z - [WebSocket] Message Event Received in minik: sercanın zamanlama super ya her dakka olay
[LOG] 2026-06-02T15:24:31.055Z - [WebSocket] Message Event Received in ahmetturku: HOŞ GELDİNİZ
[LOG] 2026-06-02T15:24:31.553Z - [WebSocket] Message Event Received in ahmetturku: harbi windowsu etkinleştir yok samimiyet gitti hacı
[LOG] 2026-06-02T15:24:31.647Z - [WebSocket] Message Event Received in ahmetturku: [emote:37226:KEKW]
[LOG] 2026-06-02T15:24:32.005Z - [WebSocket] Message Event Received in ahmetturku: [emote:37226:KEKW]
[LOG] 2026-06-02T15:24:32.151Z - [WebSocket] Message Event Received in ahmetturku: yeterda
[LOG] 2026-06-02T15:24:32.266Z - [WebSocket] Message Event Received in ahmetturku: windows gitmişşlşşşş
[LOG] 2026-06-02T15:24:32.660Z - [WebSocket] Message Event Received in ahmetturku: [emote:37226:KEKW]
[LOG] 2026-06-02T15:24:32.737Z - [WebSocket] Message Event Received in ahmetturku: [emote:37226:KEKW]
[LOG] 2026-06-02T15:24:33.242Z - [WebSocket] Message Event Received in ahmetturku: [emote:37226:KEKW]
[LOG] 2026-06-02T15:24:33.519Z - [WebSocket] Message Event Received in minik: tek pislik biziz demek ki 😅
[LOG] 2026-06-02T15:24:33.772Z - [WebSocket] Message Event Received in minik: mesela teyfik asırı sarıyo dun cok fazla olay oldu
[LOG] 2026-06-02T15:24:34.094Z - [WebSocket] Message Event Received in minik: DOVMELERINI DE BILIYORLAR FOTOLARINI CEKTILER YA DUN
[LOG] 2026-06-02T15:24:34.536Z - [WebSocket] Message Event Received in minik: pd şu an girilmez kovalamaca dışı olayı yok y
[LOG] 2026-06-02T15:24:34.616Z - [WebSocket] Message Event Received in ahmetturku: [emote:37226:KEKW]
[LOG] 2026-06-02T15:24:34.906Z - [WebSocket] Message Event Received in ahmetturku: [emote:37226:KEKW]
[LOG] 2026-06-02T15:24:35.374Z - [WebSocket] Message Event Received in ahmetturku: [emote:37226:KEKW]
[LOG] 2026-06-02T15:24:36.199Z - [WebSocket] Message Event Received in ahmetturku: [emote:37226:KEKW]
[LOG] 2026-06-02T15:24:38.042Z - [WebSocket] Message Event Received in ahmetturku: ÖMER NE ATTIN AMK
[LOG] 2026-06-02T15:24:38.355Z - [WebSocket] Message Event Received in ahmetturku: baran tiktok çekmeye gitsene
[LOG] 2026-06-02T15:24:38.831Z - [WebSocket] Message Event Received in ahmetturku: a
[LOG] 2026-06-02T15:24:39.575Z - [WebSocket] Message Event Received in minik: [emote:37226:KEKW]
[LOG] 2026-06-02T15:24:41.050Z - [WebSocket] Message Event Received in ahmetturku: [emote:37226:KEKW]
[LOG] 2026-06-02T15:24:41.297Z - [WebSocket] Message Event Received in ahmetturku: [emote:37226:KEKW]
[LOG] 2026-06-02T15:24:41.431Z - [WebSocket] Message Event Received in ahmetturku: barana kinlenmiş hepsi boş boş konuşuyolar
[LOG] 2026-06-02T15:24:41.777Z - [WebSocket] Message Event Received in ahmetturku: [emote:37226:KEKW]
[LOG] 2026-06-02T15:24:41.780Z - [WebSocket] Message Event Received in ahmetturku: [emote:1730753:emojiAngry]
[LOG] 2026-06-02T15:24:42.759Z - [WebSocket] Message Event Received in minik: yevıe
[LOG] 2026-06-02T15:24:44.071Z - [WebSocket] Message Event Received in ahmetturku: [emote:37226:KEKW]
[LOG] 2026-06-02T15:24:44.889Z - [WebSocket] Message Event Received in ahmetturku: [emote:37226:KEKW]
[LOG] 2026-06-02T15:24:45.050Z - [WebSocket] Message Event Received in minik: yankcaannn
[LOG] 2026-06-02T15:24:45.368Z - [WebSocket] Message Event Received in ahmetturku: [emote:37226:KEKW]
[LOG] 2026-06-02T15:24:46.675Z - [WebSocket] Message Event Received in ahmetturku: patron
[LOG] 2026-06-02T15:24:46.892Z - [WebSocket] Message Event Received in ahmetturku: [emote:37226:KEKW]
[LOG] 2026-06-02T15:24:46.967Z - [WebSocket] Message Event Received in ahmetturku: [emote:37226:KEKW]
[LOG] 2026-06-02T15:24:47.812Z - [WebSocket] Message Event Received in ahmetturku: NANELİ
[LOG] 2026-06-02T15:24:47.888Z - [WebSocket] Message Event Received in ahmetturku: [emote:37226:KEKW]
[LOG] 2026-06-02T15:24:48.012Z - [WebSocket] Message Event Received in ahmetturku: [emote:37226:KEKW]
[LOG] 2026-06-02T15:24:48.845Z - [WebSocket] Message Event Received in ahmetturku: [emote:37226:KEKW]
[LOG] 2026-06-02T15:24:48.848Z - [WebSocket] Message Event Received in ahmetturku: [emote:37226:KEKW]
[LOG] 2026-06-02T15:24:49.572Z - [WebSocket] Message Event Received in ahmetturku: [emote:37226:KEKW]
[LOG] 2026-06-02T15:24:50.491Z - [WebSocket] Message Event Received in ahmetturku: [emote:37226:KEKW]
[LOG] 2026-06-02T15:24:50.494Z - [WebSocket] Message Event Received in ahmetturku: [emote:37226:KEKW]
[LOG] 2026-06-02T15:24:51.803Z - [WebSocket] Message Event Received in ahmetturku: ahmetturku instagram account : https://www.instagram.com/ahmetturku0/
[LOG] 2026-06-02T15:24:52.132Z - [WebSocket] Message Event Received in ahmetturku: [emote:37226:KEKW]
[LOG] 2026-06-02T15:24:52.481Z - [WebSocket] Message Event Received in ahmetturku: [emote:5565231:ahmetturkuhaha]
[LOG] 2026-06-02T15:24:52.586Z - [WebSocket] Message Event Received in ahmetturku: 0SZDKHOKERSTOHKSERTOHKAEORYHKOIASERKHOPASERH
[LOG] 2026-06-02T15:24:52.740Z - [WebSocket] Message Event Received in ahmetturku: [emote:37226:KEKW]
[LOG] 2026-06-02T15:24:52.754Z - [WebSocket] Message Event Received in minik: DEFNE SLM YA
[LOG] 2026-06-02T15:24:52.882Z - [WebSocket] Message Event Received in minik: [emote:37226:KEKW]
[LOG] 2026-06-02T15:24:53.134Z - [WebSocket] Message Event Received in ahmetturku: [emote:37226:KEKW]
[LOG] 2026-06-02T15:24:54.346Z - [WebSocket] Message Event Received in minik: sosyalinde çok sarıyor
[LOG] 2026-06-02T15:24:54.357Z - [WebSocket] Message Event Received in ahmetturku: AHA
[LOG] 2026-06-02T15:24:54.360Z - [WebSocket] Message Event Received in minik: o ne ya
[LOG] 2026-06-02T15:24:54.371Z - [WebSocket] Message Event Received in minik: [emote:37226:KEKW]
[LOG] 2026-06-02T15:24:54.611Z - [WebSocket] Message Event Received in minik: DOVMELERINI DE BILIYORLAR FOTOLARINI CEKTILER YA DUN @Minik
[LOG] 2026-06-02T15:24:54.628Z - [WebSocket] Message Event Received in ahmetturku: [emote:37226:KEKW]
[LOG] 2026-06-02T15:24:54.806Z - [WebSocket] Message Event Received in ahmetturku: [emote:37226:KEKW]
[LOG] 2026-06-02T15:24:55.160Z - [WebSocket] Message Event Received in ahmetturku: [emote:37226:KEKW]
[LOG] 2026-06-02T15:24:55.327Z - [WebSocket] Message Event Received in ahmetturku: [emote:37226:KEKW]
[LOG] 2026-06-02T15:24:55.780Z - [WebSocket] Message Event Received in ahmetturku: [emote:37226:KEKW]
[LOG] 2026-06-02T15:24:56.117Z - [WebSocket] Message Event Received in ahmetturku: [emote:37226:KEKW]
[LOG] 2026-06-02T15:24:56.232Z - [WebSocket] Message Event Received in minik: [emote:37226:KEKW]
[LOG] 2026-06-02T15:24:56.282Z - [WebSocket] Message Event Received in ahmetturku: soy adi ulas ya o yuzden
[LOG] 2026-06-02T15:24:56.617Z - [WebSocket] Message Event Received in ahmetturku: lan şehmusa ne olmuş aq
[LOG] 2026-06-02T15:24:56.687Z - [WebSocket] Message Event Received in minik: [emote:37226:KEKW]
[LOG] 2026-06-02T15:24:56.786Z - [WebSocket] Message Event Received in minik: mateRP ne demek
[LOG] 2026-06-02T15:24:57.498Z - [WebSocket] Message Event Received in ahmetturku: [emote:37226:KEKW]
[LOG] 2026-06-02T15:24:57.844Z - [WebSocket] Message Event Received in ahmetturku: [emote:37226:KEKW]
[LOG] 2026-06-02T15:24:57.862Z - [WebSocket] Message Event Received in ahmetturku: ŞAHİN Mİ BU
[LOG] 2026-06-02T15:24:58.189Z - [WebSocket] Message Event Received in ahmetturku: [emote:37226:KEKW]
[LOG] 2026-06-02T15:24:58.449Z - [WebSocket] Message Event Received in ahmetturku: JFTSTJLĞPTKJFLÜPJKLÜĞPTSLÜĞPFKJLÜĞPSÜPLFĞTKJPÜSTPLĞĞLPKJÜSFLĞPÜKJSFLPSÜĞTSF
[LOG] 2026-06-02T15:24:59.272Z - [WebSocket] Message Event Received in minik: [emote:37226:KEKW]
[LOG] 2026-06-02T15:24:59.487Z - [WebSocket] Message Event Received in minik: yenile
[LOG] 2026-06-02T15:24:59.708Z - [WebSocket] Message Event Received in ahmetturku: ADLKMFMAOSDMLASMLKDAMSLDMLKASMLKDASMKLDMALSMLKDA
[LOG] 2026-06-02T15:25:00.201Z - [WebSocket] Message Event Received in minik: [emote:37226:KEKW]
[LOG] 2026-06-02T15:25:00.791Z - [WebSocket] Message Event Received in ahmetturku: [emote:37229:OOOO] [emote:37229:OOOO] [emote:37229:OOOO] [emote:37229:OOOO] [emote:37229:OOOO] [emote:37229:OOOO]
[LOG] 2026-06-02T15:25:01.055Z - [WebSocket] Message Event Received in ahmetturku: [emote:37226:KEKW]
[LOG] 2026-06-02T15:25:01.128Z - [WebSocket] Message Event Received in ahmetturku: [emote:37226:KEKW]
[LOG] 2026-06-02T15:25:01.440Z - [WebSocket] Message Event Received in ahmetturku: [emote:37226:KEKW]
[LOG] 2026-06-02T15:25:02.394Z - [WebSocket] Message Event Received in ahmetturku: [emote:37226:KEKW]
[LOG] 2026-06-02T15:25:02.480Z - [WebSocket] Message Event Received in ahmetturku: [emote:37226:KEKW]
[LOG] 2026-06-02T15:25:03.041Z - [WebSocket] Message Event Received in ahmetturku: [emote:37226:KEKW]
[LOG] 2026-06-02T15:25:03.777Z - [WebSocket] Message Event Received in ahmetturku: 1000 yazdı sonra 750 çekti ya
[LOG] 2026-06-02T15:25:04.539Z - [WebSocket] Message Event Received in ahmetturku: [emote:37229:OOOO]
[LOG] 2026-06-02T15:25:05.343Z - [WebSocket] Message Event Received in minik: 2 defa sınıfta kalmıs lise son öğrencileri gibi kaldık pd de
[LOG] 2026-06-02T15:25:05.503Z - [WebSocket] Message Event Received in minik: [emote:37226:KEKW]
[LOG] 2026-06-02T15:25:05.611Z - [WebSocket] Message Event Received in minik: [emote:37226:KEKW]
[LOG] 2026-06-02T15:25:05.731Z - [WebSocket] Message Event Received in ahmetturku: [emote:37226:KEKW]
[LOG] 2026-06-02T15:25:05.734Z - [WebSocket] Message Event Received in minik: [emote:37226:KEKW]
[LOG] 2026-06-02T15:25:06.316Z - [WebSocket] Message Event Received in ahmetturku: KLSDJFKALDSJFLAKŞDSJFŞLKSADJFŞKLSAJFLKSAJFŞKLJSADF
[LOG] 2026-06-02T15:25:07.405Z - [WebSocket] Message Event Received in ahmetturku: [emote:5611238:ahmetturkudayii]
[LOG] 2026-06-02T15:25:07.891Z - [WebSocket] Message Event Received in ahmetturku: [emote:37226:KEKW]
[LOG] 2026-06-02T15:25:08.787Z - [WebSocket] Message Event Received in minik: defne selam ya
[LOG] 2026-06-02T15:25:09.146Z - [WebSocket] Message Event Received in ahmetturku: amk metacısı
[LOG] 2026-06-02T15:25:10.009Z - [WebSocket] Message Event Received in ahmetturku: bu nzmn pd olcak
[LOG] 2026-06-02T15:25:10.786Z - [WebSocket] Message Event Received in eray: [emote:1730772:emojiFire]
[LOG] 2026-06-02T15:25:10.830Z - [WebSocket] Message Event Received in eray: Kangal yuvaya giriş yaptı
[LOG] 2026-06-02T15:25:11.541Z - [WebSocket] Message Event Received in ahmetturku: chatin daha aktif olması seviye sisteminden dolayı oldğuna yemin edebilirim
[LOG] 2026-06-02T15:25:11.742Z - [WebSocket] Message Event Received in ahmetturku: [emote:37226:KEKW]
[LOG] 2026-06-02T15:25:11.747Z - [WebSocket] Message Event Received in ahmetturku: [emote:37226:KEKW]
[LOG] 2026-06-02T15:25:12.047Z - [WebSocket] User banned in ahmetturku: {"id":"fd49828b-e662-4698-ae17-1e72d6a6bfc9","user":{"id":32916198,"username":"Ezellkaraeski","slug":"ezellkaraeski"},"banned_by":{"id":0,"username":"ErenTurku","slug":"erenturku"},"permanent":false,"duration":5,"expires_at":"2026-06-02T15:30:12+00:00"}
[LOG] 2026-06-02T15:25:12.047Z - [WebSocket] User banned in ahmetturku: {"id":"fd49828b-e662-4698-ae17-1e72d6a6bfc9","user":{"id":32916198,"username":"Ezellkaraeski","slug":"ezellkaraeski"},"banned_by":{"id":0,"username":"ErenTurku","slug":"erenturku"},"permanent":false,"duration":5,"expires_at":"2026-06-02T15:30:12+00:00"}
[LOG] 2026-06-02T15:25:12.188Z - [WebSocket] User banned in ahmetturku: {"id":"afade73c-95b1-42e9-a29a-7e38f989023d","user":{"id":32916198,"username":"Ezellkaraeski","slug":"ezellkaraeski"},"banned_by":{"id":0,"username":"ErenTurku","slug":"erenturku"},"permanent":false,"duration":5,"expires_at":"2026-06-02T15:30:13+00:00"}
[LOG] 2026-06-02T15:25:12.188Z - [WebSocket] User banned in ahmetturku: {"id":"afade73c-95b1-42e9-a29a-7e38f989023d","user":{"id":32916198,"username":"Ezellkaraeski","slug":"ezellkaraeski"},"banned_by":{"id":0,"username":"ErenTurku","slug":"erenturku"},"permanent":false,"duration":5,"expires_at":"2026-06-02T15:30:13+00:00"}
[LOG] 2026-06-02T15:25:12.267Z - [WebSocket] Message Event Received in ahmetturku: SADOKASKDASODKPOASKDAOKSPODKASDKPOASDOKPAKOP
[LOG] 2026-06-02T15:25:12.593Z - [WebSocket] Message Event Received in minik: DOVMELERINI DE BILIYORLAR FOTOLARINI CEKTILER YA DUN @Minik
[LOG] 2026-06-02T15:25:12.610Z - [WebSocket] Message Event Received in ahmetturku: [emote:37226:KEKW]
[LOG] 2026-06-02T15:25:12.827Z - [WebSocket] User banned in ahmetturku: {"id":"f9a6c71a-4566-4d81-ad7b-cc5de7467d0e","user":{"id":26710276,"username":"mrtfb58","slug":"mrtfb58"},"banned_by":{"id":0,"username":"ilker4444","slug":"ilker4444"},"permanent":false,"duration":5,"expires_at":"2026-06-02T15:30:13+00:00"}
[LOG] 2026-06-02T15:25:12.828Z - [WebSocket] User banned in ahmetturku: {"id":"f9a6c71a-4566-4d81-ad7b-cc5de7467d0e","user":{"id":26710276,"username":"mrtfb58","slug":"mrtfb58"},"banned_by":{"id":0,"username":"ilker4444","slug":"ilker4444"},"permanent":false,"duration":5,"expires_at":"2026-06-02T15:30:13+00:00"}
[LOG] 2026-06-02T15:25:12.886Z - [WebSocket] Message Event Received in minik: o senin şansızlığın kanka PIAUYBRGPIUABVEIRG
[LOG] 2026-06-02T15:25:14.019Z - [WebSocket] User banned in ahmetturku: {"id":"c841932d-5a69-43b6-8a58-2b6fb811148c","user":{"id":39380728,"username":"petittt1","slug":"petittt1"},"banned_by":{"id":0,"username":"ilker4444","slug":"ilker4444"},"permanent":false,"duration":5,"expires_at":"2026-06-02T15:30:14+00:00"}
[LOG] 2026-06-02T15:25:14.019Z - [WebSocket] User banned in ahmetturku: {"id":"c841932d-5a69-43b6-8a58-2b6fb811148c","user":{"id":39380728,"username":"petittt1","slug":"petittt1"},"banned_by":{"id":0,"username":"ilker4444","slug":"ilker4444"},"permanent":false,"duration":5,"expires_at":"2026-06-02T15:30:14+00:00"}
[LOG] 2026-06-02T15:25:16.150Z - [WebSocket] Message Event Received in ahmetturku: oo poci poci çok iyi şehmus ulaaş
[LOG] 2026-06-02T15:25:16.602Z - [WebSocket] Message Event Received in ahmetturku: bekir izin vermiyor zaten salsana hacı adkpgadkg
[LOG] 2026-06-02T15:25:16.948Z - [WebSocket] Message Event Received in ahmetturku: [emote:37226:KEKW]
[LOG] 2026-06-02T15:25:17.326Z - [WebSocket] Message Event Received in ahmetturku: ulaş soyismi zaten
[LOG] 2026-06-02T15:25:18.154Z - [WebSocket] Message Event Received in ahmetturku: [emote:37226:KEKW]
[LOG] 2026-06-02T15:25:19.018Z - [WebSocket] Message Event Received in ahmetturku: [emote:37226:KEKW]
[LOG] 2026-06-02T15:25:19.224Z - [WebSocket] Message Event Received in minik: ikiside
[LOG] 2026-06-02T15:25:19.977Z - [WebSocket] User banned in ahmetturku: {"id":"ca59092b-e773-43e1-9845-98ab95a214c9","user":{"id":29248127,"username":"lethor","slug":"lethor"},"banned_by":{"id":0,"username":"ErenTurku","slug":"erenturku"},"permanent":false,"duration":5,"expires_at":"2026-06-02T15:30:20+00:00"}
[LOG] 2026-06-02T15:25:19.977Z - [WebSocket] User banned in ahmetturku: {"id":"ca59092b-e773-43e1-9845-98ab95a214c9","user":{"id":29248127,"username":"lethor","slug":"lethor"},"banned_by":{"id":0,"username":"ErenTurku","slug":"erenturku"},"permanent":false,"duration":5,"expires_at":"2026-06-02T15:30:20+00:00"}
[LOG] 2026-06-02T15:25:20.673Z - [WebSocket] Message Event Received in minik: [emote:37226:KEKW]
[LOG] 2026-06-02T15:25:21.443Z - [WebSocket] User banned in minik: {"id":"79ea54df-243f-45b0-8d93-eddd60b280b3","user":{"id":31384052,"username":"DraNLxDNteR","slug":"dranlxdnter"},"banned_by":{"id":0,"username":"furkannrumiiQ","slug":"furkannrumiiq"},"permanent":false,"duration":5,"expires_at":"2026-06-02T15:30:22+00:00"}
[LOG] 2026-06-02T15:25:21.447Z - [WebSocket] User banned in minik: {"id":"79ea54df-243f-45b0-8d93-eddd60b280b3","user":{"id":31384052,"username":"DraNLxDNteR","slug":"dranlxdnter"},"banned_by":{"id":0,"username":"furkannrumiiQ","slug":"furkannrumiiq"},"permanent":false,"duration":5,"expires_at":"2026-06-02T15:30:22+00:00"}
[LOG] 2026-06-02T15:25:21.448Z - [WebSocket] Message Event Received in ahmetturku: [emote:37226:KEKW][emote:37226:KEKW][emote:37226:KEKW][emote:37226:KEKW][emote:37226:KEKW][emote:37226:KEKW][emote:37226:KEKW][emote:37226:KEKW][emote:37226:KEKW][emote:37226:KEKW][emote:37226:KEKW][emote:37226:KEKW][emote:37226:KEKW][emote:37226:KEKW][emote:37226:KEKW][emote:37226:KEKW][emote:37226:KEKW][emote:37226:KEKW]
[ERR] 2026-06-02T15:25:21.761Z - Kick API request failed [/chat/6178e00c-45e2-4234-97de-1caac0d2a543]: Kick API error 401: {"data":{},"message":"Unauthorized"}

[ERR] 2026-06-02T15:25:21.761Z - [AutoMod] Sessiz silme basarisiz: Kick API error 401: {"data":{},"message":"Unauthorized"}

[LOG] 2026-06-02T15:25:21.806Z - [WebSocket] Message Event Received in ahmetturku: ilker bizi ciddiye alıp banlama lo makarasındayız işin
[LOG] 2026-06-02T15:25:22.278Z - [WebSocket] Message Event Received in ahmetturku: [emote:37226:KEKW]
[LOG] 2026-06-02T15:25:22.331Z - [WebSocket] Message Event Received in ahmetturku: [emote:37226:KEKW]
[ERR] 2026-06-02T15:25:22.341Z - Kick API request failed [/chat/6178e00c-45e2-4234-97de-1caac0d2a543]: Kick API error 401: {"data":{},"message":"Unauthorized"}

[ERR] 2026-06-02T15:25:22.341Z - [AutoMod] Sessiz silme basarisiz: Kick API error 401: {"data":{},"message":"Unauthorized"}

[LOG] 2026-06-02T15:25:22.784Z - [WebSocket] Message Event Received in ahmetturku: [emote:37226:KEKW]
[LOG] 2026-06-02T15:25:22.965Z - [WebSocket] Message Event Received in ahmetturku: [emote:37226:KEKW]
[LOG] 2026-06-02T15:25:22.969Z - [WebSocket] Message Event Received in ahmetturku: [emote:4995463:minikBOSS]
[LOG] 2026-06-02T15:25:23.153Z - [WebSocket] Message Event Received in ahmetturku: [emote:37226:KEKW]
[LOG] 2026-06-02T15:25:23.633Z - [WebSocket] Message Event Received in minik: o gıdık değil mi
[LOG] 2026-06-02T15:25:23.816Z - [WebSocket] Message Event Received in minik: [emote:37226:KEKW]
[LOG] 2026-06-02T15:25:24.250Z - [WebSocket] Message Event Received in minik: [emote:37226:KEKW]
[LOG] 2026-06-02T15:25:24.510Z - [WebSocket] Message Event Received in ahmetturku: [emote:37226:KEKW]
[LOG] 2026-06-02T15:25:26.309Z - [WebSocket] Message Event Received in minik: DOVMELERO BİLİYORLAR @minik
[LOG] 2026-06-02T15:25:27.457Z - [WebSocket] Message Event Received in ahmetturku: [emote:37226:KEKW]
[LOG] 2026-06-02T15:25:27.803Z - [WebSocket] Message Event Received in minik: 5 seviye olmuşum
[LOG] 2026-06-02T15:25:27.851Z - [WebSocket] Message Event Received in minik: 20 lik mi dış
[LOG] 2026-06-02T15:25:28.159Z - [WebSocket] Message Event Received in minik: harika
[LOG] 2026-06-02T15:25:29.632Z - [WebSocket] Message Event Received in ahmetturku: [emote:37226:KEKW]
[LOG] 2026-06-02T15:25:30.774Z - [WebSocket] Message Event Received in ahmetturku: denk gelise bak ya
[LOG] 2026-06-02T15:25:31.812Z - [WebSocket] Message Event Received in ahmetturku: [emote:37226:KEKW]
[LOG] 2026-06-02T15:25:32.243Z - [WebSocket] Message Event Received in minik: göğüslere yap
[LOG] 2026-06-02T15:25:32.349Z - [WebSocket] Message Event Received in ahmetturku: TOMBUL BİRA
[LOG] 2026-06-02T15:25:32.582Z - [WebSocket] Message Event Received in ahmetturku: [emote:37226:KEKW]
[LOG] 2026-06-02T15:25:32.658Z - [WebSocket] Message Event Received in ahmetturku: [emote:5565231:ahmetturkuhaha]
[LOG] 2026-06-02T15:25:32.816Z - [WebSocket] Message Event Received in ahmetturku: gece karşilaşmalılar
[LOG] 2026-06-02T15:25:33.240Z - [WebSocket] Message Event Received in minik: yenile atmayı untma
[LOG] 2026-06-02T15:25:33.618Z - [WebSocket] Message Event Received in minik: [emote:37226:KEKW]
[LOG] 2026-06-02T15:25:33.970Z - [WebSocket] Message Event Received in ahmetturku: elit kurt mu
[LOG] 2026-06-02T15:25:34.247Z - [WebSocket] Message Event Received in minik: a ınakoyim
[LOG] 2026-06-02T15:25:35.362Z - [WebSocket] Message Event Received in minik: bugun pd mi yoksa
[LOG] 2026-06-02T15:25:35.761Z - [WebSocket] Message Event Received in ahmetturku: aradahanda visq nerden bulsunlar
[LOG] 2026-06-02T15:25:37.586Z - [WebSocket] Message Event Received in eray: seviye nerden açılıyor laa
[LOG] 2026-06-02T15:25:38.445Z - [WebSocket] Message Event Received in ahmetturku: tomblul
[LOG] 2026-06-02T15:25:39.060Z - [WebSocket] Message Event Received in ahmetturku: [emote:37226:KEKW][emote:37226:KEKW][emote:37226:KEKW][emote:37226:KEKW][emote:37226:KEKW]
[LOG] 2026-06-02T15:25:39.492Z - [WebSocket] Message Event Received in ahmetturku: bu seviye işi ne
[LOG] 2026-06-02T15:25:40.243Z - [WebSocket] Message Event Received in minik: [emote:37226:KEKW]
[LOG] 2026-06-02T15:25:40.267Z - [WebSocket] Message Event Received in minik: keloğlan karavezirin çenesi
[LOG] 2026-06-02T15:25:41.022Z - [WebSocket] Message Event Received in ahmetturku: [emote:37226:KEKW]
[LOG] 2026-06-02T15:25:41.052Z - [WebSocket] Message Event Received in minik: GÖĞÜS YAPSANA
[LOG] 2026-06-02T15:25:41.189Z - [WebSocket] Message Event Received in ahmetturku: [emote:37226:KEKW]
[LOG] 2026-06-02T15:25:41.541Z - [WebSocket] Message Event Received in minik: [emote:37226:KEKW]
[LOG] 2026-06-02T15:25:41.691Z - [WebSocket] Message Event Received in ahmetturku: sea
[LOG] 2026-06-02T15:25:42.045Z - [WebSocket] Message Event Received in ahmetturku: VAAY
[LOG] 2026-06-02T15:25:42.797Z - [WebSocket] Message Event Received in minik: [emote:39251:beeBobble]
[LOG] 2026-06-02T15:25:42.909Z - [WebSocket] Message Event Received in minik: ne kadara yaptırdın
[LOG] 2026-06-02T15:25:44.192Z - [WebSocket] Message Event Received in ahmetturku: [emote:37226:KEKW]
[LOG] 2026-06-02T15:25:45.067Z - [WebSocket] Message Event Received in minik: [emote:37226:KEKW]
[LOG] 2026-06-02T15:25:45.093Z - [WebSocket] Message Event Received in ahmetturku: şehmus buna isim değiştirtir
[LOG] 2026-06-02T15:25:45.367Z - [WebSocket] Message Event Received in ahmetturku: va
[LOG] 2026-06-02T15:25:45.442Z - [WebSocket] Message Event Received in ahmetturku: o nedemek ya
[LOG] 2026-06-02T15:25:45.558Z - [WebSocket] Message Event Received in minik: sağa sola kayıyor mu
[LOG] 2026-06-02T15:25:46.379Z - [WebSocket] Message Event Received in ahmetturku: [emote:37226:KEKW]
[LOG] 2026-06-02T15:25:46.548Z - [WebSocket] Message Event Received in minik: bikaçtane illeegal kombin yapak @minik
[LOG] 2026-06-02T15:25:46.741Z - [WebSocket] Message Event Received in ahmetturku: [emote:37226:KEKW]
[LOG] 2026-06-02T15:25:47.415Z - [WebSocket] Message Event Received in ahmetturku: AS
[LOG] 2026-06-02T15:25:47.458Z - [WebSocket] Message Event Received in minik: uayunu
[LOG] 2026-06-02T15:25:48.749Z - [WebSocket] Message Event Received in ahmetturku: [emote:37226:KEKW]
[LOG] 2026-06-02T15:25:49.333Z - [WebSocket] Message Event Received in minik: anaokulundaki oyun hamuru gini
[LOG] 2026-06-02T15:25:49.876Z - [WebSocket] Message Event Received in minik: eritmiyor mu dolguyu ben mi yanlış biliyorum minik
[LOG] 2026-06-02T15:25:50.666Z - [WebSocket] Message Event Received in ahmetturku: [emote:1730753:emojiAngry]
[LOG] 2026-06-02T15:25:51.136Z - [WebSocket] Message Event Received in minik: beyler gürkanda roller var salın b spamı
[LOG] 2026-06-02T15:25:51.642Z - [WebSocket] Message Event Received in minik: sen 5lvldin simdi 6olmussun
[LOG] 2026-06-02T15:25:51.977Z - [WebSocket] Message Event Received in ahmetturku: [emote:37226:KEKW]
[LOG] 2026-06-02T15:25:52.469Z - [WebSocket] Message Event Received in minik: öngörü olsun mu @minik
[LOG] 2026-06-02T15:25:52.861Z - [WebSocket] Message Event Received in ahmetturku: ö
[LOG] 2026-06-02T15:25:53.189Z - [WebSocket] Message Event Received in ahmetturku: [emote:37226:KEKW]
[LOG] 2026-06-02T15:25:53.452Z - [WebSocket] Message Event Received in ahmetturku: İYİDİR
[LOG] 2026-06-02T15:25:54.121Z - [WebSocket] Message Event Received in ahmetturku: s
[LOG] 2026-06-02T15:25:54.222Z - [WebSocket] Message Event Received in minik: [emote:39251:beeBobble]
[LOG] 2026-06-02T15:25:55.484Z - [WebSocket] Message Event Received in minik: yenile at bitince
[LOG] 2026-06-02T15:25:56.231Z - [WebSocket] Message Event Received in minik: fiyatı nedir dolgunun @minik
[LOG] 2026-06-02T15:25:56.495Z - [WebSocket] Message Event Received in ahmetturku: bu genç kim
[LOG] 2026-06-02T15:25:56.546Z - [WebSocket] Message Event Received in ahmetturku: bu nasıl ardahanlı aq
[LOG] 2026-06-02T15:25:56.798Z - [WebSocket] Message Event Received in ahmetturku: yazdım da yazmayalım madem hassas bi konuysa
[LOG] 2026-06-02T15:25:56.983Z - [WebSocket] Message Event Received in minik: LA DOVMELERI BILIYORLAR @minik
[LOG] 2026-06-02T15:25:57.398Z - [WebSocket] Message Event Received in minik: yankıcan geldi yine
[LOG] 2026-06-02T15:25:57.840Z - [WebSocket] Message Event Received in ahmetturku: normal
[LOG] 2026-06-02T15:25:58.689Z - [WebSocket] User banned in ahmetturku: {"id":"452241e7-507f-4f37-95d9-16c1ce5acd6f","user":{"id":100347022,"username":"Rakugen","slug":"rakugen"},"banned_by":{"id":0,"username":"ilker4444","slug":"ilker4444"},"permanent":false,"duration":5,"expires_at":"2026-06-02T15:30:59+00:00"}
[LOG] 2026-06-02T15:25:58.689Z - [WebSocket] User banned in ahmetturku: {"id":"452241e7-507f-4f37-95d9-16c1ce5acd6f","user":{"id":100347022,"username":"Rakugen","slug":"rakugen"},"banned_by":{"id":0,"username":"ilker4444","slug":"ilker4444"},"permanent":false,"duration":5,"expires_at":"2026-06-02T15:30:59+00:00"}
[LOG] 2026-06-02T15:25:58.809Z - [WebSocket] Message Event Received in minik: WORL ?
[LOG] 2026-06-02T15:25:58.823Z - [WebSocket] User banned in ahmetturku: {"id":"1b0c0949-cd49-4553-b7b0-0fb9bc2f7e19","user":{"id":100347022,"username":"Rakugen","slug":"rakugen"},"banned_by":{"id":0,"username":"ilker4444","slug":"ilker4444"},"permanent":false,"duration":5,"expires_at":"2026-06-02T15:30:59+00:00"}
[LOG] 2026-06-02T15:25:58.823Z - [WebSocket] User banned in ahmetturku: {"id":"1b0c0949-cd49-4553-b7b0-0fb9bc2f7e19","user":{"id":100347022,"username":"Rakugen","slug":"rakugen"},"banned_by":{"id":0,"username":"ilker4444","slug":"ilker4444"},"permanent":false,"duration":5,"expires_at":"2026-06-02T15:30:59+00:00"}
[LOG] 2026-06-02T15:25:59.120Z - [WebSocket] User banned in ahmetturku: {"id":"ea4aa1b6-d20a-4e82-a759-d51c9740e8e4","user":{"id":100505072,"username":"Deniz_2131","slug":"deniz-2131"},"banned_by":{"id":0,"username":"ilker4444","slug":"ilker4444"},"permanent":false,"duration":5,"expires_at":"2026-06-02T15:30:59+00:00"}
[LOG] 2026-06-02T15:25:59.121Z - [WebSocket] User banned in ahmetturku: {"id":"ea4aa1b6-d20a-4e82-a759-d51c9740e8e4","user":{"id":100505072,"username":"Deniz_2131","slug":"deniz-2131"},"banned_by":{"id":0,"username":"ilker4444","slug":"ilker4444"},"permanent":false,"duration":5,"expires_at":"2026-06-02T15:30:59+00:00"}
[LOG] 2026-06-02T15:25:59.546Z - [WebSocket] Message Event Received in ahmetturku: [emote:5565231:ahmetturkuhaha]
[LOG] 2026-06-02T15:25:59.835Z - [WebSocket] Message Event Received in ahmetturku: BOÜHBOHBOIGOIGIUFOOPOHJNKLHJŞKLJGHBŞIUGFŞJGVŞIUGVIÇ
[LOG] 2026-06-02T15:26:00.329Z - [WebSocket] Message Event Received in ahmetturku: olmaya çalışıyor
[LOG] 2026-06-02T15:26:01.137Z - [WebSocket] Message Event Received in minik: dolgu başka yerlerde yapılıomu
[LOG] 2026-06-02T15:26:01.818Z - [WebSocket] Message Event Received in minik: kanal tedavisi mi
[LOG] 2026-06-02T15:26:02.117Z - [WebSocket] Message Event Received in minik: üstünü giy
[LOG] 2026-06-02T15:26:02.507Z - [WebSocket] Message Event Received in ahmetturku: seviye nasıl yazıyo
[LOG] 2026-06-02T15:26:03.178Z - [WebSocket] Message Event Received in ahmetturku: [emote:37226:KEKW]
[LOG] 2026-06-02T15:26:03.800Z - [WebSocket] Message Event Received in ahmetturku: [emote:37226:KEKW]
[LOG] 2026-06-02T15:26:04.321Z - [WebSocket] Message Event Received in ahmetturku: Sen Kürtmüsün diye sorsana abi ahmetturku
[LOG] 2026-06-02T15:26:04.476Z - [WebSocket] Message Event Received in ahmetturku: boğmacı bu la
[LOG] 2026-06-02T15:26:04.714Z - [WebSocket] Message Event Received in minik: k
[LOG] 2026-06-02T15:26:04.862Z - [WebSocket] Message Event Received in ahmetturku: [emote:37226:KEKW]
[LOG] 2026-06-02T15:26:05.913Z - [WebSocket] Message Event Received in ahmetturku: [emote:37226:KEKW]
[LOG] 2026-06-02T15:26:05.933Z - [WebSocket] Message Event Received in minik: [emote:37218:Clap]
[LOG] 2026-06-02T15:26:06.227Z - [WebSocket] Message Event Received in ahmetturku: [emote:37226:KEKW]
[LOG] 2026-06-02T15:26:06.417Z - [WebSocket] Message Event Received in ahmetturku: AYYHH
[LOG] 2026-06-02T15:26:06.795Z - [WebSocket] Message Event Received in ahmetturku: [emote:37226:KEKW]
[LOG] 2026-06-02T15:26:07.520Z - [WebSocket] Message Event Received in ahmetturku: [emote:37226:KEKW]
[LOG] 2026-06-02T15:26:07.632Z - [WebSocket] Message Event Received in ahmetturku: [emote:37226:KEKW]
[LOG] 2026-06-02T15:26:07.928Z - [WebSocket] Message Event Received in ahmetturku: [emote:37226:KEKW]
[LOG] 2026-06-02T15:26:07.971Z - [WebSocket] Message Event Received in ahmetturku: [emote:37226:KEKW]
[LOG] 2026-06-02T15:26:08.944Z - [WebSocket] Message Event Received in ahmetturku: [emote:37226:KEKW]
[LOG] 2026-06-02T15:26:09.481Z - [WebSocket] Message Event Received in minik: [emote:1730776:emojiGoofy]
[LOG] 2026-06-02T15:26:10.689Z - [WebSocket] Message Event Received in ahmetturku: [emote:37226:KEKW]
[LOG] 2026-06-02T15:26:10.812Z - [WebSocket] Message Event Received in ahmetturku: [emote:37226:KEKW]
[LOG] 2026-06-02T15:26:11.050Z - [WebSocket] Message Event Received in ahmetturku: [emote:37226:KEKW]
[LOG] 2026-06-02T15:26:11.820Z - [WebSocket] Message Event Received in ahmetturku: [emote:37226:KEKW]
[LOG] 2026-06-02T15:26:12.304Z - [WebSocket] Message Event Received in minik: Bence gerek yoktu dolguya da
[LOG] 2026-06-02T15:26:12.512Z - [WebSocket] Message Event Received in ahmetturku: BU GENÇ KİM
[LOG] 2026-06-02T15:26:12.834Z - [WebSocket] Message Event Received in ahmetturku: [emote:37226:KEKW]
[LOG] 2026-06-02T15:26:13.032Z - [WebSocket] Message Event Received in ahmetturku: sa
[LOG] 2026-06-02T15:26:13.132Z - [WebSocket] Message Event Received in minik: defne selam
[LOG] 2026-06-02T15:26:14.222Z - [WebSocket] Message Event Received in ahmetturku: [emote:4148081:Sadge]
[LOG] 2026-06-02T15:26:14.380Z - [WebSocket] Message Event Received in eray: as
[LOG] 2026-06-02T15:26:14.768Z - [WebSocket] Message Event Received in ahmetturku: getirsin bi kaçak çay
[LOG] 2026-06-02T15:26:15.262Z - [WebSocket] Message Event Received in minik: ızlemene baglı level verıyor
[LOG] 2026-06-02T15:26:15.725Z - [WebSocket] Message Event Received in ahmetturku: bu nasıl abisi amk yumurcaktv gibi suratı
[LOG] 2026-06-02T15:26:16.407Z - [WebSocket] Message Event Received in minik: [emote:39402:Flowie]
[LOG] 2026-06-02T15:26:17.007Z - [WebSocket] Message Event Received in ahmetturku: [emote:37226:KEKW]
[LOG] 2026-06-02T15:26:17.035Z - [WebSocket] Message Event Received in ahmetturku: YARMA YA
[LOG] 2026-06-02T15:26:17.521Z - [WebSocket] Message Event Received in ahmetturku: [emote:37226:KEKW]
[LOG] 2026-06-02T15:26:17.609Z - [WebSocket] Message Event Received in ahmetturku: [emote:37226:KEKW]
[LOG] 2026-06-02T15:26:18.140Z - [WebSocket] Message Event Received in eray: slim mesajları nıye sıldı
[LOG] 2026-06-02T15:26:18.481Z - [WebSocket] Message Event Received in minik: ÜST GİY
[LOG] 2026-06-02T15:26:18.977Z - [WebSocket] Message Event Received in minik: selam ya
[LOG] 2026-06-02T15:26:19.404Z - [WebSocket] Message Event Received in minik: defne selam
[LOG] 2026-06-02T15:26:19.656Z - [WebSocket] Message Event Received in ahmetturku: iyice kardeş rp oldu
[LOG] 2026-06-02T15:26:19.888Z - [WebSocket] Message deleted in ahmetturku: {"id":"4beaa46e-04df-4723-9ba0-1b0743fef71c","message":{"id":"6aa3c958-c4a5-4c7b-a570-98dc80d1043e"},"aiModerated":true,"violatedRules":["hate"]}
[LOG] 2026-06-02T15:26:19.889Z - [WebSocket] Message deleted in ahmetturku: {"id":"4beaa46e-04df-4723-9ba0-1b0743fef71c","message":{"id":"6aa3c958-c4a5-4c7b-a570-98dc80d1043e"},"aiModerated":true,"violatedRules":["hate"]}
[LOG] 2026-06-02T15:26:19.993Z - [WebSocket] Message Event Received in ahmetturku: [emote:37229:OOOO]
[LOG] 2026-06-02T15:26:20.272Z - [WebSocket] Message Event Received in ahmetturku: alttaki ayarlar sonra profil
[LOG] 2026-06-02T15:26:22.169Z - [WebSocket] Message Event Received in ahmetturku: aaaaa tesadüfe bak sehmusun saçlarla aynı
[LOG] 2026-06-02T15:26:22.542Z - [WebSocket] Message Event Received in ahmetturku: sus lan acitasyon yapma
[LOG] 2026-06-02T15:26:23.668Z - [WebSocket] Message Event Received in ahmetturku: UVEY KARDES COZDUM
[LOG] 2026-06-02T15:26:24.405Z - [WebSocket] Message Event Received in ahmetturku: altan napiyo
[LOG] 2026-06-02T15:26:24.548Z - [WebSocket] Message Event Received in minik: bende 3 yıldır duruyo abi
[LOG] 2026-06-02T15:26:24.802Z - [WebSocket] Message Event Received in minik: o dolguya alışması zaten 1 ay
[LOG] 2026-06-02T15:26:25.256Z - [WebSocket] Message Event Received in minik: [emote:37221:EZ]
[LOG] 2026-06-02T15:26:25.377Z - [WebSocket] Message Event Received in ahmetturku: [emote:37226:KEKW]
[LOG] 2026-06-02T15:26:26.474Z - [WebSocket] Message Event Received in minik: k
[LOG] 2026-06-02T15:26:28.223Z - [WebSocket] User banned in ahmetturku: {"id":"2455cb9b-aed2-49d2-905c-53634d15e65c","user":{"id":60898048,"username":"eferson31","slug":"eferson31"},"banned_by":{"id":0,"username":"ErenTurku","slug":"erenturku"},"permanent":false,"duration":5,"expires_at":"2026-06-02T15:31:29+00:00"}
[LOG] 2026-06-02T15:26:28.224Z - [WebSocket] User banned in ahmetturku: {"id":"2455cb9b-aed2-49d2-905c-53634d15e65c","user":{"id":60898048,"username":"eferson31","slug":"eferson31"},"banned_by":{"id":0,"username":"ErenTurku","slug":"erenturku"},"permanent":false,"duration":5,"expires_at":"2026-06-02T15:31:29+00:00"}
[LOG] 2026-06-02T15:26:28.740Z - [WebSocket] User banned in ahmetturku: {"id":"0499f65f-8d52-4bc3-bc93-7a17cfcaacf5","user":{"id":60898048,"username":"eferson31","slug":"eferson31"},"banned_by":{"id":0,"username":"ErenTurku","slug":"erenturku"},"permanent":false,"duration":5,"expires_at":"2026-06-02T15:31:29+00:00"}
[LOG] 2026-06-02T15:26:28.741Z - [WebSocket] User banned in ahmetturku: {"id":"0499f65f-8d52-4bc3-bc93-7a17cfcaacf5","user":{"id":60898048,"username":"eferson31","slug":"eferson31"},"banned_by":{"id":0,"username":"ErenTurku","slug":"erenturku"},"permanent":false,"duration":5,"expires_at":"2026-06-02T15:31:29+00:00"}
[LOG] 2026-06-02T15:26:30.081Z - [WebSocket] Message Event Received in eray: [emote:37221:EZ]
[LOG] 2026-06-02T15:26:30.208Z - [WebSocket] Message Event Received in ahmetturku: [emote:4148081:Sadge]
[LOG] 2026-06-02T15:26:30.425Z - [WebSocket] Message Event Received in ahmetturku: bu seviye işi nasıl artıyor la
[LOG] 2026-06-02T15:26:30.550Z - [WebSocket] Message Event Received in minik: [emote:37226:KEKW]
[LOG] 2026-06-02T15:26:31.418Z - [WebSocket] Message Event Received in ahmetturku: seri karakter silme gelmeli
[LOG] 2026-06-02T15:26:32.229Z - [WebSocket] Message Event Received in minik: [emote:37226:KEKW]
[LOG] 2026-06-02T15:26:32.430Z - [WebSocket] Message Event Received in eray: sa
[LOG] 2026-06-02T15:26:33.150Z - [WebSocket] Message Event Received in minik: Kac saate 10 lvl oldun kuzen
[LOG] 2026-06-02T15:26:34.791Z - [WebSocket] Message Event Received in ahmetturku: DOĞR
[LOG] 2026-06-02T15:26:35.447Z - [WebSocket] Message Event Received in ahmetturku: BUYUK RESMİ COZDUM
[LOG] 2026-06-02T15:26:36.197Z - [WebSocket] Message Event Received in minik: [emote:37226:KEKW]
[LOG] 2026-06-02T15:26:36.304Z - [WebSocket] Message Event Received in minik: [emote:37226:KEKW]
[LOG] 2026-06-02T15:26:36.394Z - [WebSocket] Message Event Received in minik: [emote:37226:KEKW]
[LOG] 2026-06-02T15:26:36.770Z - [WebSocket] Message Event Received in ahmetturku: bukim aq
[LOG] 2026-06-02T15:26:36.791Z - [WebSocket] Message Event Received in minik: [emote:37226:KEKW]
[LOG] 2026-06-02T15:26:36.799Z - [WebSocket] User banned in ahmetturku: {"id":"234d1b4a-161b-43e8-9e10-f73b05c9ee56","user":{"id":34027573,"username":"cnk_muhammet","slug":"cnk-muhammet"},"banned_by":{"id":0,"username":"ErenTurku","slug":"erenturku"},"permanent":false,"duration":5,"expires_at":"2026-06-02T15:31:37+00:00"}
[LOG] 2026-06-02T15:26:36.800Z - [WebSocket] User banned in ahmetturku: {"id":"234d1b4a-161b-43e8-9e10-f73b05c9ee56","user":{"id":34027573,"username":"cnk_muhammet","slug":"cnk-muhammet"},"banned_by":{"id":0,"username":"ErenTurku","slug":"erenturku"},"permanent":false,"duration":5,"expires_at":"2026-06-02T15:31:37+00:00"}
[LOG] 2026-06-02T15:26:36.804Z - [WebSocket] Message Event Received in minik: [emote:37226:KEKW]
[LOG] 2026-06-02T15:26:38.398Z - [WebSocket] Message Event Received in minik: [emote:37226:KEKW]
[LOG] 2026-06-02T15:26:38.402Z - [WebSocket] Message Event Received in ahmetturku: bekir izin vermiyormuş
[LOG] 2026-06-02T15:26:39.140Z - [WebSocket] Message Event Received in minik: [emote:39402:Flowie][emote:39402:Flowie]
[LOG] 2026-06-02T15:26:39.295Z - [WebSocket] Message Event Received in minik: [emote:37226:KEKW]
[LOG] 2026-06-02T15:26:40.199Z - [WebSocket] Message Event Received in minik: [emote:37226:KEKW]
[LOG] 2026-06-02T15:26:41.705Z - [WebSocket] Message Event Received in minik: utanıyo yüz yüze konusmaya camdan bakıyo
[LOG] 2026-06-02T15:26:41.857Z - [WebSocket] Message Event Received in ahmetturku: şarkıyla sad edit yapıyo kendine amk
[LOG] 2026-06-02T15:26:41.965Z - [WebSocket] Message Event Received in ahmetturku: erayın stori baksana 😂😂
[LOG] 2026-06-02T15:26:42.121Z - [WebSocket] Message Event Received in eray: chatin altıdna ayarlar var ordan prfolıe gır sevıyeye tıkla
[LOG] 2026-06-02T15:26:44.227Z - [WebSocket] Message Event Received in minik: [emote:37226:KEKW]
[LOG] 2026-06-02T15:26:46.266Z - [WebSocket] Message Event Received in minik: [emote:4148081:Sadge]
[LOG] 2026-06-02T15:26:46.579Z - [WebSocket] Message Event Received in ahmetturku: 500 dolar paran yok hayat hikayesi anlatiyon al kendini git ya
[LOG] 2026-06-02T15:26:47.822Z - [WebSocket] Message Event Received in minik: [emote:37226:KEKW]
[LOG] 2026-06-02T15:26:48.189Z - [WebSocket] Message Event Received in minik: cama tıklat
[LOG] 2026-06-02T15:26:48.536Z - [WebSocket] Message Event Received in ahmetturku: bu neyi
[LOG] 2026-06-02T15:26:48.594Z - [WebSocket] Message Event Received in minik: BIZE ASIK
[LOG] 2026-06-02T15:26:51.898Z - [WebSocket] Message Event Received in ahmetturku: [emote:37226:KEKW]
[LOG] 2026-06-02T15:26:51.908Z - [WebSocket] Message Event Received in minik: [emote:37227:LULW]
[LOG] 2026-06-02T15:26:54.301Z - [WebSocket] Message Event Received in minik: senin seviyeye gerek yok izleme saatin yeter
[LOG] 2026-06-02T15:26:54.559Z - [WebSocket] Message Event Received in minik: defne selam ya
[LOG] 2026-06-02T15:26:54.607Z - [WebSocket] Message Event Received in minik: [emote:37226:KEKW]
[LOG] 2026-06-02T15:26:55.269Z - [WebSocket] Message Event Received in minik: [emote:37226:KEKW]
[LOG] 2026-06-02T15:26:55.739Z - [WebSocket] Message Event Received in minik: SKZYHSDKJFHDSJKG
[LOG] 2026-06-02T15:26:56.160Z - [WebSocket] Message Event Received in ahmetturku: olum basran guzel yapıyo rolu sasırdım
[LOG] 2026-06-02T15:26:56.357Z - [WebSocket] Message Event Received in ahmetturku: ŞEHMUSLA İLGİSİ YOK OLMAYACAKTA BÜ
[LOG] 2026-06-02T15:26:57.421Z - [WebSocket] Message Event Received in ahmetturku: eller arkada atmış bide ya
[LOG] 2026-06-02T15:26:57.689Z - [WebSocket] Message Event Received in minik: [emote:39402:Flowie][emote:39402:Flowie][emote:39402:Flowie]
[LOG] 2026-06-02T15:26:57.724Z - [WebSocket] Message Event Received in ahmetturku: 0
[LOG] 2026-06-02T15:26:58.055Z - [WebSocket] Message Event Received in minik: [emote:37226:KEKW]
[LOG] 2026-06-02T15:26:58.516Z - [WebSocket] Message Event Received in ahmetturku: [emote:37226:KEKW]
[LOG] 2026-06-02T15:26:58.891Z - [WebSocket] Message Event Received in minik: [emote:37226:KEKW]
[LOG] 2026-06-02T15:26:59.482Z - [WebSocket] Message Event Received in ahmetturku: [emote:37226:KEKW]
[LOG] 2026-06-02T15:26:59.693Z - [WebSocket] Message Event Received in ahmetturku: [emote:4148081:Sadge]
[LOG] 2026-06-02T15:26:59.726Z - [WebSocket] Message Event Received in ahmetturku: AMMA VELAKİN
[LOG] 2026-06-02T15:26:59.987Z - [WebSocket] Message Event Received in minik: [emote:37226:KEKW]
[LOG] 2026-06-02T15:27:00.075Z - [WebSocket] Message Event Received in minik: [emote:37226:KEKW]
[LOG] 2026-06-02T15:27:00.801Z - [WebSocket] Message Event Received in ahmetturku: [emote:37226:KEKW]
[LOG] 2026-06-02T15:27:00.886Z - [WebSocket] Message Event Received in ahmetturku: [emote:37226:KEKW]
[LOG] 2026-06-02T15:27:01.075Z - [WebSocket] Message Event Received in minik: [emote:39402:Flowie]
[LOG] 2026-06-02T15:27:01.560Z - [WebSocket] Message Event Received in minik: [emote:37226:KEKW]
[LOG] 2026-06-02T15:27:01.618Z - [WebSocket] Message Event Received in minik: [emote:37226:KEKW]
[LOG] 2026-06-02T15:27:02.046Z - [WebSocket] Message Event Received in minik: [emote:37226:KEKW]
[LOG] 2026-06-02T15:27:02.329Z - [WebSocket] Message Event Received in ahmetturku: [emote:37226:KEKW]
[LOG] 2026-06-02T15:27:02.576Z - [WebSocket] Message Event Received in ahmetturku: gecen gun polisleri tarasim
[LOG] 2026-06-02T15:27:02.626Z - [WebSocket] Message Event Received in minik: [emote:37226:KEKW]
[LOG] 2026-06-02T15:27:02.835Z - [WebSocket] Message Event Received in ahmetturku: yehmuz
[LOG] 2026-06-02T15:27:03.090Z - [WebSocket] Message Event Received in minik: BUNA EMOTE ATARKEN DİKKAT ET EMİNİM
[LOG] 2026-06-02T15:27:03.311Z - [WebSocket] Message Event Received in ahmetturku: [emote:37226:KEKW]
[LOG] 2026-06-02T15:27:03.858Z - [WebSocket] Message Event Received in ahmetturku: [emote:37226:KEKW]
[LOG] 2026-06-02T15:27:04.213Z - [WebSocket] Message Event Received in eray: [emote:1730772:emojiFire]
[LOG] 2026-06-02T15:27:05.406Z - [WebSocket] Message Event Received in ahmetturku: [emote:37226:KEKW]
[LOG] 2026-06-02T15:27:05.707Z - [WebSocket] Message Event Received in minik: [emote:37227:LULW]
[LOG] 2026-06-02T15:27:06.912Z - [WebSocket] Message Event Received in minik: [emote:37226:KEKW]
[LOG] 2026-06-02T15:27:07.888Z - [WebSocket] Message Event Received in ahmetturku: [emote:37226:KEKW]
[LOG] 2026-06-02T15:27:08.565Z - [WebSocket] Message Event Received in minik: [emote:37226:KEKW]
[LOG] 2026-06-02T15:27:09.103Z - [WebSocket] Message Event Received in ahmetturku: [emote:37226:KEKW]
[LOG] 2026-06-02T15:27:10.726Z - [WebSocket] Message Event Received in ahmetturku: [emote:37226:KEKW]
[LOG] 2026-06-02T15:27:11.103Z - [WebSocket] Message Event Received in ahmetturku: [emote:37226:KEKW]
[LOG] 2026-06-02T15:27:11.179Z - [WebSocket] Message Event Received in ahmetturku: melek gibi takılıyor ya borandan sonra dgokkğpgadğgpkda
[LOG] 2026-06-02T15:27:11.556Z - [WebSocket] Message Event Received in minik: [emote:37226:KEKW]
[LOG] 2026-06-02T15:27:12.958Z - [WebSocket] Message Event Received in eray: güncel değilse gözükmüyor ama güncellemek lazım
[LOG] 2026-06-02T15:27:14.267Z - [WebSocket] Message Event Received in minik: [emote:37226:KEKW]
[LOG] 2026-06-02T15:27:14.511Z - [WebSocket] Message Event Received in ahmetturku: baran qgdjqdgjqdgjqgrjgqrj2rg
[LOG] 2026-06-02T15:27:14.706Z - [WebSocket] Message Event Received in minik: YİAA
[LOG] 2026-06-02T15:27:14.721Z - [WebSocket] Message Event Received in eray: sa
[LOG] 2026-06-02T15:27:15.137Z - [WebSocket] Message Event Received in minik: [emote:37226:KEKW]
[LOG] 2026-06-02T15:27:16.993Z - [WebSocket] Message Event Received in ahmetturku: [emote:37226:KEKW]
[LOG] 2026-06-02T15:27:17.061Z - [WebSocket] Message Event Received in ahmetturku: [emote:37226:KEKW]
[LOG] 2026-06-02T15:27:17.186Z - [WebSocket] Message Event Received in ahmetturku: [emote:37226:KEKW]
[LOG] 2026-06-02T15:27:17.938Z - [WebSocket] Message Event Received in ahmetturku: kardeşi mi la
[LOG] 2026-06-02T15:27:18.597Z - [WebSocket] Message Event Received in ahmetturku: nane
[LOG] 2026-06-02T15:27:18.635Z - [WebSocket] Message Event Received in minik: 4 lü date
[LOG] 2026-06-02T15:27:18.810Z - [WebSocket] Message Event Received in ahmetturku: Bu rol devam etmesin bence karakter yanlış
[LOG] 2026-06-02T15:27:18.968Z - [WebSocket] Message Event Received in ahmetturku: salim şahin değişiyor hep
[LOG] 2026-06-02T15:27:19.223Z - [WebSocket] Message Event Received in ahmetturku: [emote:37226:KEKW]
[LOG] 2026-06-02T15:27:19.614Z - [WebSocket] Message Event Received in ahmetturku: [emote:37226:KEKW]
[LOG] 2026-06-02T15:27:19.730Z - [WebSocket] Message Event Received in ahmetturku: [emote:37226:KEKW]
[LOG] 2026-06-02T15:27:20.128Z - [WebSocket] Message Event Received in ahmetturku: [emote:37226:KEKW]
[LOG] 2026-06-02T15:27:20.134Z - [WebSocket] Message Event Received in minik: [emote:5339426:kickDrops]
[LOG] 2026-06-02T15:27:22.165Z - [WebSocket] Message Event Received in ahmetturku: [emote:37226:KEKW]
[LOG] 2026-06-02T15:27:23.441Z - [WebSocket] User banned in ahmetturku: {"id":"7987e08f-f424-479b-9ac6-76da29543642","user":{"id":72083163,"username":"TuNa435","slug":"tuna435"},"banned_by":{"id":0,"username":"ErenTurku","slug":"erenturku"},"permanent":false,"duration":5,"expires_at":"2026-06-02T15:32:24+00:00"}
[LOG] 2026-06-02T15:27:23.442Z - [WebSocket] User banned in ahmetturku: {"id":"7987e08f-f424-479b-9ac6-76da29543642","user":{"id":72083163,"username":"TuNa435","slug":"tuna435"},"banned_by":{"id":0,"username":"ErenTurku","slug":"erenturku"},"permanent":false,"duration":5,"expires_at":"2026-06-02T15:32:24+00:00"}
[LOG] 2026-06-02T15:27:23.482Z - [WebSocket] User banned in ahmetturku: {"id":"10735737-f079-4f33-84c0-073c2107c612","user":{"id":72083163,"username":"TuNa435","slug":"tuna435"},"banned_by":{"id":0,"username":"ErenTurku","slug":"erenturku"},"permanent":false,"duration":5,"expires_at":"2026-06-02T15:32:24+00:00"}
[LOG] 2026-06-02T15:27:23.484Z - [WebSocket] User banned in ahmetturku: {"id":"10735737-f079-4f33-84c0-073c2107c612","user":{"id":72083163,"username":"TuNa435","slug":"tuna435"},"banned_by":{"id":0,"username":"ErenTurku","slug":"erenturku"},"permanent":false,"duration":5,"expires_at":"2026-06-02T15:32:24+00:00"}
[LOG] 2026-06-02T15:27:23.767Z - [WebSocket] Message Event Received in minik: [emote:39402:Flowie][emote:39402:Flowie]
[LOG] 2026-06-02T15:27:24.485Z - [WebSocket] Message Event Received in ahmetturku: [emote:37226:KEKW]
[LOG] 2026-06-02T15:27:24.533Z - [WebSocket] Message Event Received in eray: as
[LOG] 2026-06-02T15:27:26.477Z - [WebSocket] Message Event Received in ahmetturku: [emote:37226:KEKW]
[LOG] 2026-06-02T15:27:26.775Z - [WebSocket] Message Event Received in ahmetturku: [emote:37226:KEKW]
[LOG] 2026-06-02T15:27:27.206Z - [WebSocket] Message Event Received in ahmetturku: YA SU BARANI YOLLASANA YA
[LOG] 2026-06-02T15:27:27.930Z - [WebSocket] Message Event Received in ahmetturku: [emote:37226:KEKW]
[LOG] 2026-06-02T15:27:27.937Z - [WebSocket] Message Event Received in ahmetturku: HARBİ ELLER ARKADA EMOTEU ATIYOR BAK
[LOG] 2026-06-02T15:27:28.268Z - [WebSocket] Message Event Received in ahmetturku: [emote:37226:KEKW]
[LOG] 2026-06-02T15:27:28.311Z - [WebSocket] Message Event Received in minik: [emote:37226:KEKW]
[LOG] 2026-06-02T15:27:28.347Z - [WebSocket] Message Event Received in minik: TEASERLANA BİZİ
[LOG] 2026-06-02T15:27:29.182Z - [WebSocket] Message Event Received in ahmetturku: [emote:37226:KEKW]
[LOG] 2026-06-02T15:27:29.844Z - [WebSocket] User banned in ahmetturku: {"id":"9210ea6f-e52e-4411-8c81-204481be2709","user":{"id":61404503,"username":"alpx06","slug":"alpx06"},"banned_by":{"id":0,"username":"ErenTurku","slug":"erenturku"},"permanent":false,"duration":5,"expires_at":"2026-06-02T15:32:30+00:00"}
[LOG] 2026-06-02T15:27:29.845Z - [WebSocket] User banned in ahmetturku: {"id":"9210ea6f-e52e-4411-8c81-204481be2709","user":{"id":61404503,"username":"alpx06","slug":"alpx06"},"banned_by":{"id":0,"username":"ErenTurku","slug":"erenturku"},"permanent":false,"duration":5,"expires_at":"2026-06-02T15:32:30+00:00"}
[LOG] 2026-06-02T15:27:29.913Z - [WebSocket] Message Event Received in ahmetturku: [emote:37226:KEKW]
[LOG] 2026-06-02T15:27:29.943Z - [WebSocket] User banned in ahmetturku: {"id":"442979a4-6abc-4828-a894-f67e553bad3c","user":{"id":61404503,"username":"alpx06","slug":"alpx06"},"banned_by":{"id":0,"username":"ErenTurku","slug":"erenturku"},"permanent":false,"duration":5,"expires_at":"2026-06-02T15:32:30+00:00"}
[LOG] 2026-06-02T15:27:29.944Z - [WebSocket] User banned in ahmetturku: {"id":"442979a4-6abc-4828-a894-f67e553bad3c","user":{"id":61404503,"username":"alpx06","slug":"alpx06"},"banned_by":{"id":0,"username":"ErenTurku","slug":"erenturku"},"permanent":false,"duration":5,"expires_at":"2026-06-02T15:32:30+00:00"}
[LOG] 2026-06-02T15:27:30.149Z - [WebSocket] User banned in ahmetturku: {"id":"003d5152-0b0b-4194-809e-f84b52496d19","user":{"id":61404503,"username":"alpx06","slug":"alpx06"},"banned_by":{"id":0,"username":"ErenTurku","slug":"erenturku"},"permanent":false,"duration":5,"expires_at":"2026-06-02T15:32:31+00:00"}
[LOG] 2026-06-02T15:27:30.150Z - [WebSocket] User banned in ahmetturku: {"id":"003d5152-0b0b-4194-809e-f84b52496d19","user":{"id":61404503,"username":"alpx06","slug":"alpx06"},"banned_by":{"id":0,"username":"ErenTurku","slug":"erenturku"},"permanent":false,"duration":5,"expires_at":"2026-06-02T15:32:31+00:00"}
[LOG] 2026-06-02T15:27:30.268Z - [WebSocket] Message Event Received in minik: [emote:37226:KEKW]
[LOG] 2026-06-02T15:27:31.563Z - [WebSocket] Message Event Received in minik: [emote:37226:KEKW]
[LOG] 2026-06-02T15:27:31.819Z - [WebSocket] Message Event Received in minik: skin çıkarmıs
[LOG] 2026-06-02T15:27:32.381Z - [WebSocket] Message Event Received in ahmetturku: soyadda aynı
[LOG] 2026-06-02T15:27:32.399Z - [WebSocket] Message Event Received in minik: [emote:37226:KEKW]
[LOG] 2026-06-02T15:27:32.561Z - [WebSocket] Message Event Received in minik: [emote:37226:KEKW]
[LOG] 2026-06-02T15:27:32.573Z - [WebSocket] Message Event Received in minik: bi oturup düşünelim onu
[LOG] 2026-06-02T15:27:32.965Z - [WebSocket] Message Event Received in minik: [emote:37226:KEKW]
[LOG] 2026-06-02T15:27:33.627Z - [WebSocket] Message Event Received in minik: [emote:37226:KEKW]
[LOG] 2026-06-02T15:27:33.856Z - [WebSocket] Message Event Received in ahmetturku: [emote:37226:KEKW]
[LOG] 2026-06-02T15:27:33.996Z - [WebSocket] Message Event Received in minik: [emote:37226:KEKW]
[LOG] 2026-06-02T15:27:35.101Z - [WebSocket] Message Event Received in ahmetturku: [emote:37226:KEKW]
[LOG] 2026-06-02T15:27:35.165Z - [WebSocket] Message Event Received in ahmetturku: eller arkada
[LOG] 2026-06-02T15:27:35.306Z - [WebSocket] Message Event Received in minik: [emote:37226:KEKW]
[LOG] 2026-06-02T15:27:35.919Z - [WebSocket] Message Event Received in minik: VAAAAAAY
[LOG] 2026-06-02T15:27:37.816Z - [WebSocket] Message deleted in eray: {"id":"54648516-1694-4842-b0c3-11a5b3c5857a","message":{"id":"ae3d481c-5954-4368-88c9-2b184d850802"},"aiModerated":true,"violatedRules":["hate"]}
[LOG] 2026-06-02T15:27:37.819Z - [WebSocket] Message deleted in eray: {"id":"54648516-1694-4842-b0c3-11a5b3c5857a","message":{"id":"ae3d481c-5954-4368-88c9-2b184d850802"},"aiModerated":true,"violatedRules":["hate"]}
[LOG] 2026-06-02T15:27:39.501Z - [WebSocket] Message Event Received in minik: yenile atttt
[LOG] 2026-06-02T15:27:39.709Z - [WebSocket] Message Event Received in ahmetturku: gizli bilgi
[LOG] 2026-06-02T15:27:39.841Z - [WebSocket] Message Event Received in minik: [emote:37226:KEKW]
[LOG] 2026-06-02T15:27:40.114Z - [WebSocket] Message Event Received in minik: [emote:37226:KEKW]
[LOG] 2026-06-02T15:27:40.676Z - [WebSocket] Message Event Received in minik: [emote:37226:KEKW]
[LOG] 2026-06-02T15:27:42.043Z - [WebSocket] Message Event Received in minik: [emote:37226:KEKW]
[LOG] 2026-06-02T15:27:42.860Z - [WebSocket] User banned in ahmetturku: {"id":"fdc6addd-cac3-4164-bbc0-137ee27c81b3","user":{"id":42548127,"username":"thornyero","slug":"thornyero"},"banned_by":{"id":0,"username":"ErenTurku","slug":"erenturku"},"permanent":false,"duration":5,"expires_at":"2026-06-02T15:32:43+00:00"}
[LOG] 2026-06-02T15:27:42.861Z - [WebSocket] User banned in ahmetturku: {"id":"fdc6addd-cac3-4164-bbc0-137ee27c81b3","user":{"id":42548127,"username":"thornyero","slug":"thornyero"},"banned_by":{"id":0,"username":"ErenTurku","slug":"erenturku"},"permanent":false,"duration":5,"expires_at":"2026-06-02T15:32:43+00:00"}
[LOG] 2026-06-02T15:27:43.047Z - [WebSocket] Message Event Received in ahmetturku: AHSHSHHSHSHSHS
[LOG] 2026-06-02T15:27:43.433Z - [WebSocket] Message Event Received in minik: BEN ATARIM DİYO SANA TEASER I
[LOG] 2026-06-02T15:27:44.580Z - [WebSocket] Message Event Received in minik: [emote:37227:LULW]
[LOG] 2026-06-02T15:27:45.924Z - [WebSocket] Message Event Received in minik: [emote:37226:KEKW]
[LOG] 2026-06-02T15:27:47.203Z - [WebSocket] Message Event Received in minik: yenilerere at
[LOG] 2026-06-02T15:27:47.666Z - [WebSocket] User banned in ahmetturku: {"id":"b23b3a02-97f6-453d-8a34-0e9c5f8cc9d2","user":{"id":26982057,"username":"Buqra00","slug":"buqra00"},"banned_by":{"id":0,"username":"ErenTurku","slug":"erenturku"},"permanent":false,"duration":5,"expires_at":"2026-06-02T15:32:48+00:00"}
[LOG] 2026-06-02T15:27:47.667Z - [WebSocket] User banned in ahmetturku: {"id":"b23b3a02-97f6-453d-8a34-0e9c5f8cc9d2","user":{"id":26982057,"username":"Buqra00","slug":"buqra00"},"banned_by":{"id":0,"username":"ErenTurku","slug":"erenturku"},"permanent":false,"duration":5,"expires_at":"2026-06-02T15:32:48+00:00"}
[LOG] 2026-06-02T15:27:49.935Z - [WebSocket] Message Event Received in ahmetturku: ayarlara tıkla aşağıdaki profile gel ordan tak
[LOG] 2026-06-02T15:27:50.770Z - [WebSocket] Message Event Received in ahmetturku: ellerde arkada
[LOG] 2026-06-02T15:27:52.646Z - [WebSocket] Message Event Received in ahmetturku: [emote:37226:KEKW]
[LOG] 2026-06-02T15:27:53.090Z - [WebSocket] Message Event Received in ahmetturku: [emote:37226:KEKW]
[LOG] 2026-06-02T15:27:53.483Z - [WebSocket] Message Event Received in ahmetturku: lan fikri
[LOG] 2026-06-02T15:27:53.582Z - [WebSocket] Message Event Received in ahmetturku: [emote:37226:KEKW]
[LOG] 2026-06-02T15:27:54.331Z - [WebSocket] Message Event Received in ahmetturku: [emote:37226:KEKW]
[LOG] 2026-06-02T15:27:55.432Z - [WebSocket] Message Event Received in ahmetturku: [emote:37226:KEKW]
[LOG] 2026-06-02T15:27:55.759Z - [WebSocket] Message Event Received in ahmetturku: [emote:37226:KEKW]
[LOG] 2026-06-02T15:27:57.673Z - [WebSocket] Message Event Received in ahmetturku: BUM
[LOG] 2026-06-02T15:27:57.705Z - [WebSocket] Message Event Received in ahmetturku: knk harbi nasıl aldınız
[LOG] 2026-06-02T15:27:57.929Z - [WebSocket] Message Event Received in ahmetturku: ahmet ulas emir ulas kadir ulas eray ulas
[LOG] 2026-06-02T15:27:58.140Z - [WebSocket] Message Event Received in minik: lan yenile atttt
[LOG] 2026-06-02T15:27:58.535Z - [WebSocket] Message Event Received in ahmetturku: [emote:37226:KEKW]
[LOG] 2026-06-02T15:28:00.619Z - [WebSocket] Message Event Received in ahmetturku: lan niye söyledin
[LOG] 2026-06-02T15:28:00.865Z - [WebSocket] Message Event Received in ahmetturku: [emote:4148081:Sadge]
[LOG] 2026-06-02T15:28:01.105Z - [WebSocket] Message Event Received in minik: YA SUS SUS MİRA NOVAYA SOYLICEK
[LOG] 2026-06-02T15:28:02.674Z - [WebSocket] Message Event Received in ahmetturku: [emote:37226:KEKW]
[LOG] 2026-06-02T15:28:03.728Z - [WebSocket] Message Event Received in ahmetturku: [emote:37226:KEKW]
[LOG] 2026-06-02T15:28:04.187Z - [WebSocket] Message Event Received in ahmetturku: [emote:37226:KEKW]
[LOG] 2026-06-02T15:28:04.630Z - [WebSocket] Message Event Received in minik: aşağıda
[LOG] 2026-06-02T15:28:04.795Z - [WebSocket] Message Event Received in ahmetturku: [emote:37226:KEKW]
[LOG] 2026-06-02T15:28:04.911Z - [WebSocket] Message Event Received in ahmetturku: [emote:5565239:ahmetturkusalla]
[LOG] 2026-06-02T15:28:05.126Z - [WebSocket] Message Event Received in ahmetturku: [emote:37226:KEKW]
[LOG] 2026-06-02T15:28:06.129Z - [WebSocket] Message Event Received in ahmetturku: SALIMI OĞLUMUZ OLARAK ALALIM PDDE YARDIM EDER
[LOG] 2026-06-02T15:28:06.602Z - [WebSocket] Message Event Received in ahmetturku: [emote:37226:KEKW]
[LOG] 2026-06-02T15:28:06.695Z - [WebSocket] Message Event Received in ahmetturku: [emote:37226:KEKW]
[LOG] 2026-06-02T15:28:07.031Z - [WebSocket] Message Event Received in ahmetturku: [emote:5565231:ahmetturkuhaha]
[LOG] 2026-06-02T15:28:07.284Z - [WebSocket] Message Event Received in ahmetturku: [emote:37226:KEKW]
[LOG] 2026-06-02T15:28:08.144Z - [WebSocket] Message Event Received in ahmetturku: [emote:37226:KEKW]
[LOG] 2026-06-02T15:28:08.785Z - [WebSocket] Message Event Received in ahmetturku: rozet olarak takıyon
[LOG] 2026-06-02T15:28:08.845Z - [WebSocket] Message Event Received in ahmetturku: [emote:37226:KEKW]
[LOG] 2026-06-02T15:28:09.509Z - [WebSocket] Message Event Received in ahmetturku: [emote:37226:KEKW]
[LOG] 2026-06-02T15:28:09.803Z - [WebSocket] Message Event Received in ahmetturku: [emote:5565231:ahmetturkuhaha]
[LOG] 2026-06-02T15:28:11.526Z - [WebSocket] Message Event Received in ahmetturku: la tükkan sahibi diye
[LOG] 2026-06-02T15:28:12.168Z - [WebSocket] Message Event Received in minik: [emote:37226:KEKW]
[LOG] 2026-06-02T15:28:17.428Z - [WebSocket] Message Event Received in ahmetturku: [emote:5565231:ahmetturkuhaha]
[LOG] 2026-06-02T15:28:17.905Z - [WebSocket] Message Event Received in ahmetturku: eyv
[LOG] 2026-06-02T15:28:18.230Z - [WebSocket] Message Event Received in eray: öyle duruyor rozet olarak
[LOG] 2026-06-02T15:28:18.971Z - [WebSocket] Message Event Received in ahmetturku: 😂
[LOG] 2026-06-02T15:28:19.513Z - [WebSocket] Message Event Received in ahmetturku: ABONE MOD MU
[LOG] 2026-06-02T15:28:21.919Z - [WebSocket] Message Event Received in ahmetturku: [emote:37226:KEKW]
[LOG] 2026-06-02T15:28:23.371Z - [WebSocket] Message Event Received in ahmetturku: beyler adam ck yiyecek ne yaptı bi söylesenize amk
[LOG] 2026-06-02T15:28:24.077Z - [WebSocket] Message Event Received in ahmetturku: [emote:37226:KEKW]
[LOG] 2026-06-02T15:28:25.208Z - [WebSocket] Message Event Received in minik: bu ne alajlwhxkshak
[LOG] 2026-06-02T15:28:25.600Z - [WebSocket] Message Event Received in ahmetturku: AS
[LOG] 2026-06-02T15:28:28.402Z - [WebSocket] Message Event Received in ahmetturku: [emote:37226:KEKW]
[LOG] 2026-06-02T15:28:31.208Z - [WebSocket] Message Event Received in ahmetturku: İLANA ATTIGINIZ FOTODA YER6 PLAKASI VAR AQ
[LOG] 2026-06-02T15:28:31.627Z - [WebSocket] Message Event Received in minik: VERELİM BAKALIM
[LOG] 2026-06-02T15:28:31.723Z - [WebSocket] Message Event Received in minik: [emote:37226:KEKW]
[LOG] 2026-06-02T15:28:31.966Z - [WebSocket] Message Event Received in ahmetturku: [emote:37226:KEKW]
[LOG] 2026-06-02T15:28:33.539Z - [WebSocket] Message Event Received in minik: [emote:37226:KEKW]
[LOG] 2026-06-02T15:28:33.866Z - [WebSocket] Message Event Received in minik: [emote:37226:KEKW]
[LOG] 2026-06-02T15:28:33.910Z - [WebSocket] Message Event Received in ahmetturku: AYNEN ÖYLE
[LOG] 2026-06-02T15:28:35.136Z - [WebSocket] Message Event Received in minik: [emote:37226:KEKW]
[LOG] 2026-06-02T15:28:35.197Z - [WebSocket] Message Event Received in minik: [emote:37226:KEKW]
[LOG] 2026-06-02T15:28:35.560Z - [WebSocket] Message Event Received in minik: [emote:37226:KEKW]
[LOG] 2026-06-02T15:28:35.665Z - [WebSocket] Message Event Received in minik: [emote:37226:KEKW]
[LOG] 2026-06-02T15:28:35.682Z - [WebSocket] Message Event Received in minik: [emote:37226:KEKW]
[LOG] 2026-06-02T15:28:37.051Z - [WebSocket] Message Event Received in minik: [emote:37226:KEKW]
[LOG] 2026-06-02T15:28:37.248Z - [WebSocket] Message Event Received in minik: ŞOSJBNGWPEORŞJNGERWPOJGNERPOGNERGOPUERJNGHPOERGNREOPGUHNERG
[LOG] 2026-06-02T15:28:37.385Z - [WebSocket] Message Event Received in minik: [emote:37226:KEKW]
[LOG] 2026-06-02T15:28:38.655Z - [WebSocket] Message Event Received in minik: [emote:37226:KEKW]
[LOG] 2026-06-02T15:28:38.753Z - [WebSocket] Message Event Received in minik: [emote:37226:KEKW]
[LOG] 2026-06-02T15:28:40.852Z - [WebSocket] Message Event Received in minik: [emote:37226:KEKW]
[LOG] 2026-06-02T15:28:41.387Z - [WebSocket] Message Event Received in ahmetturku: ellere kadar AYNISI AYNSI AYNISI
[LOG] 2026-06-02T15:28:43.192Z - [WebSocket] Message Event Received in minik: [emote:37226:KEKW]
[LOG] 2026-06-02T15:28:43.506Z - [WebSocket] Message Event Received in minik: [emote:37229:OOOO] [emote:37229:OOOO] O
[LOG] 2026-06-02T15:28:43.666Z - [WebSocket] Message Event Received in minik: [emote:39402:Flowie]
[LOG] 2026-06-02T15:28:43.721Z - [WebSocket] Message Event Received in minik: VERİRİRZ
[LOG] 2026-06-02T15:28:43.918Z - [WebSocket] Message Event Received in minik: [emote:37226:KEKW]
[LOG] 2026-06-02T15:28:44.451Z - [WebSocket] Message Event Received in minik: [emote:37226:KEKW]
[LOG] 2026-06-02T15:28:44.877Z - [WebSocket] Message Event Received in minik: [emote:37226:KEKW]
[LOG] 2026-06-02T15:28:45.668Z - [WebSocket] Message Event Received in ahmetturku: yok
[LOG] 2026-06-02T15:28:46.613Z - [WebSocket] Message Event Received in minik: [emote:37226:KEKW]
[LOG] 2026-06-02T15:28:46.729Z - [WebSocket] Message Event Received in ahmetturku: [emote:5565275:ahmetturkudayi]
[LOG] 2026-06-02T15:28:47.281Z - [WebSocket] Message Event Received in ahmetturku: [emote:37226:KEKW]
[LOG] 2026-06-02T15:28:47.312Z - [WebSocket] Message Event Received in minik: sa
[LOG] 2026-06-02T15:28:47.550Z - [WebSocket] Message Event Received in minik: [emote:37226:KEKW]
[LOG] 2026-06-02T15:28:47.551Z - [WebSocket] Message Event Received in ahmetturku: [emote:37226:KEKW]
[LOG] 2026-06-02T15:28:47.704Z - [WebSocket] Message Event Received in ahmetturku: ÇOK İYİ GÖZÜKÜYO BÖYLE CAHT
[LOG] 2026-06-02T15:28:49.607Z - [WebSocket] Message Event Received in minik: OLU OLUR
[LOG] 2026-06-02T15:28:49.627Z - [WebSocket] Message Event Received in minik: [emote:37226:KEKW]
[LOG] 2026-06-02T15:28:49.989Z - [WebSocket] Message Event Received in ahmetturku: [emote:37226:KEKW]
[LOG] 2026-06-02T15:28:50.135Z - [WebSocket] Message Event Received in minik: AQABBSHSBSHSJSHSKAKAMAMAMANSNZNSNSBBSBSBZBSABAHBABSBSBSBSBSZBZBSBABBABAIsh AQABBSHSBSHSJSHSKAKAMAMAMANSNZNSNSBBSBSBZBSABAHBABSBSBSBSBSZBZBSBABBABA
[LOG] 2026-06-02T15:28:51.115Z - [WebSocket] Message Event Received in minik: [emote:39402:Flowie]
[LOG] 2026-06-02T15:28:51.804Z - [WebSocket] Message Event Received in ahmetturku: sercan iyi adam
[LOG] 2026-06-02T15:28:52.891Z - [WebSocket] Message Event Received in ahmetturku: [emote:37226:KEKW]
[LOG] 2026-06-02T15:28:53.062Z - [WebSocket] Message Event Received in ahmetturku: sub mod aç kafa rahat olsun ya
[LOG] 2026-06-02T15:28:53.735Z - [WebSocket] Message Event Received in minik: VERİRİZ VALLA
[LOG] 2026-06-02T15:28:54.118Z - [WebSocket] Message Event Received in minik: [emote:37226:KEKW]
[LOG] 2026-06-02T15:28:54.191Z - [WebSocket] Message Event Received in minik: [emote:39402:Flowie][emote:39402:Flowie]
[LOG] 2026-06-02T15:28:54.285Z - [WebSocket] Message Event Received in minik: [emote:39402:Flowie]
[LOG] 2026-06-02T15:28:54.752Z - [WebSocket] Message Event Received in minik: [emote:39402:Flowie]
[LOG] 2026-06-02T15:28:55.536Z - [WebSocket] Message Event Received in minik: sarilirsak olur
[LOG] 2026-06-02T15:28:57.365Z - [WebSocket] Message Event Received in minik: [emote:37229:OOOO]
[LOG] 2026-06-02T15:28:57.539Z - [WebSocket] Message Event Received in eray: [emote:37226:KEKW]
[LOG] 2026-06-02T15:28:58.090Z - [WebSocket] Message Event Received in minik: [emote:37226:KEKW]
[LOG] 2026-06-02T15:28:59.105Z - [WebSocket] Message Event Received in minik: [emote:39402:Flowie]
[LOG] 2026-06-02T15:28:59.693Z - [WebSocket] Message Event Received in ahmetturku: [emote:37217:Bwop][emote:37217:Bwop][emote:37217:Bwop]
[LOG] 2026-06-02T15:29:01.031Z - [WebSocket] Message Event Received in ahmetturku: [emote:37226:KEKW]
[LOG] 2026-06-02T15:29:03.485Z - [WebSocket] Message Event Received in minik: [emote:39402:Flowie]
[LOG] 2026-06-02T15:29:03.667Z - [WebSocket] User banned in ahmetturku: {"id":"8c73ea90-cbbe-4944-899e-c83c52ea72f8","user":{"id":31220729,"username":"ByOnix1","slug":"byonix1"},"banned_by":{"id":0,"username":"ilker4444","slug":"ilker4444"},"permanent":false,"duration":5,"expires_at":"2026-06-02T15:34:04+00:00"}
[LOG] 2026-06-02T15:29:03.668Z - [WebSocket] User banned in ahmetturku: {"id":"8c73ea90-cbbe-4944-899e-c83c52ea72f8","user":{"id":31220729,"username":"ByOnix1","slug":"byonix1"},"banned_by":{"id":0,"username":"ilker4444","slug":"ilker4444"},"permanent":false,"duration":5,"expires_at":"2026-06-02T15:34:04+00:00"}
[LOG] 2026-06-02T15:29:03.783Z - [WebSocket] User banned in ahmetturku: {"id":"50646096-0e1c-486a-9671-4cca51269678","user":{"id":31220729,"username":"ByOnix1","slug":"byonix1"},"banned_by":{"id":0,"username":"ilker4444","slug":"ilker4444"},"permanent":false,"duration":5,"expires_at":"2026-06-02T15:34:04+00:00"}
[LOG] 2026-06-02T15:29:03.784Z - [WebSocket] User banned in ahmetturku: {"id":"50646096-0e1c-486a-9671-4cca51269678","user":{"id":31220729,"username":"ByOnix1","slug":"byonix1"},"banned_by":{"id":0,"username":"ilker4444","slug":"ilker4444"},"permanent":false,"duration":5,"expires_at":"2026-06-02T15:34:04+00:00"}
[LOG] 2026-06-02T15:29:04.187Z - [WebSocket] Message Event Received in minik: [emote:39402:Flowie]
[LOG] 2026-06-02T15:29:04.406Z - [WebSocket] Message Event Received in ahmetturku: [emote:37226:KEKW]
[LOG] 2026-06-02T15:29:05.177Z - [WebSocket] Message Event Received in ahmetturku: [emote:37226:KEKW]
[LOG] 2026-06-02T15:29:05.419Z - [WebSocket] Message Event Received in minik: [emote:37229:OOOO]
[LOG] 2026-06-02T15:29:05.604Z - [WebSocket] Message Event Received in minik: [emote:39402:Flowie]
[LOG] 2026-06-02T15:29:06.614Z - [WebSocket] Message Event Received in ahmetturku: baranı vurun öldürün ya rp de
[LOG] 2026-06-02T15:29:06.681Z - [WebSocket] Message Event Received in ahmetturku: [emote:37215:AYAYA]
[LOG] 2026-06-02T15:29:07.082Z - [WebSocket] Message Event Received in ahmetturku: aynen parti rolünü sikti sağ olsun
[LOG] 2026-06-02T15:29:07.456Z - [WebSocket] Message Event Received in minik: selam ya guzelim
[LOG] 2026-06-02T15:29:07.734Z - [WebSocket] Message Event Received in minik: verme
[LOG] 2026-06-02T15:29:07.748Z - [WebSocket] Message Event Received in minik: [emote:4147892:PatrickBoo]
[LOG] 2026-06-02T15:29:08.384Z - [WebSocket] Message Event Received in ahmetturku: [emote:37226:KEKW]
[LOG] 2026-06-02T15:29:08.421Z - [WebSocket] Message Event Received in minik: çok fena sarıyor olmaları lazım bunun
[LOG] 2026-06-02T15:29:08.490Z - [WebSocket] Message Event Received in minik: [emote:37226:KEKW]
[LOG] 2026-06-02T15:29:08.616Z - [WebSocket] Message Event Received in minik: [emote:37226:KEKW]
[LOG] 2026-06-02T15:29:10.015Z - [WebSocket] Message Event Received in ahmetturku: [emote:37226:KEKW]
[LOG] 2026-06-02T15:29:10.168Z - [WebSocket] Message Event Received in minik: [emote:37226:KEKW]
[LOG] 2026-06-02T15:29:10.335Z - [WebSocket] User banned in ahmetturku: {"id":"e9ef1aae-7f4d-4578-a071-0b2287be41be","user":{"id":28483351,"username":"d4z10","slug":"d4z10"},"banned_by":{"id":0,"username":"ilker4444","slug":"ilker4444"},"permanent":false,"duration":5,"expires_at":"2026-06-02T15:34:11+00:00"}
[LOG] 2026-06-02T15:29:10.336Z - [WebSocket] User banned in ahmetturku: {"id":"e9ef1aae-7f4d-4578-a071-0b2287be41be","user":{"id":28483351,"username":"d4z10","slug":"d4z10"},"banned_by":{"id":0,"username":"ilker4444","slug":"ilker4444"},"permanent":false,"duration":5,"expires_at":"2026-06-02T15:34:11+00:00"}
[LOG] 2026-06-02T15:29:10.466Z - [WebSocket] User banned in ahmetturku: {"id":"ad8b9164-433d-43c8-a1ad-c7fa4b3008ed","user":{"id":28483351,"username":"d4z10","slug":"d4z10"},"banned_by":{"id":0,"username":"ilker4444","slug":"ilker4444"},"permanent":false,"duration":5,"expires_at":"2026-06-02T15:34:11+00:00"}
[LOG] 2026-06-02T15:29:10.467Z - [WebSocket] User banned in ahmetturku: {"id":"ad8b9164-433d-43c8-a1ad-c7fa4b3008ed","user":{"id":28483351,"username":"d4z10","slug":"d4z10"},"banned_by":{"id":0,"username":"ilker4444","slug":"ilker4444"},"permanent":false,"duration":5,"expires_at":"2026-06-02T15:34:11+00:00"}
[LOG] 2026-06-02T15:29:10.900Z - [WebSocket] Message Event Received in minik: [emote:37226:KEKW]
[LOG] 2026-06-02T15:29:10.950Z - [WebSocket] Message Event Received in minik: [emote:37226:KEKW]
[LOG] 2026-06-02T15:29:11.112Z - [WebSocket] Message Event Received in minik: [emote:37226:KEKW]
[LOG] 2026-06-02T15:33:32.505Z - [MongoDB] Veritabanına başarıyla bağlanıldı.
[LOG] 2026-06-02T15:33:33.038Z - [Store] Veritabanından veriler başarıyla yüklendi.
[LOG] 2026-06-02T15:33:33.044Z - Kick AutoMod server running on http://localhost:3000
[LOG] 2026-06-02T15:33:33.044Z - Make sure to set KICK_CLIENT_ID and KICK_CLIENT_SECRET in .env
[LOG] 2026-06-02T15:33:33.712Z - [WebSocket] Connected to Kick Pusher
[ERR] 2026-06-02T15:33:33.765Z - {"errorLabelSet":{},"errorResponse":{"index":0,"code":11000,"errmsg":"E11000 duplicate key error collection: test.channels index: slug_1 dup key: { slug: \"ilker4444\" }","keyPattern":{"slug":1},"keyValue":{"slug":"ilker4444"}},"index":0,"code":11000,"keyPattern":{"slug":1},"keyValue":{"slug":"ilker4444"}}
[LOG] 2026-06-02T15:33:33.867Z - [WebSocket] Subscribed to ilker4444 (chatroom: 24751395)
[LOG] 2026-06-02T15:33:33.867Z - [WebSocket] Subscribed to riadein (chatroom: 25316906)
[LOG] 2026-06-02T15:33:33.867Z - [WebSocket] Subscribed to eray (chatroom: 10181332)
[LOG] 2026-06-02T15:33:33.867Z - [WebSocket] Subscribed to ahmetturku (chatroom: 29869434)
[LOG] 2026-06-02T15:33:33.867Z - [WebSocket] Subscribed to minik (chatroom: 24752062)
[LOG] 2026-06-02T15:33:33.901Z - [WebSocket] Message Event Received in ahmetturku: [emote:37226:KEKW]
[LOG] 2026-06-02T15:33:34.496Z - [WebSocket] Message Event Received in minik: [emote:37226:KEKW]
[LOG] 2026-06-02T15:33:34.542Z - [WebSocket] Message Event Received in minik: [emote:39402:Flowie]
[LOG] 2026-06-02T15:33:34.747Z - [WebSocket] Message Event Received in minik: [emote:37226:KEKW]
[LOG] 2026-06-02T15:33:35.648Z - [WebSocket] Message Event Received in ahmetturku: [emote:4148081:Sadge]
[LOG] 2026-06-02T15:33:35.728Z - [WebSocket] Message Event Received in minik: [emote:37226:KEKW]
[LOG] 2026-06-02T15:33:35.760Z - [WebSocket] Message Event Received in minik: PWJWŞSJWLHXOEJSK
[LOG] 2026-06-02T15:33:37.381Z - [WebSocket] Message Event Received in minik: [emote:37226:KEKW]
[LOG] 2026-06-02T15:33:37.439Z - [WebSocket] Message Event Received in ahmetturku: [emote:4148081:Sadge]
[LOG] 2026-06-02T15:33:38.628Z - [WebSocket] Message Event Received in minik: cık karşıosına keko
[LOG] 2026-06-02T15:33:38.854Z - [WebSocket] Message Event Received in ahmetturku: [emote:37226:KEKW]
[LOG] 2026-06-02T15:33:39.074Z - [WebSocket] Message Event Received in minik: defne çok tatlı şirin duruyo ya
[LOG] 2026-06-02T15:33:39.159Z - [WebSocket] Message Event Received in minik: [emote:37226:KEKW]
[LOG] 2026-06-02T15:33:40.069Z - [WebSocket] Message Event Received in eray: [emote:5380971:AURAPULSE]
[LOG] 2026-06-02T15:33:40.310Z - [WebSocket] Message Event Received in minik: Anket yokmu
[LOG] 2026-06-02T15:33:40.659Z - [WebSocket] Message Event Received in ahmetturku: [emote:37226:KEKW]
[LOG] 2026-06-02T15:33:40.877Z - [WebSocket] Message Event Received in ahmetturku: [emote:4148081:Sadge]
[LOG] 2026-06-02T15:33:41.582Z - [WebSocket] Message Event Received in minik: [emote:39402:Flowie]
[LOG] 2026-06-02T15:33:42.351Z - [WebSocket] Message Event Received in minik: öyle bakma bana de MİNİK
[LOG] 2026-06-02T15:33:44.416Z - [WebSocket] Message Event Received in minik: [emote:39402:Flowie]
[LOG] 2026-06-02T15:33:44.726Z - [WebSocket] Message Event Received in ahmetturku: [emote:37226:KEKW]
[LOG] 2026-06-02T15:33:45.907Z - [WebSocket] Message Event Received in ahmetturku: [emote:37226:KEKW]
[LOG] 2026-06-02T15:33:46.356Z - [WebSocket] Message Event Received in ahmetturku: ARABA DA İYİ HE
[LOG] 2026-06-02T15:33:46.830Z - [WebSocket] Message Event Received in minik: [emote:37226:KEKW]
[LOG] 2026-06-02T15:33:48.159Z - [WebSocket] Message Event Received in ahmetturku: [emote:5565231:ahmetturkuhaha]
[LOG] 2026-06-02T15:33:49.089Z - [WebSocket] Message Event Received in ahmetturku: [emote:37226:KEKW]
[LOG] 2026-06-02T15:33:49.514Z - [WebSocket] Message Event Received in ahmetturku: [emote:37226:KEKW]
[LOG] 2026-06-02T15:33:50.990Z - [WebSocket] Message Event Received in ahmetturku: [emote:4148074:HYPERCLAP]
[LOG] 2026-06-02T15:33:51.110Z - [WebSocket] Message Event Received in ahmetturku: [emote:37226:KEKW]
[LOG] 2026-06-02T15:33:51.175Z - [WebSocket] Message Event Received in minik: [emote:37226:KEKW]
[LOG] 2026-06-02T15:33:51.580Z - [WebSocket] Message Event Received in minik: @lmmami06 yapalımmı
[LOG] 2026-06-02T15:33:52.112Z - [WebSocket] Message Event Received in minik: [emote:37226:KEKW]
[LOG] 2026-06-02T15:33:52.567Z - [WebSocket] Message Event Received in ahmetturku: [emote:37226:KEKW]
[LOG] 2026-06-02T15:33:52.927Z - [WebSocket] Message Event Received in ahmetturku: [emote:37226:KEKW]
[LOG] 2026-06-02T15:33:53.038Z - [WebSocket] Message Event Received in ahmetturku: [emote:37226:KEKW]
[LOG] 2026-06-02T15:33:53.994Z - [WebSocket] Message Event Received in minik: [emote:37226:KEKW]
[LOG] 2026-06-02T15:33:54.566Z - [WebSocket] Message Event Received in ahmetturku: [emote:37226:KEKW]
[LOG] 2026-06-02T15:33:55.135Z - [WebSocket] Message Event Received in ahmetturku: bu kım
[LOG] 2026-06-02T15:33:55.414Z - [WebSocket] Message Event Received in ahmetturku: [emote:37226:KEKW]
[LOG] 2026-06-02T15:33:55.417Z - [WebSocket] Message Event Received in ahmetturku: [emote:37226:KEKW]
[LOG] 2026-06-02T15:33:55.456Z - [WebSocket] Message Event Received in ahmetturku: [emote:37226:KEKW]
[LOG] 2026-06-02T15:33:56.724Z - [WebSocket] Message Event Received in ahmetturku: [emote:37226:KEKW]
[LOG] 2026-06-02T15:33:57.104Z - [WebSocket] Message Event Received in ahmetturku: [emote:37226:KEKW]
[LOG] 2026-06-02T15:33:57.768Z - [WebSocket] Message Event Received in minik: sevgılıdı vwrmı sorsana
[LOG] 2026-06-02T15:33:57.798Z - [WebSocket] Message Event Received in ahmetturku: atanın kardeşi gibiydi ya altan
[LOG] 2026-06-02T15:33:58.671Z - [WebSocket] Message Event Received in ahmetturku: [emote:37226:KEKW]
[LOG] 2026-06-02T15:33:58.868Z - [WebSocket] Message Event Received in minik: [emote:37226:KEKW]
[LOG] 2026-06-02T15:33:59.184Z - [WebSocket] Message Event Received in minik: ama bu klasikleşti buna yapmayabiliriz
[LOG] 2026-06-02T15:33:59.759Z - [WebSocket] Message Event Received in ahmetturku: [emote:37226:KEKW]
[LOG] 2026-06-02T15:34:00.446Z - [WebSocket] Message Event Received in ahmetturku: [emote:37226:KEKW]
[LOG] 2026-06-02T15:34:00.798Z - [WebSocket] Message Event Received in minik: [emote:37226:KEKW]
[LOG] 2026-06-02T15:34:00.835Z - [WebSocket] Message Event Received in minik: [emote:37226:KEKW]
[LOG] 2026-06-02T15:34:00.877Z - [WebSocket] Message Event Received in ahmetturku: [emote:37226:KEKW]
[LOG] 2026-06-02T15:34:01.454Z - [WebSocket] Message Event Received in minik: [emote:37226:KEKW]
[LOG] 2026-06-02T15:34:01.591Z - [WebSocket] Message Event Received in minik: @Hejaclk neden benlen geliyon kocum sen
[LOG] 2026-06-02T15:34:04.017Z - [WebSocket] Message Event Received in ahmetturku: MUHİTTİN FÜN OOC SĞLSFI
[LOG] 2026-06-02T15:34:04.160Z - [WebSocket] Message Event Received in minik: [emote:37226:KEKW]
[LOG] 2026-06-02T15:34:06.477Z - [WebSocket] Message Event Received in minik: [emote:39402:Flowie]
[LOG] 2026-06-02T15:34:07.303Z - [WebSocket] Message Event Received in minik: [emote:37226:KEKW]
[LOG] 2026-06-02T15:34:07.508Z - [WebSocket] Message Event Received in minik: defne naber ya
[LOG] 2026-06-02T15:34:07.889Z - [WebSocket] Message Event Received in ahmetturku: senka mıydı bu
[LOG] 2026-06-02T15:34:09.717Z - [WebSocket] Message Event Received in minik: [emote:37226:KEKW]
[LOG] 2026-06-02T15:34:09.785Z - [WebSocket] Message Event Received in ahmetturku: [emote:37226:KEKW]
[LOG] 2026-06-02T15:34:10.585Z - [WebSocket] Message Event Received in ahmetturku: [emote:37226:KEKW]
[LOG] 2026-06-02T15:34:12.053Z - [WebSocket] Message Event Received in minik: Yapın
[LOG] 2026-06-02T15:34:12.822Z - [WebSocket] Message Event Received in ahmetturku: [emote:37226:KEKW]
[LOG] 2026-06-02T15:34:13.125Z - [WebSocket] Message Event Received in ahmetturku: [emote:37226:KEKW]
[LOG] 2026-06-02T15:34:13.270Z - [WebSocket] Message Event Received in minik: evet
[LOG] 2026-06-02T15:34:13.764Z - [WebSocket] Message Event Received in minik: yanimizfami maskeli abla kimse ic de cok iyi sohbet edilir buarada
[LOG] 2026-06-02T15:34:15.658Z - [WebSocket] Message Event Received in ahmetturku: [emote:37229:OOOO]
[LOG] 2026-06-02T15:34:15.809Z - [WebSocket] Message Event Received in ahmetturku: nooluyooo
[LOG] 2026-06-02T15:34:20.756Z - [WebSocket] Message Event Received in minik: mutlu sürecek sıçtık
[LOG] 2026-06-02T15:34:21.889Z - [WebSocket] Message Event Received in ahmetturku: oha amk
[LOG] 2026-06-02T15:34:22.145Z - [WebSocket] Message Event Received in minik: yok yok veznede falan yaparız
[LOG] 2026-06-02T15:34:23.094Z - [WebSocket] Message Event Received in minik: Kız kimchat
[LOG] 2026-06-02T15:34:23.883Z - [WebSocket] Message Event Received in ahmetturku: ne bu
[LOG] 2026-06-02T15:34:24.456Z - [WebSocket] Message Event Received in minik: he valla ya
[LOG] 2026-06-02T15:34:48.073Z - [MongoDB] Veritabanına başarıyla bağlanıldı.
[LOG] 2026-06-02T15:34:48.825Z - [Store] Veritabanından veriler başarıyla yüklendi.
[LOG] 2026-06-02T15:34:48.831Z - Kick AutoMod server running on http://localhost:3000
[LOG] 2026-06-02T15:34:48.831Z - Make sure to set KICK_CLIENT_ID and KICK_CLIENT_SECRET in .env
[LOG] 2026-06-02T15:34:49.525Z - [WebSocket] Connected to Kick Pusher
[ERR] 2026-06-02T15:34:49.574Z - {"errorLabelSet":{},"errorResponse":{"index":0,"code":11000,"errmsg":"E11000 duplicate key error collection: test.channels index: slug_1 dup key: { slug: \"ilker4444\" }","keyPattern":{"slug":1},"keyValue":{"slug":"ilker4444"}},"index":0,"code":11000,"keyPattern":{"slug":1},"keyValue":{"slug":"ilker4444"}}
[LOG] 2026-06-02T15:34:49.686Z - [WebSocket] Subscribed to ilker4444 (chatroom: 24751395)
[LOG] 2026-06-02T15:34:49.686Z - [WebSocket] Subscribed to riadein (chatroom: 25316906)
[LOG] 2026-06-02T15:34:49.686Z - [WebSocket] Subscribed to eray (chatroom: 10181332)
[LOG] 2026-06-02T15:34:49.686Z - [WebSocket] Subscribed to ahmetturku (chatroom: 29869434)
[LOG] 2026-06-02T15:34:49.686Z - [WebSocket] Subscribed to minik (chatroom: 24752062)
[LOG] 2026-06-02T15:34:50.013Z - [WebSocket] Message Event Received in minik: 14 H.O
[LOG] 2026-06-02T15:34:50.013Z - [AutoMod] DEBUG: Checking banned words for user ilker4444, words count: 0, content: "14 H.O"
[LOG] 2026-06-02T15:34:50.723Z - [WebSocket] Message Event Received in minik: [emote:37226:KEKW]
[LOG] 2026-06-02T15:34:50.723Z - [AutoMod] DEBUG: Checking banned words for user ilker4444, words count: 0, content: "[emote:37226:KEKW]"
[LOG] 2026-06-02T15:34:51.047Z - [WebSocket] Message Event Received in eray: [emote:3645852:FLASHBANG]
[LOG] 2026-06-02T15:34:51.047Z - [AutoMod] DEBUG: Checking banned words for user Riadein, words count: 25, content: "[emote:3645852:FLASHBANG]"
[LOG] 2026-06-02T15:34:51.275Z - [WebSocket] Message Event Received in minik: şehmuzun babası saru çıksa ne sarar
[LOG] 2026-06-02T15:34:51.275Z - [AutoMod] DEBUG: Checking banned words for user ilker4444, words count: 0, content: "şehmuzun babası saru çıksa ne sarar"
[LOG] 2026-06-02T15:34:51.586Z - [WebSocket] Message Event Received in minik: [emote:37226:KEKW]
[LOG] 2026-06-02T15:34:51.586Z - [AutoMod] DEBUG: Checking banned words for user ilker4444, words count: 0, content: "[emote:37226:KEKW]"
[LOG] 2026-06-02T15:34:51.794Z - [WebSocket] Message Event Received in ahmetturku: ahmetturku instagram account : https://www.instagram.com/ahmetturku0/
[LOG] 2026-06-02T15:34:51.795Z - [AutoMod] DEBUG: Checking banned words for user ilker4444, words count: 0, content: "ahmetturku instagram account : https://www.instagr"
[LOG] 2026-06-02T15:34:51.941Z - [WebSocket] Message Event Received in minik: ŞLKJRGEBNPŞOERJNGPEROGNERPĞOIGHNERGOUERIHGER,
[LOG] 2026-06-02T15:34:51.941Z - [AutoMod] DEBUG: Checking banned words for user ilker4444, words count: 0, content: "ŞLKJRGEBNPŞOERJNGPEROGNERPĞOIGHNERGOUERIHGER,"
[LOG] 2026-06-02T15:34:52.210Z - [WebSocket] Message Event Received in ahmetturku: [emote:37226:KEKW]
[LOG] 2026-06-02T15:34:52.210Z - [AutoMod] DEBUG: Checking banned words for user ilker4444, words count: 0, content: "[emote:37226:KEKW]"
[LOG] 2026-06-02T15:34:52.354Z - [WebSocket] Message Event Received in ahmetturku: lan sehmusun arabasının camı hani filimi olmuyodu yapmış adam
[LOG] 2026-06-02T15:34:52.354Z - [AutoMod] DEBUG: Checking banned words for user ilker4444, words count: 0, content: "lan sehmusun arabasının camı hani filimi olmuyodu "
[LOG] 2026-06-02T15:34:52.872Z - [WebSocket] Message Event Received in ahmetturku: abi salime versene
[LOG] 2026-06-02T15:34:52.872Z - [AutoMod] DEBUG: Checking banned words for user ilker4444, words count: 0, content: "abi salime versene"
[LOG] 2026-06-02T15:34:53.799Z - [WebSocket] Message Event Received in minik: [emote:37227:LULW]
[LOG] 2026-06-02T15:34:53.799Z - [AutoMod] DEBUG: Checking banned words for user ilker4444, words count: 0, content: "[emote:37227:LULW]"
[LOG] 2026-06-02T15:34:55.633Z - [WebSocket] Message Event Received in minik: [emote:39402:Flowie]
[LOG] 2026-06-02T15:34:55.633Z - [AutoMod] DEBUG: Checking banned words for user ilker4444, words count: 0, content: "[emote:39402:Flowie]"
[LOG] 2026-06-02T15:34:56.393Z - [WebSocket] Message Event Received in minik: [emote:37226:KEKW]
[LOG] 2026-06-02T15:34:56.393Z - [AutoMod] DEBUG: Checking banned words for user ilker4444, words count: 0, content: "[emote:37226:KEKW]"
[LOG] 2026-06-02T15:34:56.440Z - [WebSocket] Message Event Received in minik: [emote:39402:Flowie]
[LOG] 2026-06-02T15:34:56.440Z - [AutoMod] DEBUG: Checking banned words for user ilker4444, words count: 0, content: "[emote:39402:Flowie]"
[LOG] 2026-06-02T15:34:56.452Z - [WebSocket] Message Event Received in minik: [emote:37226:KEKW]
[LOG] 2026-06-02T15:34:56.452Z - [AutoMod] DEBUG: Checking banned words for user ilker4444, words count: 0, content: "[emote:37226:KEKW]"
[LOG] 2026-06-02T15:34:58.119Z - [WebSocket] Message Event Received in minik: Şerefin vamrı serefin
[LOG] 2026-06-02T15:34:58.119Z - [AutoMod] DEBUG: Checking banned words for user ilker4444, words count: 0, content: "Şerefin vamrı serefin"
[LOG] 2026-06-02T15:34:58.635Z - [WebSocket] Message Event Received in minik: hadi lan
[LOG] 2026-06-02T15:34:58.635Z - [AutoMod] DEBUG: Checking banned words for user ilker4444, words count: 0, content: "hadi lan"
[LOG] 2026-06-02T15:34:59.190Z - [WebSocket] Message Event Received in minik: hadi minik sendeyiz sende çok iyi sürüyon
[LOG] 2026-06-02T15:34:59.190Z - [AutoMod] DEBUG: Checking banned words for user ilker4444, words count: 0, content: "hadi minik sendeyiz sende çok iyi sürüyon"
[LOG] 2026-06-02T15:34:59.563Z - [WebSocket] Message Event Received in minik: 6/6 atarsak bizimdir
[LOG] 2026-06-02T15:34:59.563Z - [AutoMod] DEBUG: Checking banned words for user ilker4444, words count: 0, content: "6/6 atarsak bizimdir"
[LOG] 2026-06-02T15:34:59.630Z - [WebSocket] Message Event Received in minik: [emote:37226:KEKW]
[LOG] 2026-06-02T15:34:59.630Z - [AutoMod] DEBUG: Checking banned words for user ilker4444, words count: 0, content: "[emote:37226:KEKW]"
[LOG] 2026-06-02T15:35:01.595Z - [WebSocket] Message Event Received in ahmetturku: [emote:37226:KEKW]
[LOG] 2026-06-02T15:35:01.595Z - [AutoMod] DEBUG: Checking banned words for user ilker4444, words count: 0, content: "[emote:37226:KEKW]"
[LOG] 2026-06-02T15:35:02.662Z - [WebSocket] Message Event Received in ahmetturku: abi salime versene biraz
[LOG] 2026-06-02T15:35:02.663Z - [AutoMod] DEBUG: Checking banned words for user ilker4444, words count: 0, content: "abi salime versene biraz"
[LOG] 2026-06-02T15:35:02.710Z - [WebSocket] Message Event Received in ahmetturku: knk su ic istersen
[LOG] 2026-06-02T15:35:02.710Z - [AutoMod] DEBUG: Checking banned words for user ilker4444, words count: 0, content: "knk su ic istersen"
[LOG] 2026-06-02T15:35:03.457Z - [WebSocket] Message Event Received in minik: Para kazanak açın anket
[LOG] 2026-06-02T15:35:03.457Z - [AutoMod] DEBUG: Checking banned words for user ilker4444, words count: 0, content: "Para kazanak açın anket"
[LOG] 2026-06-02T15:35:03.562Z - [WebSocket] Message Event Received in minik: [emote:37226:KEKW]
[LOG] 2026-06-02T15:35:03.562Z - [AutoMod] DEBUG: Checking banned words for user ilker4444, words count: 0, content: "[emote:37226:KEKW]"
[LOG] 2026-06-02T15:35:04.625Z - [WebSocket] Message Event Received in minik: TATİL GELİYOO
[LOG] 2026-06-02T15:35:04.625Z - [AutoMod] DEBUG: Checking banned words for user ilker4444, words count: 0, content: "TATİL GELİYOO"
[LOG] 2026-06-02T15:35:04.658Z - [WebSocket] Message Event Received in minik: 30 GÜN İKİLİ YOLLAYACAK ŞİMDİ
[LOG] 2026-06-02T15:35:04.658Z - [AutoMod] DEBUG: Checking banned words for user ilker4444, words count: 0, content: "30 GÜN İKİLİ YOLLAYACAK ŞİMDİ"
[LOG] 2026-06-02T15:35:05.276Z - [WebSocket] Message Event Received in ahmetturku: [emote:37226:KEKW]
[LOG] 2026-06-02T15:35:05.276Z - [AutoMod] DEBUG: Checking banned words for user ilker4444, words count: 0, content: "[emote:37226:KEKW]"
[LOG] 2026-06-02T15:35:05.342Z - [WebSocket] Message Event Received in ahmetturku: o ne amk
[LOG] 2026-06-02T15:35:05.342Z - [AutoMod] DEBUG: Checking banned words for user ilker4444, words count: 0, content: "o ne amk"
[LOG] 2026-06-02T15:35:06.095Z - [WebSocket] Message Event Received in minik: yiyolar
[LOG] 2026-06-02T15:35:06.095Z - [AutoMod] DEBUG: Checking banned words for user ilker4444, words count: 0, content: "yiyolar"
[LOG] 2026-06-02T15:35:06.127Z - [WebSocket] Message Event Received in ahmetturku: OHA
[LOG] 2026-06-02T15:35:06.127Z - [AutoMod] DEBUG: Checking banned words for user ilker4444, words count: 0, content: "OHA"
[LOG] 2026-06-02T15:35:06.243Z - [WebSocket] Message Event Received in ahmetturku: [emote:37230:POLICE]
[LOG] 2026-06-02T15:35:06.243Z - [AutoMod] DEBUG: Checking banned words for user ilker4444, words count: 0, content: "[emote:37230:POLICE]"
[LOG] 2026-06-02T15:35:07.770Z - [WebSocket] Message Event Received in minik: [emote:37226:KEKW]
[LOG] 2026-06-02T15:35:07.770Z - [AutoMod] DEBUG: Checking banned words for user ilker4444, words count: 0, content: "[emote:37226:KEKW]"
[LOG] 2026-06-02T15:35:07.986Z - [WebSocket] Message Event Received in minik: 14 GÜNlük zar
[LOG] 2026-06-02T15:35:07.987Z - [AutoMod] DEBUG: Checking banned words for user ilker4444, words count: 0, content: "14 GÜNlük zar"
[LOG] 2026-06-02T15:35:08.742Z - [WebSocket] Message Event Received in minik: [emote:37226:KEKW]
[LOG] 2026-06-02T15:35:08.742Z - [AutoMod] DEBUG: Checking banned words for user ilker4444, words count: 0, content: "[emote:37226:KEKW]"
[LOG] 2026-06-02T15:35:09.668Z - [WebSocket] Message Event Received in minik: [emote:37226:KEKW]
[LOG] 2026-06-02T15:35:09.668Z - [AutoMod] DEBUG: Checking banned words for user ilker4444, words count: 0, content: "[emote:37226:KEKW]"
[LOG] 2026-06-02T15:35:09.817Z - [WebSocket] Message Event Received in eray: [emote:1579046:emojiGrimacing]
[LOG] 2026-06-02T15:35:09.817Z - [AutoMod] DEBUG: Checking banned words for user Riadein, words count: 25, content: "[emote:1579046:emojiGrimacing]"
[LOG] 2026-06-02T15:35:10.068Z - [WebSocket] Message Event Received in minik: KAZANAN DEFNEYİ ALIYOMU
[LOG] 2026-06-02T15:35:10.068Z - [AutoMod] DEBUG: Checking banned words for user ilker4444, words count: 0, content: "KAZANAN DEFNEYİ ALIYOMU"
[LOG] 2026-06-02T15:35:11.138Z - [WebSocket] Message Event Received in ahmetturku: çay fabrikası
[LOG] 2026-06-02T15:35:11.138Z - [AutoMod] DEBUG: Checking banned words for user ilker4444, words count: 0, content: "çay fabrikası"
[LOG] 2026-06-02T15:35:13.252Z - [WebSocket] Message Event Received in minik: [emote:37226:KEKW]
[LOG] 2026-06-02T15:35:13.252Z - [AutoMod] DEBUG: Checking banned words for user ilker4444, words count: 0, content: "[emote:37226:KEKW]"
[LOG] 2026-06-02T15:35:13.622Z - [WebSocket] Message Event Received in minik: NEYİN ZARI
[LOG] 2026-06-02T15:35:13.622Z - [AutoMod] DEBUG: Checking banned words for user ilker4444, words count: 0, content: "NEYİN ZARI"
[LOG] 2026-06-02T15:35:13.658Z - [WebSocket] Message Event Received in ahmetturku: lqn bunee
[LOG] 2026-06-02T15:35:13.658Z - [AutoMod] DEBUG: Checking banned words for user ilker4444, words count: 0, content: "lqn bunee"
[LOG] 2026-06-02T15:35:14.072Z - [WebSocket] Message Event Received in minik: [emote:37226:KEKW]
[LOG] 2026-06-02T15:35:14.072Z - [AutoMod] DEBUG: Checking banned words for user ilker4444, words count: 0, content: "[emote:37226:KEKW]"
[LOG] 2026-06-02T15:35:15.289Z - [WebSocket] Message Event Received in minik: [emote:39402:Flowie][emote:39402:Flowie]
[LOG] 2026-06-02T15:35:15.289Z - [AutoMod] DEBUG: Checking banned words for user ilker4444, words count: 0, content: "[emote:39402:Flowie][emote:39402:Flowie]"
[LOG] 2026-06-02T15:35:15.865Z - [WebSocket] Message Event Received in minik: [emote:39402:Flowie]
[LOG] 2026-06-02T15:35:15.865Z - [AutoMod] DEBUG: Checking banned words for user ilker4444, words count: 0, content: "[emote:39402:Flowie]"
[LOG] 2026-06-02T15:35:17.257Z - [WebSocket] Message Event Received in minik: AHA
[LOG] 2026-06-02T15:35:17.258Z - [AutoMod] DEBUG: Checking banned words for user ilker4444, words count: 0, content: "AHA"
[LOG] 2026-06-02T15:35:17.945Z - [WebSocket] Message Event Received in ahmetturku: [emote:37226:KEKW]
[LOG] 2026-06-02T15:35:17.945Z - [AutoMod] DEBUG: Checking banned words for user ilker4444, words count: 0, content: "[emote:37226:KEKW]"
[LOG] 2026-06-02T15:35:18.393Z - [WebSocket] Message Event Received in minik: AHA
[LOG] 2026-06-02T15:35:18.393Z - [AutoMod] DEBUG: Checking banned words for user ilker4444, words count: 0, content: "AHA"
[LOG] 2026-06-02T15:35:19.105Z - [WebSocket] Message Event Received in minik: 4
[LOG] 2026-06-02T15:35:19.105Z - [AutoMod] DEBUG: Checking banned words for user ilker4444, words count: 0, content: "4"
[LOG] 2026-06-02T15:35:19.163Z - [WebSocket] Message Event Received in ahmetturku: rizeyi mi calmıslar amk
[LOG] 2026-06-02T15:35:19.163Z - [AutoMod] DEBUG: Checking banned words for user ilker4444, words count: 0, content: "rizeyi mi calmıslar amk"
[LOG] 2026-06-02T15:35:19.351Z - [WebSocket] Message Event Received in minik: olsun olsun
[LOG] 2026-06-02T15:35:19.351Z - [AutoMod] DEBUG: Checking banned words for user ilker4444, words count: 0, content: "olsun olsun"
[LOG] 2026-06-02T15:35:20.082Z - [WebSocket] Message Event Received in minik: [emote:39402:Flowie]
[LOG] 2026-06-02T15:35:20.082Z - [AutoMod] DEBUG: Checking banned words for user ilker4444, words count: 0, content: "[emote:39402:Flowie]"
[LOG] 2026-06-02T15:35:22.563Z - [WebSocket] Message Event Received in minik: [emote:37226:KEKW]
[LOG] 2026-06-02T15:35:22.563Z - [AutoMod] DEBUG: Checking banned words for user ilker4444, words count: 0, content: "[emote:37226:KEKW]"
[LOG] 2026-06-02T15:35:24.132Z - [WebSocket] Message Event Received in minik: [emote:37226:KEKW]
[LOG] 2026-06-02T15:35:24.132Z - [AutoMod] DEBUG: Checking banned words for user ilker4444, words count: 0, content: "[emote:37226:KEKW]"
[LOG] 2026-06-02T15:35:24.185Z - [WebSocket] Message Event Received in ahmetturku: [emote:37226:KEKW]
[LOG] 2026-06-02T15:35:24.185Z - [AutoMod] DEBUG: Checking banned words for user ilker4444, words count: 0, content: "[emote:37226:KEKW]"
[LOG] 2026-06-02T15:35:26.454Z - [WebSocket] Message Event Received in eray: as
[LOG] 2026-06-02T15:35:26.454Z - [AutoMod] DEBUG: Checking banned words for user Riadein, words count: 25, content: "as"
[LOG] 2026-06-02T15:35:26.666Z - [WebSocket] Message Event Received in minik: AMK
[LOG] 2026-06-02T15:35:26.666Z - [AutoMod] DEBUG: Checking banned words for user ilker4444, words count: 0, content: "AMK"
[LOG] 2026-06-02T15:35:27.565Z - [WebSocket] Message Event Received in minik: [emote:37226:KEKW]
[LOG] 2026-06-02T15:35:27.566Z - [AutoMod] DEBUG: Checking banned words for user ilker4444, words count: 0, content: "[emote:37226:KEKW]"
[LOG] 2026-06-02T15:35:27.890Z - [WebSocket] Message Event Received in minik: SAYILMAZ
[LOG] 2026-06-02T15:35:27.890Z - [AutoMod] DEBUG: Checking banned words for user ilker4444, words count: 0, content: "SAYILMAZ"
[LOG] 2026-06-02T15:35:27.950Z - [WebSocket] Message Event Received in minik: [emote:37226:KEKW]
[LOG] 2026-06-02T15:35:27.950Z - [AutoMod] DEBUG: Checking banned words for user ilker4444, words count: 0, content: "[emote:37226:KEKW]"
[LOG] 2026-06-02T15:35:28.448Z - [WebSocket] Message Event Received in minik: [emote:4148081:Sadge]
[LOG] 2026-06-02T15:35:28.448Z - [AutoMod] DEBUG: Checking banned words for user ilker4444, words count: 0, content: "[emote:4148081:Sadge]"
[LOG] 2026-06-02T15:35:28.453Z - [WebSocket] Message Event Received in minik: [emote:37226:KEKW]
[LOG] 2026-06-02T15:35:28.453Z - [AutoMod] DEBUG: Checking banned words for user ilker4444, words count: 0, content: "[emote:37226:KEKW]"
[LOG] 2026-06-02T15:35:28.556Z - [WebSocket] Message Event Received in minik: SAYILMAZ
[LOG] 2026-06-02T15:35:28.556Z - [AutoMod] DEBUG: Checking banned words for user ilker4444, words count: 0, content: "SAYILMAZ"
[LOG] 2026-06-02T15:35:28.672Z - [WebSocket] Message Event Received in minik: [emote:37226:KEKW]
[LOG] 2026-06-02T15:35:28.672Z - [AutoMod] DEBUG: Checking banned words for user ilker4444, words count: 0, content: "[emote:37226:KEKW]"
[LOG] 2026-06-02T15:35:29.238Z - [WebSocket] Message Event Received in minik: [emote:4148081:Sadge]
[LOG] 2026-06-02T15:35:29.238Z - [AutoMod] DEBUG: Checking banned words for user ilker4444, words count: 0, content: "[emote:4148081:Sadge]"
[LOG] 2026-06-02T15:35:29.616Z - [WebSocket] Message Event Received in minik: [emote:37226:KEKW]
[LOG] 2026-06-02T15:35:29.616Z - [AutoMod] DEBUG: Checking banned words for user ilker4444, words count: 0, content: "[emote:37226:KEKW]"
[LOG] 2026-06-02T15:35:30.169Z - [WebSocket] Message Event Received in minik: [emote:37226:KEKW]
[LOG] 2026-06-02T15:35:30.169Z - [AutoMod] DEBUG: Checking banned words for user ilker4444, words count: 0, content: "[emote:37226:KEKW]"
[LOG] 2026-06-02T15:35:30.306Z - [WebSocket] Message Event Received in ahmetturku: [emote:37226:KEKW]
[LOG] 2026-06-02T15:35:30.306Z - [AutoMod] DEBUG: Checking banned words for user ilker4444, words count: 0, content: "[emote:37226:KEKW]"
[LOG] 2026-06-02T15:35:31.305Z - [WebSocket] Message Event Received in minik: YOK YOK
[LOG] 2026-06-02T15:35:31.305Z - [AutoMod] DEBUG: Checking banned words for user ilker4444, words count: 0, content: "YOK YOK"
[LOG] 2026-06-02T15:35:31.694Z - [WebSocket] Message Event Received in minik: [emote:37226:KEKW]
[LOG] 2026-06-02T15:35:31.694Z - [AutoMod] DEBUG: Checking banned words for user ilker4444, words count: 0, content: "[emote:37226:KEKW]"
[LOG] 2026-06-02T15:35:32.216Z - [WebSocket] Message Event Received in ahmetturku: lift
[LOG] 2026-06-02T15:35:32.216Z - [AutoMod] DEBUG: Checking banned words for user ilker4444, words count: 0, content: "lift"
[LOG] 2026-06-02T15:35:32.307Z - [WebSocket] Message Event Received in ahmetturku: [emote:37226:KEKW]
[LOG] 2026-06-02T15:35:32.307Z - [AutoMod] DEBUG: Checking banned words for user ilker4444, words count: 0, content: "[emote:37226:KEKW]"
[LOG] 2026-06-02T15:35:32.340Z - [WebSocket] Message Event Received in minik: [emote:37226:KEKW]
[LOG] 2026-06-02T15:35:32.340Z - [AutoMod] DEBUG: Checking banned words for user ilker4444, words count: 0, content: "[emote:37226:KEKW]"
[LOG] 2026-06-02T15:35:32.576Z - [WebSocket] Message Event Received in ahmetturku: [emote:37226:KEKW]
[LOG] 2026-06-02T15:35:32.576Z - [AutoMod] DEBUG: Checking banned words for user ilker4444, words count: 0, content: "[emote:37226:KEKW]"
[LOG] 2026-06-02T15:35:32.618Z - [WebSocket] Message Event Received in minik: [emote:37226:KEKW]
[LOG] 2026-06-02T15:35:32.618Z - [AutoMod] DEBUG: Checking banned words for user ilker4444, words count: 0, content: "[emote:37226:KEKW]"
[LOG] 2026-06-02T15:35:32.966Z - [WebSocket] Message Event Received in ahmetturku: [emote:37226:KEKW]
[LOG] 2026-06-02T15:35:32.966Z - [AutoMod] DEBUG: Checking banned words for user ilker4444, words count: 0, content: "[emote:37226:KEKW]"
[LOG] 2026-06-02T15:35:33.308Z - [WebSocket] Message Event Received in minik: [emote:37226:KEKW]
[LOG] 2026-06-02T15:35:33.308Z - [AutoMod] DEBUG: Checking banned words for user ilker4444, words count: 0, content: "[emote:37226:KEKW]"
[LOG] 2026-06-02T15:35:34.280Z - [WebSocket] Message Event Received in minik: [emote:37226:KEKW]
[LOG] 2026-06-02T15:35:34.280Z - [AutoMod] DEBUG: Checking banned words for user ilker4444, words count: 0, content: "[emote:37226:KEKW]"
[LOG] 2026-06-02T15:35:34.384Z - [WebSocket] Message Event Received in minik: [emote:37221:EZ]
[LOG] 2026-06-02T15:35:34.384Z - [AutoMod] DEBUG: Checking banned words for user ilker4444, words count: 0, content: "[emote:37221:EZ]"
[LOG] 2026-06-02T15:35:34.802Z - [WebSocket] Message Event Received in minik: WOJWOSHSKSHWKHS
[LOG] 2026-06-02T15:35:34.802Z - [AutoMod] DEBUG: Checking banned words for user ilker4444, words count: 0, content: "WOJWOSHSKSHWKHS"
[LOG] 2026-06-02T15:35:35.270Z - [WebSocket] Message Event Received in eray: salAM
[LOG] 2026-06-02T15:35:35.270Z - [AutoMod] DEBUG: Checking banned words for user Riadein, words count: 25, content: "salAM"
[LOG] 2026-06-02T15:35:35.552Z - [WebSocket] Message Event Received in minik: SAYLANMAZ
[LOG] 2026-06-02T15:35:35.552Z - [AutoMod] DEBUG: Checking banned words for user ilker4444, words count: 0, content: "SAYLANMAZ"
[LOG] 2026-06-02T15:35:35.662Z - [WebSocket] Message Event Received in minik: [emote:37226:KEKW]
[LOG] 2026-06-02T15:35:35.662Z - [AutoMod] DEBUG: Checking banned words for user ilker4444, words count: 0, content: "[emote:37226:KEKW]"
[LOG] 2026-06-02T15:35:35.874Z - [WebSocket] Message Event Received in minik: off ya
[LOG] 2026-06-02T15:35:35.874Z - [AutoMod] DEBUG: Checking banned words for user ilker4444, words count: 0, content: "off ya"
[LOG] 2026-06-02T15:35:37.906Z - [WebSocket] Message Event Received in minik: [emote:37226:KEKW]
[LOG] 2026-06-02T15:35:37.906Z - [AutoMod] DEBUG: Checking banned words for user ilker4444, words count: 0, content: "[emote:37226:KEKW]"
[LOG] 2026-06-02T15:35:38.158Z - [WebSocket] Message Event Received in minik: [emote:37226:KEKW]YA GIT GIT
[LOG] 2026-06-02T15:35:38.158Z - [AutoMod] DEBUG: Checking banned words for user ilker4444, words count: 0, content: "[emote:37226:KEKW]YA GIT GIT"
[LOG] 2026-06-02T15:35:39.439Z - [WebSocket] Message Event Received in minik: nt
[LOG] 2026-06-02T15:35:39.440Z - [AutoMod] DEBUG: Checking banned words for user ilker4444, words count: 0, content: "nt"
[LOG] 2026-06-02T15:35:40.662Z - [WebSocket] Message Event Received in ahmetturku: [emote:37226:KEKW]
[LOG] 2026-06-02T15:35:40.662Z - [AutoMod] DEBUG: Checking banned words for user ilker4444, words count: 0, content: "[emote:37226:KEKW]"
[LOG] 2026-06-02T15:35:41.098Z - [WebSocket] Message Event Received in ahmetturku: [emote:37226:KEKW]
[LOG] 2026-06-02T15:35:41.098Z - [AutoMod] DEBUG: Checking banned words for user ilker4444, words count: 0, content: "[emote:37226:KEKW]"
[LOG] 2026-06-02T15:35:43.420Z - [WebSocket] Message Event Received in ahmetturku: [emote:5003485:minikdans]
[LOG] 2026-06-02T15:35:43.420Z - [AutoMod] DEBUG: Checking banned words for user ilker4444, words count: 0, content: "[emote:5003485:minikdans]"
[LOG] 2026-06-02T15:35:43.483Z - [WebSocket] Message Event Received in minik: [emote:37226:KEKW]
[LOG] 2026-06-02T15:35:43.483Z - [AutoMod] DEBUG: Checking banned words for user ilker4444, words count: 0, content: "[emote:37226:KEKW]"
[LOG] 2026-06-02T15:35:43.791Z - [WebSocket] Message Event Received in ahmetturku: [emote:37226:KEKW]
[LOG] 2026-06-02T15:35:43.791Z - [AutoMod] DEBUG: Checking banned words for user ilker4444, words count: 0, content: "[emote:37226:KEKW]"
[LOG] 2026-06-02T15:35:43.982Z - [WebSocket] Message Event Received in ahmetturku: [emote:37226:KEKW]
[LOG] 2026-06-02T15:35:43.982Z - [AutoMod] DEBUG: Checking banned words for user ilker4444, words count: 0, content: "[emote:37226:KEKW]"
[LOG] 2026-06-02T15:35:44.257Z - [WebSocket] Message Event Received in minik: [emote:37226:KEKW]
[LOG] 2026-06-02T15:35:44.257Z - [AutoMod] DEBUG: Checking banned words for user ilker4444, words count: 0, content: "[emote:37226:KEKW]"
[LOG] 2026-06-02T15:35:44.317Z - [WebSocket] Message Event Received in ahmetturku: [emote:37226:KEKW]
[LOG] 2026-06-02T15:35:44.317Z - [AutoMod] DEBUG: Checking banned words for user ilker4444, words count: 0, content: "[emote:37226:KEKW]"
[LOG] 2026-06-02T15:35:44.444Z - [WebSocket] Message Event Received in ahmetturku: [emote:37226:KEKW]
[LOG] 2026-06-02T15:35:44.444Z - [AutoMod] DEBUG: Checking banned words for user ilker4444, words count: 0, content: "[emote:37226:KEKW]"
[LOG] 2026-06-02T15:35:44.917Z - [WebSocket] Message Event Received in ahmetturku: [emote:37226:KEKW]
[LOG] 2026-06-02T15:35:44.918Z - [AutoMod] DEBUG: Checking banned words for user ilker4444, words count: 0, content: "[emote:37226:KEKW]"
[LOG] 2026-06-02T15:35:45.430Z - [WebSocket] Message Event Received in minik: [emote:37226:KEKW]
[LOG] 2026-06-02T15:35:45.430Z - [AutoMod] DEBUG: Checking banned words for user ilker4444, words count: 0, content: "[emote:37226:KEKW]"
[LOG] 2026-06-02T15:35:45.692Z - [WebSocket] Message Event Received in ahmetturku: [emote:37226:KEKW]
[LOG] 2026-06-02T15:35:45.692Z - [AutoMod] DEBUG: Checking banned words for user ilker4444, words count: 0, content: "[emote:37226:KEKW]"
[LOG] 2026-06-02T15:35:45.692Z - [WebSocket] Message Event Received in ahmetturku: [emote:4148076:HaHaa]
[LOG] 2026-06-02T15:35:45.692Z - [AutoMod] DEBUG: Checking banned words for user ilker4444, words count: 0, content: "[emote:4148076:HaHaa]"
[LOG] 2026-06-02T15:35:46.878Z - [WebSocket] Message Event Received in ahmetturku: sırıtır
[LOG] 2026-06-02T15:35:46.878Z - [AutoMod] DEBUG: Checking banned words for user ilker4444, words count: 0, content: "sırıtır"
[LOG] 2026-06-02T15:35:47.830Z - [WebSocket] Message Event Received in ahmetturku: [emote:37226:KEKW]
[LOG] 2026-06-02T15:35:47.830Z - [AutoMod] DEBUG: Checking banned words for user ilker4444, words count: 0, content: "[emote:37226:KEKW]"
[LOG] 2026-06-02T15:35:48.166Z - [WebSocket] Message Event Received in minik: [emote:37226:KEKW]
[LOG] 2026-06-02T15:35:48.166Z - [AutoMod] DEBUG: Checking banned words for user ilker4444, words count: 0, content: "[emote:37226:KEKW]"
[LOG] 2026-06-02T15:35:48.365Z - [WebSocket] Message Event Received in ahmetturku: [emote:37226:KEKW]
[LOG] 2026-06-02T15:35:48.365Z - [AutoMod] DEBUG: Checking banned words for user ilker4444, words count: 0, content: "[emote:37226:KEKW]"
[LOG] 2026-06-02T15:35:49.082Z - [WebSocket] Message Event Received in ahmetturku: [emote:37226:KEKW]
[LOG] 2026-06-02T15:35:49.082Z - [AutoMod] DEBUG: Checking banned words for user ilker4444, words count: 0, content: "[emote:37226:KEKW]"
[LOG] 2026-06-02T15:35:49.475Z - [WebSocket] Message Event Received in minik: [emote:37226:KEKW]
[LOG] 2026-06-02T15:35:49.475Z - [AutoMod] DEBUG: Checking banned words for user ilker4444, words count: 0, content: "[emote:37226:KEKW]"
[LOG] 2026-06-02T15:35:49.719Z - [WebSocket] Message Event Received in minik: [emote:37226:KEKW]
[LOG] 2026-06-02T15:35:49.719Z - [AutoMod] DEBUG: Checking banned words for user ilker4444, words count: 0, content: "[emote:37226:KEKW]"
[LOG] 2026-06-02T15:35:50.730Z - [WebSocket] Message Event Received in minik: [emote:37226:KEKW]
[LOG] 2026-06-02T15:35:50.730Z - [AutoMod] DEBUG: Checking banned words for user ilker4444, words count: 0, content: "[emote:37226:KEKW]"
[LOG] 2026-06-02T15:35:50.937Z - [WebSocket] Message Event Received in minik: [emote:37226:KEKW]
[LOG] 2026-06-02T15:35:50.937Z - [AutoMod] DEBUG: Checking banned words for user ilker4444, words count: 0, content: "[emote:37226:KEKW]"
[LOG] 2026-06-02T15:35:51.148Z - [WebSocket] Message Event Received in ahmetturku: [emote:37226:KEKW]
[LOG] 2026-06-02T15:35:51.148Z - [AutoMod] DEBUG: Checking banned words for user ilker4444, words count: 0, content: "[emote:37226:KEKW]"
[LOG] 2026-06-02T15:35:51.234Z - [WebSocket] Message Event Received in minik: [emote:37226:KEKW]
[LOG] 2026-06-02T15:35:51.234Z - [AutoMod] DEBUG: Checking banned words for user ilker4444, words count: 0, content: "[emote:37226:KEKW]"
[LOG] 2026-06-02T15:35:51.809Z - [WebSocket] Message Event Received in minik: [emote:37226:KEKW]
[LOG] 2026-06-02T15:35:51.810Z - [AutoMod] DEBUG: Checking banned words for user ilker4444, words count: 0, content: "[emote:37226:KEKW]"
[LOG] 2026-06-02T15:35:53.549Z - [WebSocket] Message Event Received in minik: HARBİ AMK ADLŞMGASLPDMHGSMLDFH
[LOG] 2026-06-02T15:35:53.549Z - [AutoMod] DEBUG: Checking banned words for user ilker4444, words count: 0, content: "HARBİ AMK ADLŞMGASLPDMHGSMLDFH"
[LOG] 2026-06-02T15:35:53.702Z - [WebSocket] Message Event Received in minik: [emote:37226:KEKW]
[LOG] 2026-06-02T15:35:53.702Z - [AutoMod] DEBUG: Checking banned words for user ilker4444, words count: 0, content: "[emote:37226:KEKW]"
[LOG] 2026-06-02T15:35:54.244Z - [WebSocket] Message Event Received in minik: 1 ATSA DÜNYA BİZİM OLURDU MESELA
[LOG] 2026-06-02T15:35:54.244Z - [AutoMod] DEBUG: Checking banned words for user ilker4444, words count: 0, content: "1 ATSA DÜNYA BİZİM OLURDU MESELA"
[LOG] 2026-06-02T15:35:55.594Z - [WebSocket] Message Event Received in ahmetturku: aha geldi yine sırıtır
[LOG] 2026-06-02T15:35:55.594Z - [AutoMod] DEBUG: Checking banned words for user ilker4444, words count: 0, content: "aha geldi yine sırıtır"
[LOG] 2026-06-02T15:35:56.941Z - [WebSocket] Message Event Received in ahmetturku: [emote:37226:KEKW]
[LOG] 2026-06-02T15:35:56.941Z - [AutoMod] DEBUG: Checking banned words for user ilker4444, words count: 0, content: "[emote:37226:KEKW]"
[LOG] 2026-06-02T15:35:57.276Z - [WebSocket] Message Event Received in ahmetturku: [emote:37226:KEKW]
[LOG] 2026-06-02T15:35:57.276Z - [AutoMod] DEBUG: Checking banned words for user ilker4444, words count: 0, content: "[emote:37226:KEKW]"
[LOG] 2026-06-02T15:35:57.435Z - [WebSocket] Message Event Received in ahmetturku: BARAN BAŞLADI SIRITMALARA YİNE LFDSKAFKASD
[LOG] 2026-06-02T15:35:57.435Z - [AutoMod] DEBUG: Checking banned words for user ilker4444, words count: 0, content: "BARAN BAŞLADI SIRITMALARA YİNE LFDSKAFKASD"
[LOG] 2026-06-02T15:35:58.862Z - [WebSocket] Message Event Received in minik: glentis git be knk
[LOG] 2026-06-02T15:35:58.862Z - [AutoMod] DEBUG: Checking banned words for user ilker4444, words count: 0, content: "glentis git be knk"
[LOG] 2026-06-02T15:36:02.978Z - [WebSocket] Message Event Received in minik: Müzik
[LOG] 2026-06-02T15:36:02.978Z - [AutoMod] DEBUG: Checking banned words for user ilker4444, words count: 0, content: "Müzik"
[LOG] 2026-06-02T15:36:04.001Z - [WebSocket] Message Event Received in ahmetturku: as
[LOG] 2026-06-02T15:36:04.001Z - [AutoMod] DEBUG: Checking banned words for user ilker4444, words count: 0, content: "as"
[LOG] 2026-06-02T15:36:04.060Z - [WebSocket] Message Event Received in ahmetturku: [emote:37226:KEKW]
[LOG] 2026-06-02T15:36:04.061Z - [AutoMod] DEBUG: Checking banned words for user ilker4444, words count: 0, content: "[emote:37226:KEKW]"
[LOG] 2026-06-02T15:36:04.652Z - [WebSocket] Message Event Received in ahmetturku: [emote:37226:KEKW]
[LOG] 2026-06-02T15:36:04.652Z - [AutoMod] DEBUG: Checking banned words for user ilker4444, words count: 0, content: "[emote:37226:KEKW]"
[LOG] 2026-06-02T15:36:05.485Z - [WebSocket] Message Event Received in ahmetturku: [emote:37226:KEKW]
[LOG] 2026-06-02T15:36:05.485Z - [AutoMod] DEBUG: Checking banned words for user ilker4444, words count: 0, content: "[emote:37226:KEKW]"
[LOG] 2026-06-02T15:36:06.676Z - [WebSocket] Message Event Received in ahmetturku: he eyvallah
[LOG] 2026-06-02T15:36:06.676Z - [AutoMod] DEBUG: Checking banned words for user ilker4444, words count: 0, content: "he eyvallah"
[LOG] 2026-06-02T15:36:06.889Z - [WebSocket] Message Event Received in minik: bol şans ama onlara
[LOG] 2026-06-02T15:36:06.889Z - [AutoMod] DEBUG: Checking banned words for user ilker4444, words count: 0, content: "bol şans ama onlara"
[LOG] 2026-06-02T15:36:08.415Z - [WebSocket] Message Event Received in ahmetturku: [emote:37226:KEKW]
[LOG] 2026-06-02T15:36:08.415Z - [AutoMod] DEBUG: Checking banned words for user ilker4444, words count: 0, content: "[emote:37226:KEKW]"
[LOG] 2026-06-02T15:36:10.901Z - [WebSocket] Message Event Received in ahmetturku: [emote:37226:KEKW]
[LOG] 2026-06-02T15:36:10.901Z - [AutoMod] DEBUG: Checking banned words for user ilker4444, words count: 0, content: "[emote:37226:KEKW]"
[LOG] 2026-06-02T15:36:11.068Z - [WebSocket] Message Event Received in minik: [emote:37226:KEKW]
[LOG] 2026-06-02T15:36:11.068Z - [AutoMod] DEBUG: Checking banned words for user ilker4444, words count: 0, content: "[emote:37226:KEKW]"
[LOG] 2026-06-02T15:36:11.139Z - [WebSocket] Message Event Received in ahmetturku: [emote:37226:KEKW]
[LOG] 2026-06-02T15:36:11.139Z - [AutoMod] DEBUG: Checking banned words for user ilker4444, words count: 0, content: "[emote:37226:KEKW]"
[LOG] 2026-06-02T15:36:11.150Z - [WebSocket] Message Event Received in ahmetturku: ./me sırıtır
[LOG] 2026-06-02T15:36:11.151Z - [AutoMod] DEBUG: Checking banned words for user ilker4444, words count: 0, content: "./me sırıtır"
[LOG] 2026-06-02T15:36:13.606Z - [WebSocket] Message Event Received in ahmetturku: [emote:37226:KEKW]
[LOG] 2026-06-02T15:36:13.606Z - [AutoMod] DEBUG: Checking banned words for user ilker4444, words count: 0, content: "[emote:37226:KEKW]"
[LOG] 2026-06-02T15:36:14.565Z - [WebSocket] Message Event Received in ahmetturku: [emote:5565231:ahmetturkuhaha]
[LOG] 2026-06-02T15:36:14.565Z - [AutoMod] DEBUG: Checking banned words for user ilker4444, words count: 0, content: "[emote:5565231:ahmetturkuhaha]"
[LOG] 2026-06-02T15:36:15.183Z - [WebSocket] Message Event Received in ahmetturku: [emote:37226:KEKW]
[LOG] 2026-06-02T15:36:15.183Z - [AutoMod] DEBUG: Checking banned words for user ilker4444, words count: 0, content: "[emote:37226:KEKW]"
[LOG] 2026-06-02T15:36:16.701Z - [WebSocket] Message Event Received in ahmetturku: [emote:37226:KEKW]
[LOG] 2026-06-02T15:36:16.701Z - [AutoMod] DEBUG: Checking banned words for user ilker4444, words count: 0, content: "[emote:37226:KEKW]"
[LOG] 2026-06-02T15:36:17.553Z - [WebSocket] Message Event Received in ahmetturku: [emote:37226:KEKW]
[LOG] 2026-06-02T15:36:17.553Z - [AutoMod] DEBUG: Checking banned words for user ilker4444, words count: 0, content: "[emote:37226:KEKW]"
[LOG] 2026-06-02T15:36:18.773Z - [WebSocket] Message Event Received in minik: buradan paleto da date e çıkardık
[LOG] 2026-06-02T15:36:18.773Z - [AutoMod] DEBUG: Checking banned words for user ilker4444, words count: 0, content: "buradan paleto da date e çıkardık"
[LOG] 2026-06-02T15:36:18.861Z - [WebSocket] Message Event Received in minik: HARBİ
[LOG] 2026-06-02T15:36:18.861Z - [AutoMod] DEBUG: Checking banned words for user ilker4444, words count: 0, content: "HARBİ"
[LOG] 2026-06-02T15:36:19.036Z - [WebSocket] Message Event Received in ahmetturku: [emote:37226:KEKW]
[LOG] 2026-06-02T15:36:19.037Z - [AutoMod] DEBUG: Checking banned words for user ilker4444, words count: 0, content: "[emote:37226:KEKW]"
[LOG] 2026-06-02T15:36:19.312Z - [WebSocket] Message Event Received in eray: [emote:5273243:lowCortisol]
[LOG] 2026-06-02T15:36:19.312Z - [AutoMod] DEBUG: Checking banned words for user Riadein, words count: 25, content: "[emote:5273243:lowCortisol]"
[LOG] 2026-06-02T15:36:20.288Z - [WebSocket] Message Event Received in ahmetturku: [emote:37226:KEKW]
[LOG] 2026-06-02T15:36:20.288Z - [AutoMod] DEBUG: Checking banned words for user ilker4444, words count: 0, content: "[emote:37226:KEKW]"
[LOG] 2026-06-02T15:36:21.720Z - [WebSocket] Message Event Received in minik: [emote:37226:KEKW]
[LOG] 2026-06-02T15:36:21.720Z - [AutoMod] DEBUG: Checking banned words for user ilker4444, words count: 0, content: "[emote:37226:KEKW]"
[LOG] 2026-06-02T15:36:22.794Z - [WebSocket] Message Event Received in ahmetturku: [emote:37226:KEKW]
[LOG] 2026-06-02T15:36:22.794Z - [AutoMod] DEBUG: Checking banned words for user ilker4444, words count: 0, content: "[emote:37226:KEKW]"
[LOG] 2026-06-02T15:36:23.838Z - [WebSocket] Message Event Received in ahmetturku: [emote:37226:KEKW]
[LOG] 2026-06-02T15:36:23.838Z - [AutoMod] DEBUG: Checking banned words for user ilker4444, words count: 0, content: "[emote:37226:KEKW]"
[LOG] 2026-06-02T15:36:24.217Z - [WebSocket] Message Event Received in minik: aljksdasjkldaskjldajslk
[LOG] 2026-06-02T15:36:24.217Z - [AutoMod] DEBUG: Checking banned words for user ilker4444, words count: 0, content: "aljksdasjkldaskjldajslk"
[LOG] 2026-06-02T15:36:24.514Z - [WebSocket] Message Event Received in ahmetturku: [emote:37226:KEKW]
[LOG] 2026-06-02T15:36:24.514Z - [AutoMod] DEBUG: Checking banned words for user ilker4444, words count: 0, content: "[emote:37226:KEKW]"
[LOG] 2026-06-02T15:36:24.630Z - [WebSocket] Message Event Received in ahmetturku: [emote:37226:KEKW]
[LOG] 2026-06-02T15:36:24.630Z - [AutoMod] DEBUG: Checking banned words for user ilker4444, words count: 0, content: "[emote:37226:KEKW]"
[LOG] 2026-06-02T15:36:24.732Z - [WebSocket] Message Event Received in minik: CIKARDIK
[LOG] 2026-06-02T15:36:24.732Z - [AutoMod] DEBUG: Checking banned words for user ilker4444, words count: 0, content: "CIKARDIK"
[LOG] 2026-06-02T15:36:25.132Z - [WebSocket] Message Event Received in ahmetturku: [emote:37233:PogU]
[LOG] 2026-06-02T15:36:25.132Z - [AutoMod] DEBUG: Checking banned words for user ilker4444, words count: 0, content: "[emote:37233:PogU]"
[LOG] 2026-06-02T15:36:25.536Z - [WebSocket] Message Event Received in ahmetturku: [emote:37226:KEKW]
[LOG] 2026-06-02T15:36:25.536Z - [AutoMod] DEBUG: Checking banned words for user ilker4444, words count: 0, content: "[emote:37226:KEKW]"
[LOG] 2026-06-02T15:36:25.757Z - [WebSocket] Message Event Received in ahmetturku: OZHGZEOGHJ
[LOG] 2026-06-02T15:36:25.757Z - [AutoMod] DEBUG: Checking banned words for user ilker4444, words count: 0, content: "OZHGZEOGHJ"
[LOG] 2026-06-02T15:36:25.892Z - [WebSocket] Message Event Received in ahmetturku: [emote:37226:KEKW]
[LOG] 2026-06-02T15:36:25.892Z - [AutoMod] DEBUG: Checking banned words for user ilker4444, words count: 0, content: "[emote:37226:KEKW]"
[LOG] 2026-06-02T15:36:26.021Z - [WebSocket] Message Event Received in minik: Muzik yokmu be
[LOG] 2026-06-02T15:36:26.021Z - [AutoMod] DEBUG: Checking banned words for user ilker4444, words count: 0, content: "Muzik yokmu be"
[LOG] 2026-06-02T15:36:26.493Z - [WebSocket] Message Event Received in ahmetturku: [emote:37226:KEKW]
[LOG] 2026-06-02T15:36:26.493Z - [AutoMod] DEBUG: Checking banned words for user ilker4444, words count: 0, content: "[emote:37226:KEKW]"
[LOG] 2026-06-02T15:36:27.058Z - [WebSocket] Message Event Received in minik: [emote:37226:KEKW]
[LOG] 2026-06-02T15:36:27.058Z - [AutoMod] DEBUG: Checking banned words for user ilker4444, words count: 0, content: "[emote:37226:KEKW]"
[LOG] 2026-06-02T15:36:27.285Z - [WebSocket] Message Event Received in ahmetturku: [emote:37226:KEKW]
[LOG] 2026-06-02T15:36:27.285Z - [AutoMod] DEBUG: Checking banned words for user ilker4444, words count: 0, content: "[emote:37226:KEKW]"
[LOG] 2026-06-02T15:36:29.075Z - [WebSocket] Message Event Received in ahmetturku: [emote:37226:KEKW]
[LOG] 2026-06-02T15:36:29.075Z - [AutoMod] DEBUG: Checking banned words for user ilker4444, words count: 0, content: "[emote:37226:KEKW]"
[LOG] 2026-06-02T15:36:29.652Z - [WebSocket] Message Event Received in ahmetturku: [emote:37226:KEKW]
[LOG] 2026-06-02T15:36:29.652Z - [AutoMod] DEBUG: Checking banned words for user ilker4444, words count: 0, content: "[emote:37226:KEKW]"
[LOG] 2026-06-02T15:36:29.689Z - [WebSocket] Message Event Received in ahmetturku: beyler kız çar açsam soy ismi ulas ardahanlı yetimhanede buyumus wl alırmıyım
[LOG] 2026-06-02T15:36:29.689Z - [AutoMod] DEBUG: Checking banned words for user ilker4444, words count: 0, content: "beyler kız çar açsam soy ismi ulas ardahanlı yetim"
[LOG] 2026-06-02T15:36:29.810Z - [WebSocket] Message Event Received in ahmetturku: [emote:37226:KEKW]
[LOG] 2026-06-02T15:36:29.810Z - [AutoMod] DEBUG: Checking banned words for user ilker4444, words count: 0, content: "[emote:37226:KEKW]"
[LOG] 2026-06-02T15:36:30.818Z - [WebSocket] Message Event Received in ahmetturku: [emote:5565231:ahmetturkuhaha]
[LOG] 2026-06-02T15:36:30.818Z - [AutoMod] DEBUG: Checking banned words for user ilker4444, words count: 0, content: "[emote:5565231:ahmetturkuhaha]"
[LOG] 2026-06-02T15:36:31.524Z - [WebSocket] Message Event Received in minik: [emote:37226:KEKW]
[LOG] 2026-06-02T15:36:31.524Z - [AutoMod] DEBUG: Checking banned words for user ilker4444, words count: 0, content: "[emote:37226:KEKW]"
[LOG] 2026-06-02T15:36:32.988Z - [WebSocket] Message Event Received in ahmetturku: [emote:37226:KEKW]
[LOG] 2026-06-02T15:36:32.988Z - [AutoMod] DEBUG: Checking banned words for user ilker4444, words count: 0, content: "[emote:37226:KEKW]"
[LOG] 2026-06-02T15:36:33.606Z - [WebSocket] Message Event Received in ahmetturku: [emote:5565231:ahmetturkuhaha]
[LOG] 2026-06-02T15:36:33.606Z - [AutoMod] DEBUG: Checking banned words for user ilker4444, words count: 0, content: "[emote:5565231:ahmetturkuhaha]"
[LOG] 2026-06-02T15:36:33.629Z - [WebSocket] Message Event Received in ahmetturku: [emote:37226:KEKW]
[LOG] 2026-06-02T15:36:33.629Z - [AutoMod] DEBUG: Checking banned words for user ilker4444, words count: 0, content: "[emote:37226:KEKW]"
[LOG] 2026-06-02T15:36:33.923Z - [WebSocket] Message Event Received in ahmetturku: [emote:37226:KEKW]
[LOG] 2026-06-02T15:36:33.923Z - [AutoMod] DEBUG: Checking banned words for user ilker4444, words count: 0, content: "[emote:37226:KEKW]"
[LOG] 2026-06-02T15:36:33.939Z - [WebSocket] Message Event Received in ahmetturku: [emote:37226:KEKW]
[LOG] 2026-06-02T15:36:33.939Z - [AutoMod] DEBUG: Checking banned words for user ilker4444, words count: 0, content: "[emote:37226:KEKW]"
[LOG] 2026-06-02T15:36:34.299Z - [WebSocket] Message Event Received in ahmetturku: [emote:37226:KEKW]
[LOG] 2026-06-02T15:36:34.299Z - [AutoMod] DEBUG: Checking banned words for user ilker4444, words count: 0, content: "[emote:37226:KEKW]"
[LOG] 2026-06-02T15:36:34.841Z - [WebSocket] Message Event Received in ahmetturku: elisabeth bile yokmuş
[LOG] 2026-06-02T15:36:34.841Z - [AutoMod] DEBUG: Checking banned words for user ilker4444, words count: 0, content: "elisabeth bile yokmuş"
[LOG] 2026-06-02T15:36:35.131Z - [WebSocket] Message Event Received in ahmetturku: [emote:37226:KEKW]
[LOG] 2026-06-02T15:36:35.131Z - [AutoMod] DEBUG: Checking banned words for user ilker4444, words count: 0, content: "[emote:37226:KEKW]"
[LOG] 2026-06-02T15:36:35.513Z - [WebSocket] Message Event Received in ahmetturku: [emote:37226:KEKW]
[LOG] 2026-06-02T15:36:35.513Z - [AutoMod] DEBUG: Checking banned words for user ilker4444, words count: 0, content: "[emote:37226:KEKW]"
[LOG] 2026-06-02T15:36:35.952Z - [WebSocket] Message Event Received in ahmetturku: [emote:37226:KEKW]
[LOG] 2026-06-02T15:36:35.952Z - [AutoMod] DEBUG: Checking banned words for user ilker4444, words count: 0, content: "[emote:37226:KEKW]"
[LOG] 2026-06-02T15:36:36.420Z - [WebSocket] Message Event Received in ahmetturku: [emote:37226:KEKW]
[LOG] 2026-06-02T15:36:36.420Z - [AutoMod] DEBUG: Checking banned words for user ilker4444, words count: 0, content: "[emote:37226:KEKW]"
[LOG] 2026-06-02T15:36:37.447Z - [WebSocket] Message Event Received in ahmetturku: [emote:37226:KEKW]
[LOG] 2026-06-02T15:36:37.447Z - [AutoMod] DEBUG: Checking banned words for user ilker4444, words count: 0, content: "[emote:37226:KEKW]"
[LOG] 2026-06-02T15:36:37.988Z - [WebSocket] User banned in ahmetturku: {"id":"5618f259-afd6-4313-941c-da87d015c5d5","user":{"id":28376597,"username":"W4ntz","slug":"w4ntz"},"banned_by":{"id":0,"username":"ErenTurku","slug":"erenturku"},"permanent":false,"duration":5,"expires_at":"2026-06-02T15:41:38+00:00"}
[LOG] 2026-06-02T15:36:38.766Z - [WebSocket] Message Event Received in ahmetturku: [emote:37226:KEKW]
[LOG] 2026-06-02T15:36:38.766Z - [AutoMod] DEBUG: Checking banned words for user ilker4444, words count: 0, content: "[emote:37226:KEKW]"
[LOG] 2026-06-02T15:36:39.133Z - [WebSocket] Message Event Received in minik: [emote:37226:KEKW]
[LOG] 2026-06-02T15:36:39.133Z - [AutoMod] DEBUG: Checking banned words for user ilker4444, words count: 0, content: "[emote:37226:KEKW]"
[LOG] 2026-06-02T15:36:39.209Z - [WebSocket] Message Event Received in minik: akşam nova ya nasıl anlatıcak meraktan öldük
[LOG] 2026-06-02T15:36:39.209Z - [AutoMod] DEBUG: Checking banned words for user ilker4444, words count: 0, content: "akşam nova ya nasıl anlatıcak meraktan öldük"
[LOG] 2026-06-02T15:36:39.744Z - [WebSocket] Message Event Received in minik: [emote:37226:KEKW]
[LOG] 2026-06-02T15:36:39.744Z - [AutoMod] DEBUG: Checking banned words for user ilker4444, words count: 0, content: "[emote:37226:KEKW]"
[LOG] 2026-06-02T15:36:40.139Z - [WebSocket] Message Event Received in ahmetturku: [emote:37226:KEKW]
[LOG] 2026-06-02T15:36:40.139Z - [AutoMod] DEBUG: Checking banned words for user ilker4444, words count: 0, content: "[emote:37226:KEKW]"
[LOG] 2026-06-02T15:36:41.222Z - [WebSocket] Message Event Received in ahmetturku: [emote:37226:KEKW]
[LOG] 2026-06-02T15:36:41.222Z - [AutoMod] DEBUG: Checking banned words for user ilker4444, words count: 0, content: "[emote:37226:KEKW]"
[LOG] 2026-06-02T15:36:42.338Z - [WebSocket] Message Event Received in ahmetturku: [emote:39277:politeCat]
[LOG] 2026-06-02T15:36:42.339Z - [AutoMod] DEBUG: Checking banned words for user ilker4444, words count: 0, content: "[emote:39277:politeCat]"
[LOG] 2026-06-02T15:36:42.905Z - [WebSocket] Message Event Received in ahmetturku: OO
[LOG] 2026-06-02T15:36:42.905Z - [AutoMod] DEBUG: Checking banned words for user ilker4444, words count: 0, content: "OO"
[LOG] 2026-06-02T15:36:43.633Z - [WebSocket] Message Event Received in minik: sunucuya yag gelcek mı hanı ddrp de yag dokup kacılıyodu ya
[LOG] 2026-06-02T15:36:43.633Z - [AutoMod] DEBUG: Checking banned words for user ilker4444, words count: 0, content: "sunucuya yag gelcek mı hanı ddrp de yag dokup kacı"
[LOG] 2026-06-02T15:36:43.772Z - [WebSocket] Message Event Received in ahmetturku: [emote:37226:KEKW]
[LOG] 2026-06-02T15:36:43.772Z - [AutoMod] DEBUG: Checking banned words for user ilker4444, words count: 0, content: "[emote:37226:KEKW]"
[LOG] 2026-06-02T15:36:44.105Z - [WebSocket] Message Event Received in ahmetturku: [emote:37226:KEKW]
[LOG] 2026-06-02T15:36:44.105Z - [AutoMod] DEBUG: Checking banned words for user ilker4444, words count: 0, content: "[emote:37226:KEKW]"
[LOG] 2026-06-02T15:36:44.295Z - [WebSocket] Message Event Received in ahmetturku: sa
[LOG] 2026-06-02T15:36:44.295Z - [AutoMod] DEBUG: Checking banned words for user ilker4444, words count: 0, content: "sa"
[LOG] 2026-06-02T15:36:44.588Z - [WebSocket] Message Event Received in minik: [emote:37226:KEKW]
[LOG] 2026-06-02T15:36:44.588Z - [AutoMod] DEBUG: Checking banned words for user ilker4444, words count: 0, content: "[emote:37226:KEKW]"
[LOG] 2026-06-02T15:36:45.309Z - [WebSocket] Message Event Received in ahmetturku: [emote:37226:KEKW]
[LOG] 2026-06-02T15:36:45.309Z - [AutoMod] DEBUG: Checking banned words for user ilker4444, words count: 0, content: "[emote:37226:KEKW]"
[LOG] 2026-06-02T15:36:46.375Z - [WebSocket] Message Event Received in minik: As
[LOG] 2026-06-02T15:36:46.376Z - [AutoMod] DEBUG: Checking banned words for user ilker4444, words count: 0, content: "As"
[LOG] 2026-06-02T15:36:46.462Z - [WebSocket] Message Event Received in ahmetturku: [emote:37226:KEKW]
[LOG] 2026-06-02T15:36:46.462Z - [AutoMod] DEBUG: Checking banned words for user ilker4444, words count: 0, content: "[emote:37226:KEKW]"
[LOG] 2026-06-02T15:36:47.148Z - [WebSocket] Message Event Received in ahmetturku: [emote:37226:KEKW]
[LOG] 2026-06-02T15:36:47.148Z - [AutoMod] DEBUG: Checking banned words for user ilker4444, words count: 0, content: "[emote:37226:KEKW]"
[LOG] 2026-06-02T15:36:47.597Z - [WebSocket] Message Event Received in ahmetturku: [emote:37226:KEKW]
[LOG] 2026-06-02T15:36:47.597Z - [AutoMod] DEBUG: Checking banned words for user ilker4444, words count: 0, content: "[emote:37226:KEKW]"
[LOG] 2026-06-02T15:36:47.942Z - [WebSocket] Message Event Received in minik: şarkı izni iste
[LOG] 2026-06-02T15:36:47.942Z - [AutoMod] DEBUG: Checking banned words for user ilker4444, words count: 0, content: "şarkı izni iste"
[LOG] 2026-06-02T15:36:48.554Z - [WebSocket] Message Event Received in ahmetturku: S
[LOG] 2026-06-02T15:36:48.554Z - [AutoMod] DEBUG: Checking banned words for user ilker4444, words count: 0, content: "S"
[LOG] 2026-06-02T15:36:48.558Z - [WebSocket] Message Event Received in ahmetturku: [emote:37226:KEKW]
[LOG] 2026-06-02T15:36:48.558Z - [AutoMod] DEBUG: Checking banned words for user ilker4444, words count: 0, content: "[emote:37226:KEKW]"
[LOG] 2026-06-02T15:36:48.606Z - [WebSocket] Message Event Received in ahmetturku: [emote:37226:KEKW]
[LOG] 2026-06-02T15:36:48.606Z - [AutoMod] DEBUG: Checking banned words for user ilker4444, words count: 0, content: "[emote:37226:KEKW]"
[LOG] 2026-06-02T15:36:49.645Z - [WebSocket] Message Event Received in ahmetturku: [emote:37226:KEKW]
[LOG] 2026-06-02T15:36:49.645Z - [AutoMod] DEBUG: Checking banned words for user ilker4444, words count: 0, content: "[emote:37226:KEKW]"
[LOG] 2026-06-02T15:36:49.665Z - [WebSocket] Message Event Received in ahmetturku: [emote:37226:KEKW]
[LOG] 2026-06-02T15:36:49.665Z - [AutoMod] DEBUG: Checking banned words for user ilker4444, words count: 0, content: "[emote:37226:KEKW]"
[LOG] 2026-06-02T15:36:49.761Z - [WebSocket] Message Event Received in minik: [emote:37226:KEKW]
[LOG] 2026-06-02T15:36:49.761Z - [AutoMod] DEBUG: Checking banned words for user ilker4444, words count: 0, content: "[emote:37226:KEKW]"
[LOG] 2026-06-02T15:36:50.093Z - [WebSocket] Message Event Received in ahmetturku: [emote:37233:PogU]
[LOG] 2026-06-02T15:36:50.093Z - [AutoMod] DEBUG: Checking banned words for user ilker4444, words count: 0, content: "[emote:37233:PogU]"
[LOG] 2026-06-02T15:36:50.457Z - [WebSocket] Message Event Received in ahmetturku: [emote:37226:KEKW][emote:37226:KEKW][emote:37226:KEKW]
[LOG] 2026-06-02T15:36:50.457Z - [AutoMod] DEBUG: Checking banned words for user ilker4444, words count: 0, content: "[emote:37226:KEKW][emote:37226:KEKW][emote:37226:K"
[LOG] 2026-06-02T15:36:50.473Z - [WebSocket] Message Event Received in minik: minik ls mecanich de barana bak şahin ulaş olmul
[LOG] 2026-06-02T15:36:50.473Z - [AutoMod] DEBUG: Checking banned words for user ilker4444, words count: 0, content: "minik ls mecanich de barana bak şahin ulaş olmul"
[LOG] 2026-06-02T15:36:50.752Z - [WebSocket] Message Event Received in ahmetturku: [emote:37226:KEKW]
[LOG] 2026-06-02T15:36:50.752Z - [AutoMod] DEBUG: Checking banned words for user ilker4444, words count: 0, content: "[emote:37226:KEKW]"
[LOG] 2026-06-02T15:36:50.858Z - [WebSocket] Message Event Received in ahmetturku: [emote:37226:KEKW]
[LOG] 2026-06-02T15:36:50.858Z - [AutoMod] DEBUG: Checking banned words for user ilker4444, words count: 0, content: "[emote:37226:KEKW]"
[LOG] 2026-06-02T15:36:51.146Z - [WebSocket] Message Event Received in ahmetturku: [emote:37226:KEKW]
[LOG] 2026-06-02T15:36:51.146Z - [AutoMod] DEBUG: Checking banned words for user ilker4444, words count: 0, content: "[emote:37226:KEKW]"
[LOG] 2026-06-02T15:36:51.251Z - [WebSocket] Message Event Received in ahmetturku: [emote:37226:KEKW]
[LOG] 2026-06-02T15:36:51.251Z - [AutoMod] DEBUG: Checking banned words for user ilker4444, words count: 0, content: "[emote:37226:KEKW]"
[LOG] 2026-06-02T15:36:51.360Z - [WebSocket] Message Event Received in minik: [emote:37226:KEKW]
[LOG] 2026-06-02T15:36:51.360Z - [AutoMod] DEBUG: Checking banned words for user ilker4444, words count: 0, content: "[emote:37226:KEKW]"
[LOG] 2026-06-02T15:36:52.003Z - [WebSocket] Message Event Received in ahmetturku: [emote:37226:KEKW]
[LOG] 2026-06-02T15:36:52.003Z - [AutoMod] DEBUG: Checking banned words for user ilker4444, words count: 0, content: "[emote:37226:KEKW]"
[LOG] 2026-06-02T15:36:52.220Z - [WebSocket] Message Event Received in ahmetturku: [emote:37226:KEKW]
[LOG] 2026-06-02T15:36:52.220Z - [AutoMod] DEBUG: Checking banned words for user ilker4444, words count: 0, content: "[emote:37226:KEKW]"
[LOG] 2026-06-02T15:36:52.476Z - [WebSocket] Message Event Received in minik: [emote:37226:KEKW]
[LOG] 2026-06-02T15:36:52.476Z - [AutoMod] DEBUG: Checking banned words for user ilker4444, words count: 0, content: "[emote:37226:KEKW]"
[LOG] 2026-06-02T15:36:52.492Z - [WebSocket] Message Event Received in ahmetturku: [emote:37226:KEKW]
[LOG] 2026-06-02T15:36:52.492Z - [AutoMod] DEBUG: Checking banned words for user ilker4444, words count: 0, content: "[emote:37226:KEKW]"
[LOG] 2026-06-02T15:36:52.508Z - [WebSocket] Message Event Received in ahmetturku: [emote:37226:KEKW]
[LOG] 2026-06-02T15:36:52.508Z - [AutoMod] DEBUG: Checking banned words for user ilker4444, words count: 0, content: "[emote:37226:KEKW]"
[LOG] 2026-06-02T15:36:52.819Z - [WebSocket] Message Event Received in ahmetturku: [emote:37226:KEKW]
[LOG] 2026-06-02T15:36:52.819Z - [AutoMod] DEBUG: Checking banned words for user ilker4444, words count: 0, content: "[emote:37226:KEKW]"
[LOG] 2026-06-02T15:36:53.594Z - [WebSocket] Message Event Received in ahmetturku: [emote:37226:KEKW]
[LOG] 2026-06-02T15:36:53.594Z - [AutoMod] DEBUG: Checking banned words for user ilker4444, words count: 0, content: "[emote:37226:KEKW]"
[LOG] 2026-06-02T15:36:54.184Z - [WebSocket] Message Event Received in ahmetturku: [emote:37226:KEKW]
[LOG] 2026-06-02T15:36:54.184Z - [AutoMod] DEBUG: Checking banned words for user ilker4444, words count: 0, content: "[emote:37226:KEKW]"
[LOG] 2026-06-02T15:36:54.500Z - [WebSocket] Message Event Received in ahmetturku: [emote:37226:KEKW]
[LOG] 2026-06-02T15:36:54.500Z - [AutoMod] DEBUG: Checking banned words for user ilker4444, words count: 0, content: "[emote:37226:KEKW]"
[LOG] 2026-06-02T15:36:54.703Z - [WebSocket] Message Event Received in ahmetturku: [emote:37226:KEKW]
[LOG] 2026-06-02T15:36:54.703Z - [AutoMod] DEBUG: Checking banned words for user ilker4444, words count: 0, content: "[emote:37226:KEKW]"
[LOG] 2026-06-02T15:36:55.144Z - [WebSocket] Message Event Received in eray: sa
[LOG] 2026-06-02T15:36:55.144Z - [AutoMod] DEBUG: Checking banned words for user Riadein, words count: 25, content: "sa"
[LOG] 2026-06-02T15:36:55.498Z - [WebSocket] Message Event Received in ahmetturku: [emote:37226:KEKW]
[LOG] 2026-06-02T15:36:55.498Z - [AutoMod] DEBUG: Checking banned words for user ilker4444, words count: 0, content: "[emote:37226:KEKW]"
[LOG] 2026-06-02T15:36:55.677Z - [WebSocket] Message Event Received in ahmetturku: [emote:37226:KEKW]
[LOG] 2026-06-02T15:36:55.677Z - [AutoMod] DEBUG: Checking banned words for user ilker4444, words count: 0, content: "[emote:37226:KEKW]"
[LOG] 2026-06-02T15:36:55.795Z - [WebSocket] Message Event Received in minik: [emote:37227:LULW]
[LOG] 2026-06-02T15:36:55.795Z - [AutoMod] DEBUG: Checking banned words for user ilker4444, words count: 0, content: "[emote:37227:LULW]"
[LOG] 2026-06-02T15:36:56.211Z - [WebSocket] Message Event Received in minik: [emote:37226:KEKW]
[LOG] 2026-06-02T15:36:56.211Z - [AutoMod] DEBUG: Checking banned words for user ilker4444, words count: 0, content: "[emote:37226:KEKW]"
[LOG] 2026-06-02T15:36:56.280Z - [WebSocket] Message Event Received in ahmetturku: [emote:37226:KEKW]
[LOG] 2026-06-02T15:36:56.280Z - [AutoMod] DEBUG: Checking banned words for user ilker4444, words count: 0, content: "[emote:37226:KEKW]"
[LOG] 2026-06-02T15:36:56.836Z - [WebSocket] Message Event Received in ahmetturku: [emote:37226:KEKW]
[LOG] 2026-06-02T15:36:56.836Z - [AutoMod] DEBUG: Checking banned words for user ilker4444, words count: 0, content: "[emote:37226:KEKW]"
[LOG] 2026-06-02T15:36:57.689Z - [WebSocket] Message Event Received in minik: [emote:37226:KEKW]
[LOG] 2026-06-02T15:36:57.689Z - [AutoMod] DEBUG: Checking banned words for user ilker4444, words count: 0, content: "[emote:37226:KEKW]"
[LOG] 2026-06-02T15:36:58.524Z - [WebSocket] Message Event Received in ahmetturku: asansör düğmesi misali
[LOG] 2026-06-02T15:36:58.524Z - [AutoMod] DEBUG: Checking banned words for user ilker4444, words count: 0, content: "asansör düğmesi misali"
[LOG] 2026-06-02T15:36:58.733Z - [WebSocket] Message Event Received in ahmetturku: ODAPDJWPJDĞWJEĞEJEĞWKEPWNWĞKEÜWLWĞWND
[LOG] 2026-06-02T15:36:58.733Z - [AutoMod] DEBUG: Checking banned words for user ilker4444, words count: 0, content: "ODAPDJWPJDĞWJEĞEJEĞWKEPWNWĞKEÜWLWĞWND"
[LOG] 2026-06-02T15:36:58.822Z - [WebSocket] Message Event Received in ahmetturku: [emote:37226:KEKW]
[LOG] 2026-06-02T15:36:58.822Z - [AutoMod] DEBUG: Checking banned words for user ilker4444, words count: 0, content: "[emote:37226:KEKW]"
[LOG] 2026-06-02T15:36:59.052Z - [WebSocket] Message Event Received in minik: [emote:37226:KEKW]
[LOG] 2026-06-02T15:36:59.052Z - [AutoMod] DEBUG: Checking banned words for user ilker4444, words count: 0, content: "[emote:37226:KEKW]"
[LOG] 2026-06-02T15:36:59.907Z - [WebSocket] Message Event Received in ahmetturku: [emote:37229:OOOO]
[LOG] 2026-06-02T15:36:59.908Z - [AutoMod] DEBUG: Checking banned words for user ilker4444, words count: 0, content: "[emote:37229:OOOO]"
[LOG] 2026-06-02T15:37:00.673Z - [WebSocket] Message Event Received in ahmetturku: kamyonu devirmemişmi
[LOG] 2026-06-02T15:37:00.673Z - [AutoMod] DEBUG: Checking banned words for user ilker4444, words count: 0, content: "kamyonu devirmemişmi"
[LOG] 2026-06-02T15:37:00.947Z - [WebSocket] Message Event Received in ahmetturku: [emote:37226:KEKW]
[LOG] 2026-06-02T15:37:00.947Z - [AutoMod] DEBUG: Checking banned words for user ilker4444, words count: 0, content: "[emote:37226:KEKW]"
[LOG] 2026-06-02T15:37:01.264Z - [WebSocket] Message Event Received in ahmetturku: [emote:5565239:ahmetturkusalla]
[LOG] 2026-06-02T15:37:01.264Z - [AutoMod] DEBUG: Checking banned words for user ilker4444, words count: 0, content: "[emote:5565239:ahmetturkusalla]"
[LOG] 2026-06-02T15:37:02.633Z - [WebSocket] Message Event Received in minik: [emote:37226:KEKW]
[LOG] 2026-06-02T15:37:02.633Z - [AutoMod] DEBUG: Checking banned words for user ilker4444, words count: 0, content: "[emote:37226:KEKW]"
[LOG] 2026-06-02T15:37:02.691Z - [WebSocket] Message Event Received in ahmetturku: hiç rüyalanmadı mı amk
[LOG] 2026-06-02T15:37:02.691Z - [AutoMod] DEBUG: Checking banned words for user ilker4444, words count: 0, content: "hiç rüyalanmadı mı amk"
[LOG] 2026-06-02T15:37:02.694Z - [WebSocket] Message Event Received in ahmetturku: [emote:37226:KEKW]
[LOG] 2026-06-02T15:37:02.694Z - [AutoMod] DEBUG: Checking banned words for user ilker4444, words count: 0, content: "[emote:37226:KEKW]"
[LOG] 2026-06-02T15:37:03.071Z - [WebSocket] Message Event Received in ahmetturku: [emote:37226:KEKW]
[LOG] 2026-06-02T15:37:03.072Z - [AutoMod] DEBUG: Checking banned words for user ilker4444, words count: 0, content: "[emote:37226:KEKW]"
[LOG] 2026-06-02T15:37:03.655Z - [WebSocket] Message Event Received in minik: [emote:37226:KEKW]
[LOG] 2026-06-02T15:37:03.655Z - [AutoMod] DEBUG: Checking banned words for user ilker4444, words count: 0, content: "[emote:37226:KEKW]"
[LOG] 2026-06-02T15:37:04.454Z - [WebSocket] Message Event Received in ahmetturku: SOHBETE BAK AQ
[LOG] 2026-06-02T15:37:04.454Z - [AutoMod] DEBUG: Checking banned words for user ilker4444, words count: 0, content: "SOHBETE BAK AQ"
[LOG] 2026-06-02T15:37:04.505Z - [WebSocket] Message Event Received in ahmetturku: atilla amcan elinden tutsun
[LOG] 2026-06-02T15:37:04.505Z - [AutoMod] DEBUG: Checking banned words for user ilker4444, words count: 0, content: "atilla amcan elinden tutsun"
[LOG] 2026-06-02T15:37:04.537Z - [WebSocket] Message Event Received in ahmetturku: HFKAKFKALKYLAKGKLAKGKAKGJKSKFKSKJFKSKGKOSKGKAKGKAKKFKAKFKAKLGKSKKGKKDKALDKK
[LOG] 2026-06-02T15:37:04.537Z - [AutoMod] DEBUG: Checking banned words for user ilker4444, words count: 0, content: "HFKAKFKALKYLAKGKLAKGKAKGJKSKFKSKJFKSKGKOSKGKAKGKAK"
[LOG] 2026-06-02T15:37:04.797Z - [WebSocket] Message Event Received in ahmetturku: [emote:37226:KEKW]
[LOG] 2026-06-02T15:37:04.797Z - [AutoMod] DEBUG: Checking banned words for user ilker4444, words count: 0, content: "[emote:37226:KEKW]"
[LOG] 2026-06-02T15:37:05.016Z - [WebSocket] Message Event Received in ahmetturku: [emote:37226:KEKW]
[LOG] 2026-06-02T15:37:05.016Z - [AutoMod] DEBUG: Checking banned words for user ilker4444, words count: 0, content: "[emote:37226:KEKW]"
[LOG] 2026-06-02T15:37:05.838Z - [WebSocket] Message Event Received in ahmetturku: [emote:37226:KEKW]
[LOG] 2026-06-02T15:37:05.839Z - [AutoMod] DEBUG: Checking banned words for user ilker4444, words count: 0, content: "[emote:37226:KEKW]"
[LOG] 2026-06-02T15:37:06.329Z - [WebSocket] Message Event Received in ahmetturku: [emote:37226:KEKW]
[LOG] 2026-06-02T15:37:06.329Z - [AutoMod] DEBUG: Checking banned words for user ilker4444, words count: 0, content: "[emote:37226:KEKW]"
[LOG] 2026-06-02T15:37:06.403Z - [WebSocket] Message Event Received in ahmetturku: [emote:37226:KEKW]
[LOG] 2026-06-02T15:37:06.403Z - [AutoMod] DEBUG: Checking banned words for user ilker4444, words count: 0, content: "[emote:37226:KEKW]"
[LOG] 2026-06-02T15:37:06.537Z - [WebSocket] Message Event Received in ahmetturku: [emote:37226:KEKW]
[LOG] 2026-06-02T15:37:06.537Z - [AutoMod] DEBUG: Checking banned words for user ilker4444, words count: 0, content: "[emote:37226:KEKW]"
[LOG] 2026-06-02T15:37:06.753Z - [WebSocket] Message Event Received in ahmetturku: [emote:37226:KEKW]
[LOG] 2026-06-02T15:37:06.753Z - [AutoMod] DEBUG: Checking banned words for user ilker4444, words count: 0, content: "[emote:37226:KEKW]"
[LOG] 2026-06-02T15:37:07.013Z - [WebSocket] Message Event Received in ahmetturku: [emote:37226:KEKW]
[LOG] 2026-06-02T15:37:07.014Z - [AutoMod] DEBUG: Checking banned words for user ilker4444, words count: 0, content: "[emote:37226:KEKW]"
[LOG] 2026-06-02T15:37:07.323Z - [WebSocket] Message Event Received in ahmetturku: [emote:37226:KEKW]
[LOG] 2026-06-02T15:37:07.323Z - [AutoMod] DEBUG: Checking banned words for user ilker4444, words count: 0, content: "[emote:37226:KEKW]"
[LOG] 2026-06-02T15:37:07.414Z - [WebSocket] Message Event Received in ahmetturku: [emote:37226:KEKW]
[LOG] 2026-06-02T15:37:07.414Z - [AutoMod] DEBUG: Checking banned words for user ilker4444, words count: 0, content: "[emote:37226:KEKW]"
[LOG] 2026-06-02T15:37:08.086Z - [WebSocket] Message Event Received in ahmetturku: [emote:37233:PogU]
[LOG] 2026-06-02T15:37:08.087Z - [AutoMod] DEBUG: Checking banned words for user ilker4444, words count: 0, content: "[emote:37233:PogU]"
[LOG] 2026-06-02T15:37:11.462Z - [WebSocket] Message Event Received in ahmetturku: [emote:37226:KEKW]
[LOG] 2026-06-02T15:37:11.462Z - [AutoMod] DEBUG: Checking banned words for user ilker4444, words count: 0, content: "[emote:37226:KEKW]"
[LOG] 2026-06-02T15:37:11.746Z - [WebSocket] Message Event Received in ahmetturku: [emote:37226:KEKW]
[LOG] 2026-06-02T15:37:11.746Z - [AutoMod] DEBUG: Checking banned words for user ilker4444, words count: 0, content: "[emote:37226:KEKW]"
[LOG] 2026-06-02T15:37:12.042Z - [WebSocket] Message Event Received in ahmetturku: uyurkende mi olmadı kuzen
[LOG] 2026-06-02T15:37:12.042Z - [AutoMod] DEBUG: Checking banned words for user ilker4444, words count: 0, content: "uyurkende mi olmadı kuzen"
[LOG] 2026-06-02T15:37:12.174Z - [WebSocket] Message Event Received in ahmetturku: [emote:37226:KEKW]
[LOG] 2026-06-02T15:37:12.174Z - [AutoMod] DEBUG: Checking banned words for user ilker4444, words count: 0, content: "[emote:37226:KEKW]"
[LOG] 2026-06-02T15:37:12.292Z - [WebSocket] Message Event Received in ahmetturku: [emote:37226:KEKW]
[LOG] 2026-06-02T15:37:12.292Z - [AutoMod] DEBUG: Checking banned words for user ilker4444, words count: 0, content: "[emote:37226:KEKW]"
[LOG] 2026-06-02T15:37:12.704Z - [WebSocket] Message Event Received in ahmetturku: [emote:37226:KEKW]
[LOG] 2026-06-02T15:37:12.704Z - [AutoMod] DEBUG: Checking banned words for user ilker4444, words count: 0, content: "[emote:37226:KEKW]"
[LOG] 2026-06-02T15:37:13.081Z - [WebSocket] Message Event Received in ahmetturku: [emote:37226:KEKW]
[LOG] 2026-06-02T15:37:13.081Z - [AutoMod] DEBUG: Checking banned words for user ilker4444, words count: 0, content: "[emote:37226:KEKW]"
[LOG] 2026-06-02T15:37:13.226Z - [WebSocket] Message Event Received in ahmetturku: [emote:37226:KEKW]
[LOG] 2026-06-02T15:37:13.226Z - [AutoMod] DEBUG: Checking banned words for user ilker4444, words count: 0, content: "[emote:37226:KEKW]"
[LOG] 2026-06-02T15:37:14.028Z - [WebSocket] Message Event Received in ahmetturku: [emote:5565231:ahmetturkuhaha]
[LOG] 2026-06-02T15:37:14.029Z - [AutoMod] DEBUG: Checking banned words for user ilker4444, words count: 0, content: "[emote:5565231:ahmetturkuhaha]"
[LOG] 2026-06-02T15:37:14.566Z - [WebSocket] Message Event Received in ahmetturku: POUAP0GJ
[LOG] 2026-06-02T15:37:14.566Z - [AutoMod] DEBUG: Checking banned words for user ilker4444, words count: 0, content: "POUAP0GJ"
[LOG] 2026-06-02T15:37:14.584Z - [WebSocket] Message Event Received in minik: [emote:37227:LULW]
[LOG] 2026-06-02T15:37:14.584Z - [AutoMod] DEBUG: Checking banned words for user ilker4444, words count: 0, content: "[emote:37227:LULW]"
[LOG] 2026-06-02T15:37:14.793Z - [WebSocket] Message Event Received in minik: Bekir değiş artık bunalri
[LOG] 2026-06-02T15:37:14.793Z - [AutoMod] DEBUG: Checking banned words for user ilker4444, words count: 0, content: "Bekir değiş artık bunalri"
[LOG] 2026-06-02T15:37:14.898Z - [WebSocket] Message Event Received in ahmetturku: [emote:37226:KEKW]
[LOG] 2026-06-02T15:37:14.898Z - [AutoMod] DEBUG: Checking banned words for user ilker4444, words count: 0, content: "[emote:37226:KEKW]"
[LOG] 2026-06-02T15:37:16.171Z - [WebSocket] Message Event Received in ahmetturku: rüyadada mı olmamış hiç
[LOG] 2026-06-02T15:37:16.171Z - [AutoMod] DEBUG: Checking banned words for user ilker4444, words count: 0, content: "rüyadada mı olmamış hiç"
[LOG] 2026-06-02T15:37:17.100Z - [WebSocket] Message Event Received in ahmetturku: [emote:37226:KEKW]
[LOG] 2026-06-02T15:37:17.100Z - [AutoMod] DEBUG: Checking banned words for user ilker4444, words count: 0, content: "[emote:37226:KEKW]"
[LOG] 2026-06-02T15:37:17.584Z - [WebSocket] Message Event Received in ahmetturku: [emote:37226:KEKW]
[LOG] 2026-06-02T15:37:17.584Z - [AutoMod] DEBUG: Checking banned words for user ilker4444, words count: 0, content: "[emote:37226:KEKW]"
[LOG] 2026-06-02T15:37:18.635Z - [WebSocket] Message Event Received in ahmetturku: [emote:37226:KEKW]
[LOG] 2026-06-02T15:37:18.635Z - [AutoMod] DEBUG: Checking banned words for user ilker4444, words count: 0, content: "[emote:37226:KEKW]"
[LOG] 2026-06-02T15:37:18.747Z - [WebSocket] Message Event Received in ahmetturku: [emote:37226:KEKW]
[LOG] 2026-06-02T15:37:18.747Z - [AutoMod] DEBUG: Checking banned words for user ilker4444, words count: 0, content: "[emote:37226:KEKW]"
[LOG] 2026-06-02T15:37:20.116Z - [WebSocket] Message Event Received in ahmetturku: [emote:37226:KEKW]
[LOG] 2026-06-02T15:37:20.116Z - [AutoMod] DEBUG: Checking banned words for user ilker4444, words count: 0, content: "[emote:37226:KEKW]"
[LOG] 2026-06-02T15:37:21.008Z - [WebSocket] Message Event Received in ahmetturku: [emote:37226:KEKW]
[LOG] 2026-06-02T15:37:21.008Z - [AutoMod] DEBUG: Checking banned words for user ilker4444, words count: 0, content: "[emote:37226:KEKW]"
[LOG] 2026-06-02T15:37:21.567Z - [WebSocket] Message Event Received in ahmetturku: sa as
[LOG] 2026-06-02T15:37:21.567Z - [AutoMod] DEBUG: Checking banned words for user ilker4444, words count: 0, content: "sa as"
[LOG] 2026-06-02T15:37:22.181Z - [WebSocket] Message Event Received in ahmetturku: [emote:37226:KEKW]
[LOG] 2026-06-02T15:37:22.181Z - [AutoMod] DEBUG: Checking banned words for user ilker4444, words count: 0, content: "[emote:37226:KEKW]"
[LOG] 2026-06-02T15:37:23.521Z - [WebSocket] Message Event Received in ahmetturku: [emote:37226:KEKW]
[LOG] 2026-06-02T15:37:23.521Z - [AutoMod] DEBUG: Checking banned words for user ilker4444, words count: 0, content: "[emote:37226:KEKW]"
[LOG] 2026-06-02T15:37:24.807Z - [WebSocket] Message Event Received in ahmetturku: as
[LOG] 2026-06-02T15:37:24.807Z - [AutoMod] DEBUG: Checking banned words for user ilker4444, words count: 0, content: "as"
[LOG] 2026-06-02T15:37:26.202Z - [WebSocket] Message Event Received in ahmetturku: [emote:37226:KEKW]
[LOG] 2026-06-02T15:37:26.203Z - [AutoMod] DEBUG: Checking banned words for user ilker4444, words count: 0, content: "[emote:37226:KEKW]"
[LOG] 2026-06-02T15:37:27.911Z - [WebSocket] Message Event Received in ahmetturku: [emote:37226:KEKW]
[LOG] 2026-06-02T15:37:27.911Z - [AutoMod] DEBUG: Checking banned words for user ilker4444, words count: 0, content: "[emote:37226:KEKW]"
[LOG] 2026-06-02T15:37:28.113Z - [WebSocket] Message Event Received in ahmetturku: BENİM 5 SÜRÜYOR AMK
[LOG] 2026-06-02T15:37:28.113Z - [AutoMod] DEBUG: Checking banned words for user ilker4444, words count: 0, content: "BENİM 5 SÜRÜYOR AMK"
[LOG] 2026-06-02T15:37:28.588Z - [WebSocket] Message Event Received in ahmetturku: bende oldu dıyo bıde ajhbhjsbfre
[LOG] 2026-06-02T15:37:28.588Z - [AutoMod] DEBUG: Checking banned words for user ilker4444, words count: 0, content: "bende oldu dıyo bıde ajhbhjsbfre"
[LOG] 2026-06-02T15:37:29.556Z - [WebSocket] Message Event Received in ahmetturku: aklsjndkjabsndjabnsıofgnasf
[LOG] 2026-06-02T15:37:29.556Z - [AutoMod] DEBUG: Checking banned words for user ilker4444, words count: 0, content: "aklsjndkjabsndjabnsıofgnasf"
[LOG] 2026-06-02T15:37:29.563Z - [WebSocket] Message Event Received in ahmetturku: [emote:37226:KEKW]
[LOG] 2026-06-02T15:37:29.563Z - [AutoMod] DEBUG: Checking banned words for user ilker4444, words count: 0, content: "[emote:37226:KEKW]"
[LOG] 2026-06-02T15:37:29.975Z - [WebSocket] Message Event Received in ahmetturku: as
[LOG] 2026-06-02T15:37:29.975Z - [AutoMod] DEBUG: Checking banned words for user ilker4444, words count: 0, content: "as"
[LOG] 2026-06-02T15:37:30.790Z - [WebSocket] Message Event Received in ahmetturku: [emote:37240:WeirdChamp]
[LOG] 2026-06-02T15:37:30.790Z - [AutoMod] DEBUG: Checking banned words for user ilker4444, words count: 0, content: "[emote:37240:WeirdChamp]"
[LOG] 2026-06-02T15:37:31.173Z - [WebSocket] Message Event Received in ahmetturku: yeminle ben de öyle başladım aq 31 de olmadı 52yi denediydim HDJFGHKLSADGSDG
[LOG] 2026-06-02T15:37:31.173Z - [AutoMod] DEBUG: Checking banned words for user ilker4444, words count: 0, content: "yeminle ben de öyle başladım aq 31 de olmadı 52yi "
[LOG] 2026-06-02T15:37:31.366Z - [WebSocket] Message Event Received in ahmetturku: [emote:37226:KEKW]
[LOG] 2026-06-02T15:37:31.367Z - [AutoMod] DEBUG: Checking banned words for user ilker4444, words count: 0, content: "[emote:37226:KEKW]"
[LOG] 2026-06-02T15:37:31.796Z - [WebSocket] Message Event Received in ahmetturku: [emote:37226:KEKW]
[LOG] 2026-06-02T15:37:31.796Z - [AutoMod] DEBUG: Checking banned words for user ilker4444, words count: 0, content: "[emote:37226:KEKW]"
[LOG] 2026-06-02T15:37:33.020Z - [WebSocket] Message Event Received in ahmetturku: [emote:37226:KEKW]
[LOG] 2026-06-02T15:37:33.020Z - [AutoMod] DEBUG: Checking banned words for user ilker4444, words count: 0, content: "[emote:37226:KEKW]"
[LOG] 2026-06-02T15:37:33.970Z - [WebSocket] Message Event Received in ahmetturku: KJGJLIGLIUGILGJGOŞGŞIGIIIG
[LOG] 2026-06-02T15:37:33.971Z - [AutoMod] DEBUG: Checking banned words for user ilker4444, words count: 0, content: "KJGJLIGLIUGILGJGOŞGŞIGIIIG"
[LOG] 2026-06-02T15:37:34.996Z - [WebSocket] Message Event Received in ahmetturku: yav olum ashfıadhgpıosagha
[LOG] 2026-06-02T15:37:34.997Z - [AutoMod] DEBUG: Checking banned words for user ilker4444, words count: 0, content: "yav olum ashfıadhgpıosagha"
[LOG] 2026-06-02T15:37:35.262Z - [WebSocket] Message Event Received in minik: [emote:37226:KEKW]
[LOG] 2026-06-02T15:37:35.263Z - [AutoMod] DEBUG: Checking banned words for user ilker4444, words count: 0, content: "[emote:37226:KEKW]"
[LOG] 2026-06-02T15:37:35.420Z - [WebSocket] Message Event Received in ahmetturku: [emote:5565231:ahmetturkuhaha]
[LOG] 2026-06-02T15:37:35.420Z - [AutoMod] DEBUG: Checking banned words for user ilker4444, words count: 0, content: "[emote:5565231:ahmetturkuhaha]"
[LOG] 2026-06-02T15:37:36.316Z - [WebSocket] Message Event Received in ahmetturku: [emote:37226:KEKW]
[LOG] 2026-06-02T15:37:36.316Z - [AutoMod] DEBUG: Checking banned words for user ilker4444, words count: 0, content: "[emote:37226:KEKW]"
[LOG] 2026-06-02T15:37:36.470Z - [WebSocket] Message Event Received in ahmetturku: YAV MUHABBETE BAK AMKNDPWJDĞWKWPDK
[LOG] 2026-06-02T15:37:36.470Z - [AutoMod] DEBUG: Checking banned words for user ilker4444, words count: 0, content: "YAV MUHABBETE BAK AMKNDPWJDĞWKWPDK"
[LOG] 2026-06-02T15:37:36.497Z - [WebSocket] Message Event Received in ahmetturku: [emote:37226:KEKW]
[LOG] 2026-06-02T15:37:36.497Z - [AutoMod] DEBUG: Checking banned words for user ilker4444, words count: 0, content: "[emote:37226:KEKW]"
[LOG] 2026-06-02T15:37:36.504Z - [WebSocket] Message Event Received in ahmetturku: [emote:37226:KEKW]
[LOG] 2026-06-02T15:37:36.504Z - [AutoMod] DEBUG: Checking banned words for user ilker4444, words count: 0, content: "[emote:37226:KEKW]"
[LOG] 2026-06-02T15:37:36.507Z - [WebSocket] Message Event Received in ahmetturku: [emote:37226:KEKW]
[LOG] 2026-06-02T15:37:36.507Z - [AutoMod] DEBUG: Checking banned words for user ilker4444, words count: 0, content: "[emote:37226:KEKW]"
[LOG] 2026-06-02T15:37:37.397Z - [WebSocket] Message Event Received in ahmetturku: [emote:37226:KEKW]
[LOG] 2026-06-02T15:37:37.397Z - [AutoMod] DEBUG: Checking banned words for user ilker4444, words count: 0, content: "[emote:37226:KEKW]"
[LOG] 2026-06-02T15:37:39.003Z - [WebSocket] Message Event Received in ahmetturku: [emote:37226:KEKW]
[LOG] 2026-06-02T15:37:39.003Z - [AutoMod] DEBUG: Checking banned words for user ilker4444, words count: 0, content: "[emote:37226:KEKW]"
[LOG] 2026-06-02T15:37:39.858Z - [WebSocket] Message Event Received in minik: [emote:5003485:minikdans]
[LOG] 2026-06-02T15:37:39.858Z - [AutoMod] DEBUG: Checking banned words for user ilker4444, words count: 0, content: "[emote:5003485:minikdans]"
[LOG] 2026-06-02T15:37:39.999Z - [WebSocket] Message Event Received in ahmetturku: [emote:37226:KEKW]
[LOG] 2026-06-02T15:37:40.000Z - [AutoMod] DEBUG: Checking banned words for user ilker4444, words count: 0, content: "[emote:37226:KEKW]"
[LOG] 2026-06-02T15:37:40.283Z - [WebSocket] Message Event Received in minik: [emote:37226:KEKW]
[LOG] 2026-06-02T15:37:40.283Z - [AutoMod] DEBUG: Checking banned words for user ilker4444, words count: 0, content: "[emote:37226:KEKW]"
[LOG] 2026-06-02T15:37:41.207Z - [WebSocket] Message Event Received in ahmetturku: [emote:37226:KEKW]
[LOG] 2026-06-02T15:37:41.207Z - [AutoMod] DEBUG: Checking banned words for user ilker4444, words count: 0, content: "[emote:37226:KEKW]"
[LOG] 2026-06-02T15:37:41.225Z - [WebSocket] Message Event Received in ahmetturku: OJGO
[LOG] 2026-06-02T15:37:41.225Z - [AutoMod] DEBUG: Checking banned words for user ilker4444, words count: 0, content: "OJGO"
[LOG] 2026-06-02T15:37:42.293Z - [WebSocket] Message Event Received in minik: defne kimi tatile yollar
[LOG] 2026-06-02T15:37:42.293Z - [AutoMod] DEBUG: Checking banned words for user ilker4444, words count: 0, content: "defne kimi tatile yollar"
[LOG] 2026-06-02T15:37:42.731Z - [WebSocket] Message Event Received in ahmetturku: [emote:37226:KEKW]
[LOG] 2026-06-02T15:37:42.731Z - [AutoMod] DEBUG: Checking banned words for user ilker4444, words count: 0, content: "[emote:37226:KEKW]"
[LOG] 2026-06-02T15:37:43.340Z - [WebSocket] Message Event Received in ahmetturku: [emote:37226:KEKW]
[LOG] 2026-06-02T15:37:43.340Z - [AutoMod] DEBUG: Checking banned words for user ilker4444, words count: 0, content: "[emote:37226:KEKW]"
[LOG] 2026-06-02T15:37:43.503Z - [WebSocket] Message Event Received in ahmetturku: HSIODGHJSOPDHA
[LOG] 2026-06-02T15:37:43.504Z - [AutoMod] DEBUG: Checking banned words for user ilker4444, words count: 0, content: "HSIODGHJSOPDHA"
[LOG] 2026-06-02T15:37:43.533Z - [WebSocket] Message Event Received in ahmetturku: [emote:5565231:ahmetturkuhaha]
[LOG] 2026-06-02T15:37:43.533Z - [AutoMod] DEBUG: Checking banned words for user ilker4444, words count: 0, content: "[emote:5565231:ahmetturkuhaha]"
[LOG] 2026-06-02T15:37:43.890Z - [WebSocket] Message Event Received in ahmetturku: [emote:37226:KEKW]
[LOG] 2026-06-02T15:37:43.890Z - [AutoMod] DEBUG: Checking banned words for user ilker4444, words count: 0, content: "[emote:37226:KEKW]"
[LOG] 2026-06-02T15:37:45.602Z - [WebSocket] Message Event Received in minik: amin ya
[LOG] 2026-06-02T15:37:45.602Z - [AutoMod] DEBUG: Checking banned words for user ilker4444, words count: 0, content: "amin ya"
[LOG] 2026-06-02T15:37:46.488Z - [WebSocket] Message Event Received in ahmetturku: [emote:37226:KEKW]
[LOG] 2026-06-02T15:37:46.488Z - [AutoMod] DEBUG: Checking banned words for user ilker4444, words count: 0, content: "[emote:37226:KEKW]"
[LOG] 2026-06-02T15:37:46.618Z - [WebSocket] Message Event Received in ahmetturku: [emote:37226:KEKW]
[LOG] 2026-06-02T15:37:46.618Z - [AutoMod] DEBUG: Checking banned words for user ilker4444, words count: 0, content: "[emote:37226:KEKW]"
[LOG] 2026-06-02T15:37:46.658Z - [WebSocket] Message Event Received in ahmetturku: [emote:37226:KEKW]
[LOG] 2026-06-02T15:37:46.659Z - [AutoMod] DEBUG: Checking banned words for user ilker4444, words count: 0, content: "[emote:37226:KEKW]"
[LOG] 2026-06-02T15:37:49.465Z - [WebSocket] Message Event Received in ahmetturku: [emote:37226:KEKW]
[LOG] 2026-06-02T15:37:49.465Z - [AutoMod] DEBUG: Checking banned words for user ilker4444, words count: 0, content: "[emote:37226:KEKW]"
[LOG] 2026-06-02T15:37:50.583Z - [WebSocket] Message Event Received in minik: [emote:39251:beeBobble]
[LOG] 2026-06-02T15:37:50.583Z - [AutoMod] DEBUG: Checking banned words for user ilker4444, words count: 0, content: "[emote:39251:beeBobble]"
[LOG] 2026-06-02T15:37:51.228Z - [WebSocket] Message Event Received in ahmetturku: [emote:37240:WeirdChamp]
[LOG] 2026-06-02T15:37:51.228Z - [AutoMod] DEBUG: Checking banned words for user ilker4444, words count: 0, content: "[emote:37240:WeirdChamp]"
[LOG] 2026-06-02T15:37:53.482Z - [WebSocket] Message Event Received in ahmetturku: kapasakmı bu konuyu
[LOG] 2026-06-02T15:37:53.483Z - [AutoMod] DEBUG: Checking banned words for user ilker4444, words count: 0, content: "kapasakmı bu konuyu"
[LOG] 2026-06-02T15:37:54.361Z - [WebSocket] Message Event Received in ahmetturku: [emote:37226:KEKW]
[LOG] 2026-06-02T15:37:54.361Z - [AutoMod] DEBUG: Checking banned words for user ilker4444, words count: 0, content: "[emote:37226:KEKW]"
[LOG] 2026-06-02T15:37:54.495Z - [WebSocket] Message Event Received in minik: MUTLU BIRAKMAZ İYİ SÜRÜYOR
[LOG] 2026-06-02T15:37:54.496Z - [AutoMod] DEBUG: Checking banned words for user ilker4444, words count: 0, content: "MUTLU BIRAKMAZ İYİ SÜRÜYOR"
[LOG] 2026-06-02T15:37:55.625Z - [WebSocket] Message Event Received in ahmetturku: [emote:37226:KEKW]
[LOG] 2026-06-02T15:37:55.625Z - [AutoMod] DEBUG: Checking banned words for user ilker4444, words count: 0, content: "[emote:37226:KEKW]"
[LOG] 2026-06-02T15:37:55.825Z - [WebSocket] Message Event Received in ahmetturku: [emote:5565231:ahmetturkuhaha]
[LOG] 2026-06-02T15:37:55.825Z - [AutoMod] DEBUG: Checking banned words for user ilker4444, words count: 0, content: "[emote:5565231:ahmetturkuhaha]"
[LOG] 2026-06-02T15:37:56.404Z - [WebSocket] Message Event Received in ahmetturku: [emote:37226:KEKW]
[LOG] 2026-06-02T15:37:56.405Z - [AutoMod] DEBUG: Checking banned words for user ilker4444, words count: 0, content: "[emote:37226:KEKW]"
[LOG] 2026-06-02T15:37:56.519Z - [WebSocket] Message Event Received in ahmetturku: [emote:5565231:ahmetturkuhaha]
[LOG] 2026-06-02T15:37:56.519Z - [AutoMod] DEBUG: Checking banned words for user ilker4444, words count: 0, content: "[emote:5565231:ahmetturkuhaha]"
[LOG] 2026-06-02T15:37:56.562Z - [WebSocket] Message Event Received in ahmetturku: [emote:37226:KEKW]
[LOG] 2026-06-02T15:37:56.562Z - [AutoMod] DEBUG: Checking banned words for user ilker4444, words count: 0, content: "[emote:37226:KEKW]"
[LOG] 2026-06-02T15:37:57.243Z - [WebSocket] Message Event Received in ahmetturku: beyler nerden takacaz bu sayıları
[LOG] 2026-06-02T15:37:57.244Z - [AutoMod] DEBUG: Checking banned words for user ilker4444, words count: 0, content: "beyler nerden takacaz bu sayıları"
[LOG] 2026-06-02T15:37:58.098Z - [WebSocket] Message Event Received in ahmetturku: [emote:37226:KEKW]
[LOG] 2026-06-02T15:37:58.098Z - [AutoMod] DEBUG: Checking banned words for user ilker4444, words count: 0, content: "[emote:37226:KEKW]"
[LOG] 2026-06-02T15:37:59.857Z - [WebSocket] Message Event Received in ahmetturku: [emote:5565231:ahmetturkuhaha]
[LOG] 2026-06-02T15:37:59.857Z - [AutoMod] DEBUG: Checking banned words for user ilker4444, words count: 0, content: "[emote:5565231:ahmetturkuhaha]"
[LOG] 2026-06-02T15:38:00.483Z - [WebSocket] Message Event Received in ahmetturku: [emote:37226:KEKW]
[LOG] 2026-06-02T15:38:00.483Z - [AutoMod] DEBUG: Checking banned words for user ilker4444, words count: 0, content: "[emote:37226:KEKW]"
[LOG] 2026-06-02T15:38:00.527Z - [WebSocket] Message Event Received in ahmetturku: [emote:37226:KEKW]
[LOG] 2026-06-02T15:38:00.527Z - [AutoMod] DEBUG: Checking banned words for user ilker4444, words count: 0, content: "[emote:37226:KEKW]"
[LOG] 2026-06-02T15:38:01.943Z - [WebSocket] Message Event Received in ahmetturku: [emote:37226:KEKW]
[LOG] 2026-06-02T15:38:01.943Z - [AutoMod] DEBUG: Checking banned words for user ilker4444, words count: 0, content: "[emote:37226:KEKW]"
[LOG] 2026-06-02T15:38:02.104Z - [WebSocket] Message Event Received in minik: [emote:37226:KEKW]
[LOG] 2026-06-02T15:38:02.104Z - [AutoMod] DEBUG: Checking banned words for user ilker4444, words count: 0, content: "[emote:37226:KEKW]"
[LOG] 2026-06-02T15:38:02.885Z - [WebSocket] Message Event Received in ahmetturku: [emote:37226:KEKW]
[LOG] 2026-06-02T15:38:02.885Z - [AutoMod] DEBUG: Checking banned words for user ilker4444, words count: 0, content: "[emote:37226:KEKW]"
[LOG] 2026-06-02T15:38:03.335Z - [WebSocket] Message Event Received in ahmetturku: [emote:37226:KEKW]
[LOG] 2026-06-02T15:38:03.336Z - [AutoMod] DEBUG: Checking banned words for user ilker4444, words count: 0, content: "[emote:37226:KEKW]"
[LOG] 2026-06-02T15:38:03.773Z - [WebSocket] Message Event Received in ahmetturku: [emote:37226:KEKW]
[LOG] 2026-06-02T15:38:03.773Z - [AutoMod] DEBUG: Checking banned words for user ilker4444, words count: 0, content: "[emote:37226:KEKW]"
[LOG] 2026-06-02T15:38:03.822Z - [WebSocket] Message Event Received in ahmetturku: [emote:37226:KEKW]
[LOG] 2026-06-02T15:38:03.822Z - [AutoMod] DEBUG: Checking banned words for user ilker4444, words count: 0, content: "[emote:37226:KEKW]"
[LOG] 2026-06-02T15:38:04.382Z - [WebSocket] Message Event Received in minik: zar olayında bi 14 gün tatil gibi hissettim ben sana oldumu furki
[LOG] 2026-06-02T15:38:04.382Z - [AutoMod] DEBUG: Checking banned words for user ilker4444, words count: 0, content: "zar olayında bi 14 gün tatil gibi hissettim ben sa"
[LOG] 2026-06-02T15:38:04.483Z - [WebSocket] Message Event Received in ahmetturku: [emote:4148074:HYPERCLAP]
[LOG] 2026-06-02T15:38:04.483Z - [AutoMod] DEBUG: Checking banned words for user ilker4444, words count: 0, content: "[emote:4148074:HYPERCLAP]"
[LOG] 2026-06-02T15:38:04.510Z - [WebSocket] Message Event Received in ahmetturku: [emote:37226:KEKW]
[LOG] 2026-06-02T15:38:04.510Z - [AutoMod] DEBUG: Checking banned words for user ilker4444, words count: 0, content: "[emote:37226:KEKW]"
[LOG] 2026-06-02T15:38:04.634Z - [WebSocket] Message Event Received in minik: olur olur
[LOG] 2026-06-02T15:38:04.634Z - [AutoMod] DEBUG: Checking banned words for user ilker4444, words count: 0, content: "olur olur"
[LOG] 2026-06-02T15:38:04.797Z - [WebSocket] Message Event Received in ahmetturku: ŞHGOIEHSOIGH
[LOG] 2026-06-02T15:38:04.797Z - [AutoMod] DEBUG: Checking banned words for user ilker4444, words count: 0, content: "ŞHGOIEHSOIGH"
[LOG] 2026-06-02T15:38:04.819Z - [WebSocket] Message Event Received in ahmetturku: VER ELİNE BARAN KUŞU
[LOG] 2026-06-02T15:38:04.820Z - [AutoMod] DEBUG: Checking banned words for user ilker4444, words count: 0, content: "VER ELİNE BARAN KUŞU"
[LOG] 2026-06-02T15:38:06.671Z - [WebSocket] Message Event Received in minik: [emote:37226:KEKW]
[LOG] 2026-06-02T15:38:06.671Z - [AutoMod] DEBUG: Checking banned words for user ilker4444, words count: 0, content: "[emote:37226:KEKW]"
[LOG] 2026-06-02T15:38:07.010Z - [WebSocket] Message Event Received in ahmetturku: [emote:37226:KEKW]
[LOG] 2026-06-02T15:38:07.010Z - [AutoMod] DEBUG: Checking banned words for user ilker4444, words count: 0, content: "[emote:37226:KEKW]"
[LOG] 2026-06-02T15:38:07.369Z - [WebSocket] Message Event Received in ahmetturku: [emote:37226:KEKW]
[LOG] 2026-06-02T15:38:07.369Z - [AutoMod] DEBUG: Checking banned words for user ilker4444, words count: 0, content: "[emote:37226:KEKW]"
[LOG] 2026-06-02T15:38:08.616Z - [WebSocket] Message Event Received in minik: [emote:37226:KEKW]
[LOG] 2026-06-02T15:38:08.616Z - [AutoMod] DEBUG: Checking banned words for user ilker4444, words count: 0, content: "[emote:37226:KEKW]"
[LOG] 2026-06-02T15:38:08.647Z - [WebSocket] Message Event Received in ahmetturku: kapayalım  bu konuyu bence
[LOG] 2026-06-02T15:38:08.647Z - [AutoMod] DEBUG: Checking banned words for user ilker4444, words count: 0, content: "kapayalım  bu konuyu bence"
[LOG] 2026-06-02T15:38:08.838Z - [WebSocket] Message Event Received in ahmetturku: BELKI GAYDIR LAN
[LOG] 2026-06-02T15:38:08.838Z - [AutoMod] DEBUG: Checking banned words for user ilker4444, words count: 0, content: "BELKI GAYDIR LAN"
[LOG] 2026-06-02T15:38:08.983Z - [WebSocket] Message Event Received in ahmetturku: [emote:37226:KEKW]
[LOG] 2026-06-02T15:38:08.983Z - [AutoMod] DEBUG: Checking banned words for user ilker4444, words count: 0, content: "[emote:37226:KEKW]"
[LOG] 2026-06-02T15:38:09.055Z - [WebSocket] Message Event Received in minik: [emote:37226:KEKW]
[LOG] 2026-06-02T15:38:09.055Z - [AutoMod] DEBUG: Checking banned words for user ilker4444, words count: 0, content: "[emote:37226:KEKW]"
[LOG] 2026-06-02T15:38:09.068Z - [WebSocket] Message Event Received in minik: [emote:37226:KEKW]
[LOG] 2026-06-02T15:38:09.068Z - [AutoMod] DEBUG: Checking banned words for user ilker4444, words count: 0, content: "[emote:37226:KEKW]"
[LOG] 2026-06-02T15:38:09.184Z - [WebSocket] Message deleted in ahmetturku: {"id":"3adb7a47-2a02-42a9-8cdc-c34cb285bb30","message":{"id":"627fe551-0ff7-490c-9b54-14d75536cc17"},"aiModerated":true,"violatedRules":["hate"]}
[LOG] 2026-06-02T15:38:09.646Z - [WebSocket] Message Event Received in minik: [emote:37226:KEKW]
[LOG] 2026-06-02T15:38:09.646Z - [AutoMod] DEBUG: Checking banned words for user ilker4444, words count: 0, content: "[emote:37226:KEKW]"
[LOG] 2026-06-02T15:38:10.108Z - [WebSocket] Message Event Received in minik: İYDQDİHQJOCQOHCQCKHQKHCAKCHAKCHKGCACKHACKHACKHACHKA
[LOG] 2026-06-02T15:38:10.108Z - [AutoMod] DEBUG: Checking banned words for user ilker4444, words count: 0, content: "İYDQDİHQJOCQOHCQCKHQKHCAKCHAKCHKGCACKHACKHACKHACHK"
[LOG] 2026-06-02T15:38:10.475Z - [WebSocket] Message Event Received in minik: [emote:37226:KEKW]
[LOG] 2026-06-02T15:38:10.475Z - [AutoMod] DEBUG: Checking banned words for user ilker4444, words count: 0, content: "[emote:37226:KEKW]"
[LOG] 2026-06-02T15:38:10.661Z - [WebSocket] Message Event Received in ahmetturku: [emote:37226:KEKW]
[LOG] 2026-06-02T15:38:10.661Z - [AutoMod] DEBUG: Checking banned words for user ilker4444, words count: 0, content: "[emote:37226:KEKW]"
[LOG] 2026-06-02T15:38:11.374Z - [WebSocket] Message Event Received in ahmetturku: [emote:37226:KEKW]
[LOG] 2026-06-02T15:38:11.374Z - [AutoMod] DEBUG: Checking banned words for user ilker4444, words count: 0, content: "[emote:37226:KEKW]"
[LOG] 2026-06-02T15:38:11.421Z - [WebSocket] Message Event Received in minik: [emote:37227:LULW]
[LOG] 2026-06-02T15:38:11.421Z - [AutoMod] DEBUG: Checking banned words for user ilker4444, words count: 0, content: "[emote:37227:LULW]"
[LOG] 2026-06-02T15:38:12.095Z - [WebSocket] Message Event Received in ahmetturku: [emote:37226:KEKW]
[LOG] 2026-06-02T15:38:12.095Z - [AutoMod] DEBUG: Checking banned words for user ilker4444, words count: 0, content: "[emote:37226:KEKW]"
[LOG] 2026-06-02T15:38:12.943Z - [WebSocket] Message Event Received in ahmetturku: [emote:37226:KEKW]
[LOG] 2026-06-02T15:38:12.943Z - [AutoMod] DEBUG: Checking banned words for user ilker4444, words count: 0, content: "[emote:37226:KEKW]"
[LOG] 2026-06-02T15:38:13.161Z - [WebSocket] Message Event Received in minik: yok ya bişey olmaz
[LOG] 2026-06-02T15:38:13.161Z - [AutoMod] DEBUG: Checking banned words for user ilker4444, words count: 0, content: "yok ya bişey olmaz"
[LOG] 2026-06-02T15:38:13.465Z - [WebSocket] Message Event Received in ahmetturku: [emote:37226:KEKW]
[LOG] 2026-06-02T15:38:13.466Z - [AutoMod] DEBUG: Checking banned words for user ilker4444, words count: 0, content: "[emote:37226:KEKW]"
[LOG] 2026-06-02T15:38:15.924Z - [WebSocket] Message Event Received in ahmetturku: [emote:37226:KEKW]
[LOG] 2026-06-02T15:38:15.924Z - [AutoMod] DEBUG: Checking banned words for user ilker4444, words count: 0, content: "[emote:37226:KEKW]"
[LOG] 2026-06-02T15:38:15.951Z - [WebSocket] Message Event Received in minik: [emote:37226:KEKW]
[LOG] 2026-06-02T15:38:15.951Z - [AutoMod] DEBUG: Checking banned words for user ilker4444, words count: 0, content: "[emote:37226:KEKW]"
[LOG] 2026-06-02T15:38:16.041Z - [WebSocket] Message Event Received in ahmetturku: [emote:5565231:ahmetturkuhaha]
[LOG] 2026-06-02T15:38:16.041Z - [AutoMod] DEBUG: Checking banned words for user ilker4444, words count: 0, content: "[emote:5565231:ahmetturkuhaha]"
[LOG] 2026-06-02T15:38:16.073Z - [WebSocket] Message Event Received in ahmetturku: [emote:37226:KEKW]
[LOG] 2026-06-02T15:38:16.073Z - [AutoMod] DEBUG: Checking banned words for user ilker4444, words count: 0, content: "[emote:37226:KEKW]"
[LOG] 2026-06-02T15:38:16.191Z - [WebSocket] Message Event Received in ahmetturku: [emote:37226:KEKW]
[LOG] 2026-06-02T15:38:16.191Z - [AutoMod] DEBUG: Checking banned words for user ilker4444, words count: 0, content: "[emote:37226:KEKW]"
[LOG] 2026-06-02T15:38:16.417Z - [WebSocket] Message Event Received in minik: [emote:37227:LULW]
[LOG] 2026-06-02T15:38:16.417Z - [AutoMod] DEBUG: Checking banned words for user ilker4444, words count: 0, content: "[emote:37227:LULW]"
[LOG] 2026-06-02T15:38:16.419Z - [WebSocket] Message Event Received in ahmetturku: [emote:37226:KEKW]
[LOG] 2026-06-02T15:38:16.419Z - [AutoMod] DEBUG: Checking banned words for user ilker4444, words count: 0, content: "[emote:37226:KEKW]"
[LOG] 2026-06-02T15:38:17.698Z - [WebSocket] Message Event Received in minik: [emote:37226:KEKW]
[LOG] 2026-06-02T15:38:17.698Z - [AutoMod] DEBUG: Checking banned words for user ilker4444, words count: 0, content: "[emote:37226:KEKW]"
[LOG] 2026-06-02T15:38:17.795Z - [WebSocket] Message Event Received in ahmetturku: [emote:37226:KEKW]
[LOG] 2026-06-02T15:38:17.795Z - [AutoMod] DEBUG: Checking banned words for user ilker4444, words count: 0, content: "[emote:37226:KEKW]"
[LOG] 2026-06-02T15:38:18.558Z - [WebSocket] Message Event Received in ahmetturku: [emote:37226:KEKW]
[LOG] 2026-06-02T15:38:18.558Z - [AutoMod] DEBUG: Checking banned words for user ilker4444, words count: 0, content: "[emote:37226:KEKW]"
[LOG] 2026-06-02T15:38:18.652Z - [WebSocket] Message Event Received in minik: [emote:37226:KEKW]
[LOG] 2026-06-02T15:38:18.652Z - [AutoMod] DEBUG: Checking banned words for user ilker4444, words count: 0, content: "[emote:37226:KEKW]"
[LOG] 2026-06-02T15:38:19.439Z - [WebSocket] Message Event Received in ahmetturku: [emote:37226:KEKW]
[LOG] 2026-06-02T15:38:19.439Z - [AutoMod] DEBUG: Checking banned words for user ilker4444, words count: 0, content: "[emote:37226:KEKW]"
[LOG] 2026-06-02T15:38:20.247Z - [WebSocket] Message Event Received in ahmetturku: hasıdopfhjsdaopgujospha
[LOG] 2026-06-02T15:38:20.247Z - [AutoMod] DEBUG: Checking banned words for user ilker4444, words count: 0, content: "hasıdopfhjsdaopgujospha"
[LOG] 2026-06-02T15:38:21.099Z - [WebSocket] Message Event Received in ahmetturku: [emote:37226:KEKW]
[LOG] 2026-06-02T15:38:21.099Z - [AutoMod] DEBUG: Checking banned words for user ilker4444, words count: 0, content: "[emote:37226:KEKW]"
[LOG] 2026-06-02T15:38:21.371Z - [WebSocket] Message Event Received in eray: selamlar güzel insanlar
[LOG] 2026-06-02T15:38:21.371Z - [AutoMod] DEBUG: Checking banned words for user Riadein, words count: 25, content: "selamlar güzel insanlar"
[LOG] 2026-06-02T15:38:21.745Z - [WebSocket] Message Event Received in ahmetturku: [emote:37226:KEKW]
[LOG] 2026-06-02T15:38:21.745Z - [AutoMod] DEBUG: Checking banned words for user ilker4444, words count: 0, content: "[emote:37226:KEKW]"
[LOG] 2026-06-02T15:38:22.106Z - [WebSocket] Message Event Received in minik: [emote:37227:LULW]
[LOG] 2026-06-02T15:38:22.106Z - [AutoMod] DEBUG: Checking banned words for user ilker4444, words count: 0, content: "[emote:37227:LULW]"
[LOG] 2026-06-02T15:38:22.114Z - [WebSocket] Message Event Received in ahmetturku: [emote:37226:KEKW]
[LOG] 2026-06-02T15:38:22.114Z - [AutoMod] DEBUG: Checking banned words for user ilker4444, words count: 0, content: "[emote:37226:KEKW]"
[LOG] 2026-06-02T15:38:22.481Z - [WebSocket] Message Event Received in minik: [emote:37226:KEKW]
[LOG] 2026-06-02T15:38:22.481Z - [AutoMod] DEBUG: Checking banned words for user ilker4444, words count: 0, content: "[emote:37226:KEKW]"
[LOG] 2026-06-02T15:38:22.780Z - [WebSocket] Message Event Received in ahmetturku: [emote:5565231:ahmetturkuhaha]
[LOG] 2026-06-02T15:38:22.780Z - [AutoMod] DEBUG: Checking banned words for user ilker4444, words count: 0, content: "[emote:5565231:ahmetturkuhaha]"
[LOG] 2026-06-02T15:38:22.939Z - [WebSocket] Message Event Received in ahmetturku: [emote:37226:KEKW]
[LOG] 2026-06-02T15:38:22.939Z - [AutoMod] DEBUG: Checking banned words for user ilker4444, words count: 0, content: "[emote:37226:KEKW]"
[LOG] 2026-06-02T15:38:23.164Z - [WebSocket] Message Event Received in minik: [emote:37221:EZ]
[LOG] 2026-06-02T15:38:23.165Z - [AutoMod] DEBUG: Checking banned words for user ilker4444, words count: 0, content: "[emote:37221:EZ]"
[LOG] 2026-06-02T15:38:24.948Z - [WebSocket] Message Event Received in ahmetturku: [emote:37226:KEKW]
[LOG] 2026-06-02T15:38:24.948Z - [AutoMod] DEBUG: Checking banned words for user ilker4444, words count: 0, content: "[emote:37226:KEKW]"
[LOG] 2026-06-02T15:38:25.100Z - [WebSocket] Message Event Received in ahmetturku: [emote:37226:KEKW]
[LOG] 2026-06-02T15:38:25.100Z - [AutoMod] DEBUG: Checking banned words for user ilker4444, words count: 0, content: "[emote:37226:KEKW]"
[LOG] 2026-06-02T15:38:25.394Z - [WebSocket] Message Event Received in ahmetturku: [emote:37226:KEKW]
[LOG] 2026-06-02T15:38:25.394Z - [AutoMod] DEBUG: Checking banned words for user ilker4444, words count: 0, content: "[emote:37226:KEKW]"
[LOG] 2026-06-02T15:38:26.070Z - [WebSocket] Message Event Received in ahmetturku: KFJGHIKRSJKTHIO0SERJTIHJSERTIH0JSERTI0HJWSERT9I0HJSEIRTHJSEOH
[LOG] 2026-06-02T15:38:26.070Z - [AutoMod] DEBUG: Checking banned words for user ilker4444, words count: 0, content: "KFJGHIKRSJKTHIO0SERJTIHJSERTIH0JSERTI0HJWSERT9I0HJ"
[LOG] 2026-06-02T15:38:26.620Z - [WebSocket] Message Event Received in ahmetturku: [emote:37226:KEKW]
[LOG] 2026-06-02T15:38:26.620Z - [AutoMod] DEBUG: Checking banned words for user ilker4444, words count: 0, content: "[emote:37226:KEKW]"
[LOG] 2026-06-02T15:38:26.674Z - [WebSocket] Message Event Received in ahmetturku: SERVİSİN ARKASINDA
[LOG] 2026-06-02T15:38:26.674Z - [AutoMod] DEBUG: Checking banned words for user ilker4444, words count: 0, content: "SERVİSİN ARKASINDA"
[LOG] 2026-06-02T15:38:26.788Z - [WebSocket] Message Event Received in minik: [emote:37226:KEKW]
[LOG] 2026-06-02T15:38:26.789Z - [AutoMod] DEBUG: Checking banned words for user ilker4444, words count: 0, content: "[emote:37226:KEKW]"
[LOG] 2026-06-02T15:38:27.166Z - [WebSocket] Message Event Received in ahmetturku: [emote:37226:KEKW]
[LOG] 2026-06-02T15:38:27.166Z - [AutoMod] DEBUG: Checking banned words for user ilker4444, words count: 0, content: "[emote:37226:KEKW]"
[LOG] 2026-06-02T15:38:27.178Z - [WebSocket] Message Event Received in ahmetturku: tut sunun ucunu
[LOG] 2026-06-02T15:38:27.178Z - [AutoMod] DEBUG: Checking banned words for user ilker4444, words count: 0, content: "tut sunun ucunu"
[LOG] 2026-06-02T15:38:28.156Z - [WebSocket] Message Event Received in ahmetturku: bizdenmi gocunuyon
[LOG] 2026-06-02T15:38:28.156Z - [AutoMod] DEBUG: Checking banned words for user ilker4444, words count: 0, content: "bizdenmi gocunuyon"
[LOG] 2026-06-02T15:38:29.868Z - [WebSocket] Message Event Received in ahmetturku: [emote:37226:KEKW]
[LOG] 2026-06-02T15:38:29.868Z - [AutoMod] DEBUG: Checking banned words for user ilker4444, words count: 0, content: "[emote:37226:KEKW]"
[LOG] 2026-06-02T15:38:30.212Z - [WebSocket] Message Event Received in minik: işin ucunda defne varsa olur
[LOG] 2026-06-02T15:38:30.212Z - [AutoMod] DEBUG: Checking banned words for user ilker4444, words count: 0, content: "işin ucunda defne varsa olur"
[LOG] 2026-06-02T15:38:30.911Z - [WebSocket] Message Event Received in ahmetturku: [emote:37226:KEKW]
[LOG] 2026-06-02T15:38:30.911Z - [AutoMod] DEBUG: Checking banned words for user ilker4444, words count: 0, content: "[emote:37226:KEKW]"
[LOG] 2026-06-02T15:38:33.208Z - [WebSocket] Message Event Received in ahmetturku: [emote:37226:KEKW]
[LOG] 2026-06-02T15:38:33.208Z - [AutoMod] DEBUG: Checking banned words for user ilker4444, words count: 0, content: "[emote:37226:KEKW]"
[LOG] 2026-06-02T15:38:34.660Z - [WebSocket] Message Event Received in ahmetturku: [emote:37226:KEKW]
[LOG] 2026-06-02T15:38:34.660Z - [AutoMod] DEBUG: Checking banned words for user ilker4444, words count: 0, content: "[emote:37226:KEKW]"
[LOG] 2026-06-02T15:38:34.879Z - [WebSocket] Message Event Received in minik: o kadar menü verdik salar ya
[LOG] 2026-06-02T15:38:34.879Z - [AutoMod] DEBUG: Checking banned words for user ilker4444, words count: 0, content: "o kadar menü verdik salar ya"
[LOG] 2026-06-02T15:38:35.493Z - [WebSocket] Message Event Received in ahmetturku: [emote:37226:KEKW]
[LOG] 2026-06-02T15:38:35.493Z - [AutoMod] DEBUG: Checking banned words for user ilker4444, words count: 0, content: "[emote:37226:KEKW]"
[LOG] 2026-06-02T15:38:35.630Z - [WebSocket] Message Event Received in ahmetturku: [emote:37226:KEKW]
[LOG] 2026-06-02T15:38:35.630Z - [AutoMod] DEBUG: Checking banned words for user ilker4444, words count: 0, content: "[emote:37226:KEKW]"
[LOG] 2026-06-02T15:38:35.946Z - [WebSocket] Message Event Received in ahmetturku: [emote:37226:KEKW]
[LOG] 2026-06-02T15:38:35.946Z - [AutoMod] DEBUG: Checking banned words for user ilker4444, words count: 0, content: "[emote:37226:KEKW]"
[LOG] 2026-06-02T15:38:36.053Z - [WebSocket] Message Event Received in minik: aşırı sarıyo çünkü
[LOG] 2026-06-02T15:38:36.053Z - [AutoMod] DEBUG: Checking banned words for user ilker4444, words count: 0, content: "aşırı sarıyo çünkü"
[LOG] 2026-06-02T15:38:36.488Z - [WebSocket] Message Event Received in ahmetturku: seviye olayu ne la beyler
[LOG] 2026-06-02T15:38:36.488Z - [AutoMod] DEBUG: Checking banned words for user ilker4444, words count: 0, content: "seviye olayu ne la beyler"
[LOG] 2026-06-02T15:38:38.435Z - [WebSocket] Message Event Received in minik: heyecanlanır me sini goresiye kadar bi içime sıçtım yani
[LOG] 2026-06-02T15:38:38.435Z - [AutoMod] DEBUG: Checking banned words for user ilker4444, words count: 0, content: "heyecanlanır me sini goresiye kadar bi içime sıçtı"
[LOG] 2026-06-02T15:38:41.305Z - [WebSocket] Message Event Received in ahmetturku: [emote:37226:KEKW]
[LOG] 2026-06-02T15:38:41.305Z - [AutoMod] DEBUG: Checking banned words for user ilker4444, words count: 0, content: "[emote:37226:KEKW]"
[LOG] 2026-06-02T15:38:41.387Z - [WebSocket] Message Event Received in ahmetturku: yabancımıyız la
[LOG] 2026-06-02T15:38:41.387Z - [AutoMod] DEBUG: Checking banned words for user ilker4444, words count: 0, content: "yabancımıyız la"
[LOG] 2026-06-02T15:38:47.340Z - [WebSocket] Message Event Received in ahmetturku: [emote:37226:KEKW]
[LOG] 2026-06-02T15:38:47.340Z - [AutoMod] DEBUG: Checking banned words for user ilker4444, words count: 0, content: "[emote:37226:KEKW]"
[LOG] 2026-06-02T15:38:48.154Z - [WebSocket] Message Event Received in ahmetturku: [emote:37226:KEKW]
[LOG] 2026-06-02T15:38:48.154Z - [AutoMod] DEBUG: Checking banned words for user ilker4444, words count: 0, content: "[emote:37226:KEKW]"
[LOG] 2026-06-02T15:38:48.243Z - [WebSocket] Message Event Received in ahmetturku: [emote:37226:KEKW]
[LOG] 2026-06-02T15:38:48.243Z - [AutoMod] DEBUG: Checking banned words for user ilker4444, words count: 0, content: "[emote:37226:KEKW]"
[LOG] 2026-06-02T15:38:48.442Z - [WebSocket] Message Event Received in ahmetturku: [emote:37226:KEKW]
[LOG] 2026-06-02T15:38:48.442Z - [AutoMod] DEBUG: Checking banned words for user ilker4444, words count: 0, content: "[emote:37226:KEKW]"
[LOG] 2026-06-02T15:38:48.870Z - [WebSocket] Message Event Received in ahmetturku: DAYI VALLA GELMİYİM
[LOG] 2026-06-02T15:38:48.870Z - [AutoMod] DEBUG: Checking banned words for user ilker4444, words count: 0, content: "DAYI VALLA GELMİYİM"
[LOG] 2026-06-02T15:38:49.540Z - [WebSocket] Message Event Received in ahmetturku: [emote:37226:KEKW]
[LOG] 2026-06-02T15:38:49.540Z - [AutoMod] DEBUG: Checking banned words for user ilker4444, words count: 0, content: "[emote:37226:KEKW]"
[LOG] 2026-06-02T15:38:49.923Z - [WebSocket] Message Event Received in ahmetturku: [emote:37226:KEKW]
[LOG] 2026-06-02T15:38:49.923Z - [AutoMod] DEBUG: Checking banned words for user ilker4444, words count: 0, content: "[emote:37226:KEKW]"
[LOG] 2026-06-02T15:38:50.407Z - [WebSocket] Message Event Received in minik: ME SIRITIR
[LOG] 2026-06-02T15:38:50.407Z - [AutoMod] DEBUG: Checking banned words for user ilker4444, words count: 0, content: "ME SIRITIR"
[LOG] 2026-06-02T15:38:52.422Z - [WebSocket] Message Event Received in ahmetturku: bizden mi gocunuyon la jcjdjfj
[LOG] 2026-06-02T15:38:52.422Z - [AutoMod] DEBUG: Checking banned words for user ilker4444, words count: 0, content: "bizden mi gocunuyon la jcjdjfj"
[LOG] 2026-06-02T15:38:54.922Z - [WebSocket] Message Event Received in minik: [emote:37226:KEKW]
[LOG] 2026-06-02T15:38:54.922Z - [AutoMod] DEBUG: Checking banned words for user ilker4444, words count: 0, content: "[emote:37226:KEKW]"
[LOG] 2026-06-02T15:38:55.124Z - [WebSocket] Message Event Received in ahmetturku: [emote:37226:KEKW]
[LOG] 2026-06-02T15:38:55.124Z - [AutoMod] DEBUG: Checking banned words for user ilker4444, words count: 0, content: "[emote:37226:KEKW]"
[LOG] 2026-06-02T15:38:56.029Z - [WebSocket] Message Event Received in minik: araba çok kötü gg ya lose burası
[LOG] 2026-06-02T15:38:56.029Z - [AutoMod] DEBUG: Checking banned words for user ilker4444, words count: 0, content: "araba çok kötü gg ya lose burası"
[LOG] 2026-06-02T15:38:57.453Z - [WebSocket] Message Event Received in ahmetturku: DAYI BANA TERS
[LOG] 2026-06-02T15:38:57.453Z - [AutoMod] DEBUG: Checking banned words for user ilker4444, words count: 0, content: "DAYI BANA TERS"
[LOG] 2026-06-02T15:38:57.470Z - [WebSocket] Message Event Received in minik: yaşlandı bu adam
[LOG] 2026-06-02T15:38:57.470Z - [AutoMod] DEBUG: Checking banned words for user ilker4444, words count: 0, content: "yaşlandı bu adam"
[LOG] 2026-06-02T15:38:58.259Z - [WebSocket] Message Event Received in ahmetturku: dayı bana ters
[LOG] 2026-06-02T15:38:58.259Z - [AutoMod] DEBUG: Checking banned words for user ilker4444, words count: 0, content: "dayı bana ters"
[LOG] 2026-06-02T15:38:58.480Z - [WebSocket] Message Event Received in ahmetturku: [emote:37226:KEKW]
[LOG] 2026-06-02T15:38:58.480Z - [AutoMod] DEBUG: Checking banned words for user ilker4444, words count: 0, content: "[emote:37226:KEKW]"
[LOG] 2026-06-02T15:38:58.493Z - [WebSocket] Message Event Received in minik: [emote:37226:KEKW]
[LOG] 2026-06-02T15:38:58.493Z - [AutoMod] DEBUG: Checking banned words for user ilker4444, words count: 0, content: "[emote:37226:KEKW]"
[LOG] 2026-06-02T15:38:58.816Z - [WebSocket] Message Event Received in minik: BOOSTİNGİ BIRAKTI MI
[LOG] 2026-06-02T15:38:58.816Z - [AutoMod] DEBUG: Checking banned words for user ilker4444, words count: 0, content: "BOOSTİNGİ BIRAKTI MI"
[LOG] 2026-06-02T15:38:58.839Z - [WebSocket] Message Event Received in ahmetturku: [emote:37226:KEKW]
[LOG] 2026-06-02T15:38:58.840Z - [AutoMod] DEBUG: Checking banned words for user ilker4444, words count: 0, content: "[emote:37226:KEKW]"
[LOG] 2026-06-02T15:38:59.453Z - [WebSocket] Message Event Received in ahmetturku: [emote:37226:KEKW]
[LOG] 2026-06-02T15:38:59.453Z - [AutoMod] DEBUG: Checking banned words for user ilker4444, words count: 0, content: "[emote:37226:KEKW]"
[LOG] 2026-06-02T15:39:01.072Z - [WebSocket] Message Event Received in minik: arabanın  ağzına sıcıldı
[LOG] 2026-06-02T15:39:01.072Z - [AutoMod] DEBUG: Checking banned words for user ilker4444, words count: 0, content: "arabanın  ağzına sıcıldı"
[LOG] 2026-06-02T15:39:01.210Z - [WebSocket] Message Event Received in ahmetturku: [emote:1730759:emojiCool]
[LOG] 2026-06-02T15:39:01.210Z - [AutoMod] DEBUG: Checking banned words for user ilker4444, words count: 0, content: "[emote:1730759:emojiCool]"
[LOG] 2026-06-02T15:39:01.377Z - [WebSocket] Message Event Received in minik: MİNİK ARABA KULLANMAYI UNUTMUŞ
[LOG] 2026-06-02T15:39:01.377Z - [AutoMod] DEBUG: Checking banned words for user ilker4444, words count: 0, content: "MİNİK ARABA KULLANMAYI UNUTMUŞ"
[LOG] 2026-06-02T15:39:02.523Z - [WebSocket] Message Event Received in ahmetturku: [emote:4148081:Sadge]
[LOG] 2026-06-02T15:39:02.524Z - [AutoMod] DEBUG: Checking banned words for user ilker4444, words count: 0, content: "[emote:4148081:Sadge]"
[LOG] 2026-06-02T15:39:02.618Z - [WebSocket] Message Event Received in ahmetturku: [emote:37226:KEKW]
[LOG] 2026-06-02T15:39:02.618Z - [AutoMod] DEBUG: Checking banned words for user ilker4444, words count: 0, content: "[emote:37226:KEKW]"
[LOG] 2026-06-02T15:39:04.037Z - [WebSocket] Message Event Received in minik: [emote:37226:KEKW]
[LOG] 2026-06-02T15:39:04.037Z - [AutoMod] DEBUG: Checking banned words for user ilker4444, words count: 0, content: "[emote:37226:KEKW]"
[LOG] 2026-06-02T15:39:04.297Z - [WebSocket] Message Event Received in ahmetturku: arabadan taşar simdi
[LOG] 2026-06-02T15:39:04.297Z - [AutoMod] DEBUG: Checking banned words for user ilker4444, words count: 0, content: "arabadan taşar simdi"
[LOG] 2026-06-02T15:39:05.434Z - [WebSocket] Message Event Received in ahmetturku: [emote:37226:KEKW]
[LOG] 2026-06-02T15:39:05.434Z - [AutoMod] DEBUG: Checking banned words for user ilker4444, words count: 0, content: "[emote:37226:KEKW]"
[LOG] 2026-06-02T15:39:05.723Z - [WebSocket] Message Event Received in minik: [emote:37226:KEKW]
[LOG] 2026-06-02T15:39:05.723Z - [AutoMod] DEBUG: Checking banned words for user ilker4444, words count: 0, content: "[emote:37226:KEKW]"
[LOG] 2026-06-02T15:39:05.754Z - [WebSocket] Message Event Received in minik: [emote:37226:KEKW]
[LOG] 2026-06-02T15:39:05.754Z - [AutoMod] DEBUG: Checking banned words for user ilker4444, words count: 0, content: "[emote:37226:KEKW]"
[LOG] 2026-06-02T15:39:06.464Z - [WebSocket] Message Event Received in minik: [emote:37226:KEKW]
[LOG] 2026-06-02T15:39:06.464Z - [AutoMod] DEBUG: Checking banned words for user ilker4444, words count: 0, content: "[emote:37226:KEKW]"
[LOG] 2026-06-02T15:39:06.786Z - [WebSocket] Message Event Received in ahmetturku: [emote:37226:KEKW]
[LOG] 2026-06-02T15:39:06.786Z - [AutoMod] DEBUG: Checking banned words for user ilker4444, words count: 0, content: "[emote:37226:KEKW]"
[LOG] 2026-06-02T15:39:07.601Z - [WebSocket] Message Event Received in ahmetturku: oha
[LOG] 2026-06-02T15:39:07.601Z - [AutoMod] DEBUG: Checking banned words for user ilker4444, words count: 0, content: "oha"
[LOG] 2026-06-02T15:39:07.684Z - [WebSocket] Message Event Received in ahmetturku: [emote:37226:KEKW]
[LOG] 2026-06-02T15:39:07.684Z - [AutoMod] DEBUG: Checking banned words for user ilker4444, words count: 0, content: "[emote:37226:KEKW]"
[LOG] 2026-06-02T15:39:08.316Z - [WebSocket] Message Event Received in minik: [emote:37226:KEKW]
[LOG] 2026-06-02T15:39:08.316Z - [AutoMod] DEBUG: Checking banned words for user ilker4444, words count: 0, content: "[emote:37226:KEKW]"
[LOG] 2026-06-02T15:39:09.020Z - [WebSocket] Message Event Received in minik: [emote:37226:KEKW]
[LOG] 2026-06-02T15:39:09.020Z - [AutoMod] DEBUG: Checking banned words for user ilker4444, words count: 0, content: "[emote:37226:KEKW]"
[LOG] 2026-06-02T15:39:09.780Z - [WebSocket] Message Event Received in minik: [emote:37226:KEKW]
[LOG] 2026-06-02T15:39:09.780Z - [AutoMod] DEBUG: Checking banned words for user ilker4444, words count: 0, content: "[emote:37226:KEKW]"
[LOG] 2026-06-02T15:39:09.926Z - [WebSocket] Message Event Received in minik: FPOGIJNETRĞPİIGJNETOĞPIGNJHEGETG
[LOG] 2026-06-02T15:39:09.926Z - [AutoMod] DEBUG: Checking banned words for user ilker4444, words count: 0, content: "FPOGIJNETRĞPİIGJNETOĞPIGNJHEGETG"
[LOG] 2026-06-02T15:39:10.290Z - [WebSocket] Message Event Received in minik: [emote:37226:KEKW]
[LOG] 2026-06-02T15:39:10.290Z - [AutoMod] DEBUG: Checking banned words for user ilker4444, words count: 0, content: "[emote:37226:KEKW]"
[LOG] 2026-06-02T15:39:10.324Z - [WebSocket] Message Event Received in ahmetturku: [emote:37226:KEKW]
[LOG] 2026-06-02T15:39:10.324Z - [AutoMod] DEBUG: Checking banned words for user ilker4444, words count: 0, content: "[emote:37226:KEKW]"
[LOG] 2026-06-02T15:39:10.486Z - [WebSocket] Message Event Received in minik: [emote:37226:KEKW]
[LOG] 2026-06-02T15:39:10.487Z - [AutoMod] DEBUG: Checking banned words for user ilker4444, words count: 0, content: "[emote:37226:KEKW]"
[LOG] 2026-06-02T15:39:10.556Z - [WebSocket] Message Event Received in minik: [emote:37226:KEKW]
[LOG] 2026-06-02T15:39:10.556Z - [AutoMod] DEBUG: Checking banned words for user ilker4444, words count: 0, content: "[emote:37226:KEKW]"
[LOG] 2026-06-02T15:39:10.638Z - [WebSocket] Message Event Received in minik: [emote:37226:KEKW]
[LOG] 2026-06-02T15:39:10.638Z - [AutoMod] DEBUG: Checking banned words for user ilker4444, words count: 0, content: "[emote:37226:KEKW]"
[LOG] 2026-06-02T15:39:10.793Z - [WebSocket] Message Event Received in ahmetturku: oha
[LOG] 2026-06-02T15:39:10.793Z - [AutoMod] DEBUG: Checking banned words for user ilker4444, words count: 0, content: "oha"
[LOG] 2026-06-02T15:39:11.042Z - [WebSocket] Message Event Received in minik: [emote:37226:KEKW]
[LOG] 2026-06-02T15:39:11.042Z - [AutoMod] DEBUG: Checking banned words for user ilker4444, words count: 0, content: "[emote:37226:KEKW]"
[LOG] 2026-06-02T15:39:11.180Z - [WebSocket] Message Event Received in minik: [emote:37226:KEKW]
[LOG] 2026-06-02T15:39:11.180Z - [AutoMod] DEBUG: Checking banned words for user ilker4444, words count: 0, content: "[emote:37226:KEKW]"
[LOG] 2026-06-02T15:39:11.221Z - [WebSocket] Message Event Received in minik: [emote:37226:KEKW]
[LOG] 2026-06-02T15:39:11.221Z - [AutoMod] DEBUG: Checking banned words for user ilker4444, words count: 0, content: "[emote:37226:KEKW]"
[LOG] 2026-06-02T15:39:11.327Z - [WebSocket] Message Event Received in minik: 4 lvl yakismis
[LOG] 2026-06-02T15:39:11.327Z - [AutoMod] DEBUG: Checking banned words for user ilker4444, words count: 0, content: "4 lvl yakismis"
[LOG] 2026-06-02T15:39:11.331Z - [WebSocket] Message Event Received in minik: [emote:37226:KEKW]
[LOG] 2026-06-02T15:39:11.331Z - [AutoMod] DEBUG: Checking banned words for user ilker4444, words count: 0, content: "[emote:37226:KEKW]"
[LOG] 2026-06-02T15:39:11.525Z - [WebSocket] Message Event Received in minik: AILWSEJRHBVGFIPAŞHWVERGPŞIAVWERPŞIGVYAIPŞEWVRGIPVAEWRIPVŞG
[LOG] 2026-06-02T15:39:11.525Z - [AutoMod] DEBUG: Checking banned words for user ilker4444, words count: 0, content: "AILWSEJRHBVGFIPAŞHWVERGPŞIAVWERPŞIGVYAIPŞEWVRGIPVA"
[LOG] 2026-06-02T15:39:12.127Z - [WebSocket] Message Event Received in ahmetturku: [emote:37226:KEKW]
[LOG] 2026-06-02T15:39:12.127Z - [AutoMod] DEBUG: Checking banned words for user ilker4444, words count: 0, content: "[emote:37226:KEKW]"
[LOG] 2026-06-02T15:39:12.293Z - [WebSocket] Message Event Received in minik: [emote:37226:KEKW]
[LOG] 2026-06-02T15:39:12.293Z - [AutoMod] DEBUG: Checking banned words for user ilker4444, words count: 0, content: "[emote:37226:KEKW]"
[LOG] 2026-06-02T15:39:12.301Z - [WebSocket] Message Event Received in minik: [emote:37226:KEKW]
[LOG] 2026-06-02T15:39:12.301Z - [AutoMod] DEBUG: Checking banned words for user ilker4444, words count: 0, content: "[emote:37226:KEKW]"
[LOG] 2026-06-02T15:39:12.363Z - [WebSocket] Message Event Received in minik: sdıkujfbnhgıukjlerger
[LOG] 2026-06-02T15:39:12.363Z - [AutoMod] DEBUG: Checking banned words for user ilker4444, words count: 0, content: "sdıkujfbnhgıukjlerger"
[LOG] 2026-06-02T15:39:12.593Z - [WebSocket] Message Event Received in minik: [emote:37226:KEKW]
[LOG] 2026-06-02T15:39:12.593Z - [AutoMod] DEBUG: Checking banned words for user ilker4444, words count: 0, content: "[emote:37226:KEKW]"
[LOG] 2026-06-02T15:39:12.651Z - [WebSocket] Message Event Received in ahmetturku: OHA AMK
[LOG] 2026-06-02T15:39:12.651Z - [AutoMod] DEBUG: Checking banned words for user ilker4444, words count: 0, content: "OHA AMK"
[LOG] 2026-06-02T15:39:12.851Z - [WebSocket] Message Event Received in minik: SFHGKLDSHKLGHSDLKHGKSDLGDS
[LOG] 2026-06-02T15:39:12.851Z - [AutoMod] DEBUG: Checking banned words for user ilker4444, words count: 0, content: "SFHGKLDSHKLGHSDLKHGKSDLGDS"
[LOG] 2026-06-02T15:39:13.003Z - [WebSocket] Message Event Received in ahmetturku: [emote:37226:KEKW]
[LOG] 2026-06-02T15:39:13.003Z - [AutoMod] DEBUG: Checking banned words for user ilker4444, words count: 0, content: "[emote:37226:KEKW]"
[LOG] 2026-06-02T15:39:13.118Z - [WebSocket] Message Event Received in ahmetturku: [emote:37226:KEKW]
[LOG] 2026-06-02T15:39:13.119Z - [AutoMod] DEBUG: Checking banned words for user ilker4444, words count: 0, content: "[emote:37226:KEKW]"
[LOG] 2026-06-02T15:39:13.581Z - [WebSocket] Message Event Received in minik: ŞRJGNBĞOGNĞEOTRIGJHNET0PIOGJNERTĞPOGIJNERGĞ0PIOERJHNGĞREOPIGHNJEROGIERG
[LOG] 2026-06-02T15:39:13.581Z - [AutoMod] DEBUG: Checking banned words for user ilker4444, words count: 0, content: "ŞRJGNBĞOGNĞEOTRIGJHNET0PIOGJNERTĞPOGIJNERGĞ0PIOERJ"
[LOG] 2026-06-02T15:39:14.235Z - [WebSocket] Message Event Received in ahmetturku: [emote:37226:KEKW]
[LOG] 2026-06-02T15:39:14.235Z - [AutoMod] DEBUG: Checking banned words for user ilker4444, words count: 0, content: "[emote:37226:KEKW]"
[LOG] 2026-06-02T15:39:14.934Z - [WebSocket] Message Event Received in ahmetturku: OOC BİLGİ
[LOG] 2026-06-02T15:39:14.934Z - [AutoMod] DEBUG: Checking banned words for user ilker4444, words count: 0, content: "OOC BİLGİ"
[LOG] 2026-06-02T15:39:14.943Z - [WebSocket] Message Event Received in ahmetturku: [emote:37226:KEKW]
[LOG] 2026-06-02T15:39:14.943Z - [AutoMod] DEBUG: Checking banned words for user ilker4444, words count: 0, content: "[emote:37226:KEKW]"
[LOG] 2026-06-02T15:39:15.139Z - [WebSocket] Message Event Received in ahmetturku: ooc bilgi
[LOG] 2026-06-02T15:39:15.139Z - [AutoMod] DEBUG: Checking banned words for user ilker4444, words count: 0, content: "ooc bilgi"
[LOG] 2026-06-02T15:39:15.184Z - [WebSocket] Message Event Received in ahmetturku: ooc bilgi
[LOG] 2026-06-02T15:39:15.185Z - [AutoMod] DEBUG: Checking banned words for user ilker4444, words count: 0, content: "ooc bilgi"
[LOG] 2026-06-02T15:39:15.611Z - [WebSocket] Message Event Received in minik: [emote:37226:KEKW]
[LOG] 2026-06-02T15:39:15.611Z - [AutoMod] DEBUG: Checking banned words for user ilker4444, words count: 0, content: "[emote:37226:KEKW]"
[LOG] 2026-06-02T15:39:15.996Z - [WebSocket] Message Event Received in minik: [emote:4148074:HYPERCLAP]
[LOG] 2026-06-02T15:39:15.996Z - [AutoMod] DEBUG: Checking banned words for user ilker4444, words count: 0, content: "[emote:4148074:HYPERCLAP]"
[LOG] 2026-06-02T15:39:16.422Z - [WebSocket] Message Event Received in minik: [emote:37226:KEKW]
[LOG] 2026-06-02T15:39:16.422Z - [AutoMod] DEBUG: Checking banned words for user ilker4444, words count: 0, content: "[emote:37226:KEKW]"
[LOG] 2026-06-02T15:39:16.966Z - [WebSocket] Message Event Received in ahmetturku: [emote:37226:KEKW]
[LOG] 2026-06-02T15:39:16.966Z - [AutoMod] DEBUG: Checking banned words for user ilker4444, words count: 0, content: "[emote:37226:KEKW]"
[LOG] 2026-06-02T15:39:17.280Z - [WebSocket] Message Event Received in minik: [emote:37226:KEKW]
[LOG] 2026-06-02T15:39:17.280Z - [AutoMod] DEBUG: Checking banned words for user ilker4444, words count: 0, content: "[emote:37226:KEKW]"
[LOG] 2026-06-02T15:39:18.114Z - [WebSocket] Message Event Received in minik: [emote:37226:KEKW]
[LOG] 2026-06-02T15:39:18.115Z - [AutoMod] DEBUG: Checking banned words for user ilker4444, words count: 0, content: "[emote:37226:KEKW]"
[LOG] 2026-06-02T15:39:18.131Z - [WebSocket] Message Event Received in minik: [emote:37226:KEKW]
[LOG] 2026-06-02T15:39:18.131Z - [AutoMod] DEBUG: Checking banned words for user ilker4444, words count: 0, content: "[emote:37226:KEKW]"
[LOG] 2026-06-02T15:39:18.240Z - [WebSocket] Message Event Received in minik: [emote:37227:LULW]
[LOG] 2026-06-02T15:39:18.240Z - [AutoMod] DEBUG: Checking banned words for user ilker4444, words count: 0, content: "[emote:37227:LULW]"
[LOG] 2026-06-02T15:39:18.626Z - [WebSocket] Message Event Received in ahmetturku: [emote:37226:KEKW]
[LOG] 2026-06-02T15:39:18.626Z - [AutoMod] DEBUG: Checking banned words for user ilker4444, words count: 0, content: "[emote:37226:KEKW]"
[LOG] 2026-06-02T15:39:19.206Z - [WebSocket] Message Event Received in ahmetturku: kundakda başlasaydın aq
[LOG] 2026-06-02T15:39:19.206Z - [AutoMod] DEBUG: Checking banned words for user ilker4444, words count: 0, content: "kundakda başlasaydın aq"
[LOG] 2026-06-02T15:39:19.505Z - [WebSocket] Message Event Received in minik: [emote:37226:KEKW]
[LOG] 2026-06-02T15:39:19.505Z - [AutoMod] DEBUG: Checking banned words for user ilker4444, words count: 0, content: "[emote:37226:KEKW]"
[LOG] 2026-06-02T15:39:19.973Z - [WebSocket] Message Event Received in ahmetturku: [emote:37226:KEKW]
[LOG] 2026-06-02T15:39:19.973Z - [AutoMod] DEBUG: Checking banned words for user ilker4444, words count: 0, content: "[emote:37226:KEKW]"
[LOG] 2026-06-02T15:39:20.270Z - [WebSocket] Message Event Received in minik: TANKSLAPPER YEDİ ARABA AÖL
[LOG] 2026-06-02T15:39:20.270Z - [AutoMod] DEBUG: Checking banned words for user ilker4444, words count: 0, content: "TANKSLAPPER YEDİ ARABA AÖL"
[LOG] 2026-06-02T15:39:20.881Z - [WebSocket] Message Event Received in minik: [emote:37226:KEKW]
[LOG] 2026-06-02T15:39:20.882Z - [AutoMod] DEBUG: Checking banned words for user ilker4444, words count: 0, content: "[emote:37226:KEKW]"
[LOG] 2026-06-02T15:39:21.441Z - [WebSocket] Message Event Received in ahmetturku: [emote:37226:KEKW]
[LOG] 2026-06-02T15:39:21.441Z - [AutoMod] DEBUG: Checking banned words for user ilker4444, words count: 0, content: "[emote:37226:KEKW]"
[LOG] 2026-06-02T15:39:22.261Z - [WebSocket] Message Event Received in ahmetturku: [emote:37226:KEKW]
[LOG] 2026-06-02T15:39:22.261Z - [AutoMod] DEBUG: Checking banned words for user ilker4444, words count: 0, content: "[emote:37226:KEKW]"
[LOG] 2026-06-02T15:39:22.506Z - [WebSocket] Message Event Received in ahmetturku: [emote:37226:KEKW]
[LOG] 2026-06-02T15:39:22.507Z - [AutoMod] DEBUG: Checking banned words for user ilker4444, words count: 0, content: "[emote:37226:KEKW]"
[LOG] 2026-06-02T15:39:23.376Z - [WebSocket] Message Event Received in ahmetturku: [emote:37226:KEKW]
[LOG] 2026-06-02T15:39:23.376Z - [AutoMod] DEBUG: Checking banned words for user ilker4444, words count: 0, content: "[emote:37226:KEKW]"
[LOG] 2026-06-02T15:39:23.472Z - [WebSocket] Message Event Received in minik: [emote:37226:KEKW]
[LOG] 2026-06-02T15:39:23.473Z - [AutoMod] DEBUG: Checking banned words for user ilker4444, words count: 0, content: "[emote:37226:KEKW]"
[LOG] 2026-06-02T15:39:23.740Z - [WebSocket] Message Event Received in minik: EKRANIN ORTASINDA CIKIYO YA BİDE
[LOG] 2026-06-02T15:39:23.741Z - [AutoMod] DEBUG: Checking banned words for user ilker4444, words count: 0, content: "EKRANIN ORTASINDA CIKIYO YA BİDE"
[LOG] 2026-06-02T15:39:24.049Z - [WebSocket] Message Event Received in minik: [emote:37226:KEKW]
[LOG] 2026-06-02T15:39:24.050Z - [AutoMod] DEBUG: Checking banned words for user ilker4444, words count: 0, content: "[emote:37226:KEKW]"
[LOG] 2026-06-02T15:39:25.404Z - [WebSocket] Message Event Received in minik: [emote:4148074:HYPERCLAP]
[LOG] 2026-06-02T15:39:25.405Z - [AutoMod] DEBUG: Checking banned words for user ilker4444, words count: 0, content: "[emote:4148074:HYPERCLAP]"
[LOG] 2026-06-02T15:39:25.440Z - [WebSocket] Message Event Received in ahmetturku: [emote:37226:KEKW]
[LOG] 2026-06-02T15:39:25.440Z - [AutoMod] DEBUG: Checking banned words for user ilker4444, words count: 0, content: "[emote:37226:KEKW]"
[LOG] 2026-06-02T15:39:25.632Z - [WebSocket] Message Event Received in minik: jsjsjsjsjs
[LOG] 2026-06-02T15:39:25.632Z - [AutoMod] DEBUG: Checking banned words for user ilker4444, words count: 0, content: "jsjsjsjsjs"
[LOG] 2026-06-02T15:39:25.831Z - [WebSocket] Message Event Received in ahmetturku: [emote:37226:KEKW]
[LOG] 2026-06-02T15:39:25.831Z - [AutoMod] DEBUG: Checking banned words for user ilker4444, words count: 0, content: "[emote:37226:KEKW]"
[LOG] 2026-06-02T15:39:26.006Z - [WebSocket] Message Event Received in minik: [emote:37227:LULW]
[LOG] 2026-06-02T15:39:26.006Z - [AutoMod] DEBUG: Checking banned words for user ilker4444, words count: 0, content: "[emote:37227:LULW]"
[LOG] 2026-06-02T15:39:26.279Z - [WebSocket] Message Event Received in minik: [emote:37226:KEKW]
[LOG] 2026-06-02T15:39:26.279Z - [AutoMod] DEBUG: Checking banned words for user ilker4444, words count: 0, content: "[emote:37226:KEKW]"
[LOG] 2026-06-02T15:39:27.176Z - [WebSocket] Message Event Received in ahmetturku: [emote:3753119:asmonSmash]
[LOG] 2026-06-02T15:39:27.176Z - [AutoMod] DEBUG: Checking banned words for user ilker4444, words count: 0, content: "[emote:3753119:asmonSmash]"
[LOG] 2026-06-02T15:39:27.466Z - [WebSocket] Message Event Received in minik: ÖYLE OLMADI BİRAZ DAHA ORTAYA KOY
[LOG] 2026-06-02T15:39:27.466Z - [AutoMod] DEBUG: Checking banned words for user ilker4444, words count: 0, content: "ÖYLE OLMADI BİRAZ DAHA ORTAYA KOY"
[LOG] 2026-06-02T15:39:27.507Z - [WebSocket] Message Event Received in minik: [emote:4148074:HYPERCLAP]
[LOG] 2026-06-02T15:39:27.507Z - [AutoMod] DEBUG: Checking banned words for user ilker4444, words count: 0, content: "[emote:4148074:HYPERCLAP]"
[LOG] 2026-06-02T15:39:27.776Z - [WebSocket] Message Event Received in minik: [emote:4148074:HYPERCLAP]
[LOG] 2026-06-02T15:39:27.776Z - [AutoMod] DEBUG: Checking banned words for user ilker4444, words count: 0, content: "[emote:4148074:HYPERCLAP]"
[LOG] 2026-06-02T15:39:27.969Z - [WebSocket] Message Event Received in ahmetturku: [emote:37226:KEKW]
[LOG] 2026-06-02T15:39:27.970Z - [AutoMod] DEBUG: Checking banned words for user ilker4444, words count: 0, content: "[emote:37226:KEKW]"
[LOG] 2026-06-02T15:39:28.021Z - [WebSocket] Message Event Received in ahmetturku: evcilik oynarken başlamış aw
[LOG] 2026-06-02T15:39:28.021Z - [AutoMod] DEBUG: Checking banned words for user ilker4444, words count: 0, content: "evcilik oynarken başlamış aw"
[LOG] 2026-06-02T15:39:28.645Z - [WebSocket] Message Event Received in minik: [emote:37226:KEKW]
[LOG] 2026-06-02T15:39:28.645Z - [AutoMod] DEBUG: Checking banned words for user ilker4444, words count: 0, content: "[emote:37226:KEKW]"
[LOG] 2026-06-02T15:39:28.870Z - [WebSocket] Message Event Received in minik: [emote:4148074:HYPERCLAP]
[LOG] 2026-06-02T15:39:28.870Z - [AutoMod] DEBUG: Checking banned words for user ilker4444, words count: 0, content: "[emote:4148074:HYPERCLAP]"
[LOG] 2026-06-02T15:39:29.202Z - [WebSocket] Message Event Received in minik: [emote:37226:KEKW]
[LOG] 2026-06-02T15:39:29.202Z - [AutoMod] DEBUG: Checking banned words for user ilker4444, words count: 0, content: "[emote:37226:KEKW]"
[LOG] 2026-06-02T15:39:29.302Z - [WebSocket] Message Event Received in minik: [emote:37226:KEKW]
[LOG] 2026-06-02T15:39:29.303Z - [AutoMod] DEBUG: Checking banned words for user ilker4444, words count: 0, content: "[emote:37226:KEKW]"
[LOG] 2026-06-02T15:39:30.015Z - [WebSocket] Message Event Received in minik: buda bizi buldu ahahahahahahah
[LOG] 2026-06-02T15:39:30.015Z - [AutoMod] DEBUG: Checking banned words for user ilker4444, words count: 0, content: "buda bizi buldu ahahahahahahah"
[LOG] 2026-06-02T15:39:30.074Z - [WebSocket] Message Event Received in ahmetturku: [emote:37226:KEKW]
[LOG] 2026-06-02T15:39:30.074Z - [AutoMod] DEBUG: Checking banned words for user ilker4444, words count: 0, content: "[emote:37226:KEKW]"
[LOG] 2026-06-02T15:39:30.887Z - [WebSocket] Message Event Received in ahmetturku: [emote:37226:KEKW]
[LOG] 2026-06-02T15:39:30.887Z - [AutoMod] DEBUG: Checking banned words for user ilker4444, words count: 0, content: "[emote:37226:KEKW]"
[LOG] 2026-06-02T15:39:30.936Z - [WebSocket] Message Event Received in ahmetturku: [emote:37226:KEKW]
[LOG] 2026-06-02T15:39:30.936Z - [AutoMod] DEBUG: Checking banned words for user ilker4444, words count: 0, content: "[emote:37226:KEKW]"
[LOG] 2026-06-02T15:39:31.176Z - [WebSocket] Message Event Received in minik: [emote:4148074:HYPERCLAP]
[LOG] 2026-06-02T15:39:31.176Z - [AutoMod] DEBUG: Checking banned words for user ilker4444, words count: 0, content: "[emote:4148074:HYPERCLAP]"
[LOG] 2026-06-02T15:39:31.472Z - [WebSocket] Message Event Received in minik: [emote:37227:LULW]
[LOG] 2026-06-02T15:39:31.472Z - [AutoMod] DEBUG: Checking banned words for user ilker4444, words count: 0, content: "[emote:37227:LULW]"
[LOG] 2026-06-02T15:39:32.051Z - [WebSocket] Message Event Received in ahmetturku: [emote:37226:KEKW]
[LOG] 2026-06-02T15:39:32.051Z - [AutoMod] DEBUG: Checking banned words for user ilker4444, words count: 0, content: "[emote:37226:KEKW]"
[LOG] 2026-06-02T15:39:32.108Z - [WebSocket] Message Event Received in minik: [emote:4148074:HYPERCLAP]
[LOG] 2026-06-02T15:39:32.108Z - [AutoMod] DEBUG: Checking banned words for user ilker4444, words count: 0, content: "[emote:4148074:HYPERCLAP]"
[LOG] 2026-06-02T15:39:32.628Z - [WebSocket] Message Event Received in minik: [emote:37226:KEKW]
[LOG] 2026-06-02T15:39:32.628Z - [AutoMod] DEBUG: Checking banned words for user ilker4444, words count: 0, content: "[emote:37226:KEKW]"
[LOG] 2026-06-02T15:39:33.590Z - [WebSocket] Message Event Received in ahmetturku: J
[LOG] 2026-06-02T15:39:33.590Z - [AutoMod] DEBUG: Checking banned words for user ilker4444, words count: 0, content: "J"
[LOG] 2026-06-02T15:39:34.105Z - [WebSocket] Message Event Received in ahmetturku: [emote:5565231:ahmetturkuhaha]
[LOG] 2026-06-02T15:39:34.105Z - [AutoMod] DEBUG: Checking banned words for user ilker4444, words count: 0, content: "[emote:5565231:ahmetturkuhaha]"
[LOG] 2026-06-02T15:39:34.240Z - [WebSocket] Message Event Received in minik: [emote:37226:KEKW]
[LOG] 2026-06-02T15:39:34.240Z - [AutoMod] DEBUG: Checking banned words for user ilker4444, words count: 0, content: "[emote:37226:KEKW]"
[LOG] 2026-06-02T15:39:34.616Z - [WebSocket] Message Event Received in ahmetturku: [emote:37226:KEKW]
[LOG] 2026-06-02T15:39:34.616Z - [AutoMod] DEBUG: Checking banned words for user ilker4444, words count: 0, content: "[emote:37226:KEKW]"
[LOG] 2026-06-02T15:39:34.843Z - [WebSocket] Message Event Received in ahmetturku: [emote:1730772:emojiFire]
[LOG] 2026-06-02T15:39:34.843Z - [AutoMod] DEBUG: Checking banned words for user ilker4444, words count: 0, content: "[emote:1730772:emojiFire]"
[LOG] 2026-06-02T15:39:35.157Z - [WebSocket] Message Event Received in minik: [emote:1730752:emojiAngel]
[LOG] 2026-06-02T15:39:35.158Z - [AutoMod] DEBUG: Checking banned words for user ilker4444, words count: 0, content: "[emote:1730752:emojiAngel]"
[LOG] 2026-06-02T15:39:36.471Z - [WebSocket] Message Event Received in minik: [emote:4148074:HYPERCLAP]
[LOG] 2026-06-02T15:39:36.471Z - [AutoMod] DEBUG: Checking banned words for user ilker4444, words count: 0, content: "[emote:4148074:HYPERCLAP]"
[LOG] 2026-06-02T15:39:36.809Z - [WebSocket] Message Event Received in ahmetturku: [emote:37226:KEKW]
[LOG] 2026-06-02T15:39:36.809Z - [AutoMod] DEBUG: Checking banned words for user ilker4444, words count: 0, content: "[emote:37226:KEKW]"
[LOG] 2026-06-02T15:39:36.939Z - [WebSocket] Message Event Received in ahmetturku: [emote:37226:KEKW]
[LOG] 2026-06-02T15:39:36.939Z - [AutoMod] DEBUG: Checking banned words for user ilker4444, words count: 0, content: "[emote:37226:KEKW]"
[LOG] 2026-06-02T15:39:37.646Z - [WebSocket] Message Event Received in ahmetturku: [emote:37226:KEKW]
[LOG] 2026-06-02T15:39:37.646Z - [AutoMod] DEBUG: Checking banned words for user ilker4444, words count: 0, content: "[emote:37226:KEKW]"
[LOG] 2026-06-02T15:39:38.018Z - [WebSocket] Message Event Received in ahmetturku: [emote:37226:KEKW][emote:37226:KEKW][emote:37226:KEKW][emote:37226:KEKW]
[LOG] 2026-06-02T15:39:38.018Z - [AutoMod] DEBUG: Checking banned words for user ilker4444, words count: 0, content: "[emote:37226:KEKW][emote:37226:KEKW][emote:37226:K"
[LOG] 2026-06-02T15:39:38.068Z - [WebSocket] Message Event Received in minik: yakışıyor ama
[LOG] 2026-06-02T15:39:38.069Z - [AutoMod] DEBUG: Checking banned words for user ilker4444, words count: 0, content: "yakışıyor ama"
[LOG] 2026-06-02T15:39:38.341Z - [WebSocket] Message Event Received in ahmetturku: [emote:37226:KEKW]
[LOG] 2026-06-02T15:39:38.341Z - [AutoMod] DEBUG: Checking banned words for user ilker4444, words count: 0, content: "[emote:37226:KEKW]"
[LOG] 2026-06-02T15:39:40.248Z - [WebSocket] Message Event Received in ahmetturku: [emote:37226:KEKW]
[LOG] 2026-06-02T15:39:40.248Z - [AutoMod] DEBUG: Checking banned words for user ilker4444, words count: 0, content: "[emote:37226:KEKW]"
[LOG] 2026-06-02T15:39:40.301Z - [WebSocket] Message Event Received in ahmetturku: [emote:37226:KEKW]
[LOG] 2026-06-02T15:39:40.301Z - [AutoMod] DEBUG: Checking banned words for user ilker4444, words count: 0, content: "[emote:37226:KEKW]"
[LOG] 2026-06-02T15:39:40.402Z - [WebSocket] Message Event Received in minik: [emote:4148074:HYPERCLAP]
[LOG] 2026-06-02T15:39:40.402Z - [AutoMod] DEBUG: Checking banned words for user ilker4444, words count: 0, content: "[emote:4148074:HYPERCLAP]"
[LOG] 2026-06-02T15:39:40.659Z - [WebSocket] Message Event Received in ahmetturku: [emote:37226:KEKW]
[LOG] 2026-06-02T15:39:40.659Z - [AutoMod] DEBUG: Checking banned words for user ilker4444, words count: 0, content: "[emote:37226:KEKW]"
[LOG] 2026-06-02T15:39:40.825Z - [WebSocket] Message Event Received in ahmetturku: JAGJPOJ
[LOG] 2026-06-02T15:39:40.825Z - [AutoMod] DEBUG: Checking banned words for user ilker4444, words count: 0, content: "JAGJPOJ"
[LOG] 2026-06-02T15:39:42.862Z - [WebSocket] Message Event Received in ahmetturku: [emote:37226:KEKW]
[LOG] 2026-06-02T15:39:42.862Z - [AutoMod] DEBUG: Checking banned words for user ilker4444, words count: 0, content: "[emote:37226:KEKW]"
[LOG] 2026-06-02T15:39:44.682Z - [WebSocket] Message Event Received in minik: @ilker4444 nerden cıkıyo biliyonmu
[LOG] 2026-06-02T15:39:44.682Z - [AutoMod] DEBUG: Checking banned words for user ilker4444, words count: 0, content: "@ilker4444 nerden cıkıyo biliyonmu"
[LOG] 2026-06-02T15:39:44.974Z - [WebSocket] Message Event Received in ahmetturku: [emote:37226:KEKW]
[LOG] 2026-06-02T15:39:44.974Z - [AutoMod] DEBUG: Checking banned words for user ilker4444, words count: 0, content: "[emote:37226:KEKW]"
[LOG] 2026-06-02T15:39:45.908Z - [WebSocket] Message Event Received in minik: [emote:37226:KEKW]
[LOG] 2026-06-02T15:39:45.908Z - [AutoMod] DEBUG: Checking banned words for user ilker4444, words count: 0, content: "[emote:37226:KEKW]"
[LOG] 2026-06-02T15:39:46.099Z - [WebSocket] Message Event Received in minik: [emote:4148074:HYPERCLAP]
[LOG] 2026-06-02T15:39:46.100Z - [AutoMod] DEBUG: Checking banned words for user ilker4444, words count: 0, content: "[emote:4148074:HYPERCLAP]"
[LOG] 2026-06-02T15:39:47.438Z - [WebSocket] Message Event Received in ahmetturku: [emote:37226:KEKW]
[LOG] 2026-06-02T15:39:47.438Z - [AutoMod] DEBUG: Checking banned words for user ilker4444, words count: 0, content: "[emote:37226:KEKW]"
[LOG] 2026-06-02T15:39:48.102Z - [WebSocket] Message Event Received in ahmetturku: [emote:37226:KEKW]
[LOG] 2026-06-02T15:39:48.102Z - [AutoMod] DEBUG: Checking banned words for user ilker4444, words count: 0, content: "[emote:37226:KEKW]"
[LOG] 2026-06-02T15:39:48.394Z - [WebSocket] Message Event Received in minik: [emote:37226:KEKW]
[LOG] 2026-06-02T15:39:48.394Z - [AutoMod] DEBUG: Checking banned words for user ilker4444, words count: 0, content: "[emote:37226:KEKW]"
[LOG] 2026-06-02T15:39:48.395Z - [WebSocket] Message Event Received in eray: nerden takıyoruz leveli
[LOG] 2026-06-02T15:39:48.395Z - [AutoMod] DEBUG: Checking banned words for user Riadein, words count: 25, content: "nerden takıyoruz leveli"
[LOG] 2026-06-02T15:39:48.420Z - [WebSocket] Message Event Received in ahmetturku: [emote:37226:KEKW]
[LOG] 2026-06-02T15:39:48.420Z - [AutoMod] DEBUG: Checking banned words for user ilker4444, words count: 0, content: "[emote:37226:KEKW]"
[LOG] 2026-06-02T15:39:50.285Z - [WebSocket] Message Event Received in ahmetturku: [emote:37226:KEKW]
[LOG] 2026-06-02T15:39:50.285Z - [AutoMod] DEBUG: Checking banned words for user ilker4444, words count: 0, content: "[emote:37226:KEKW]"
[LOG] 2026-06-02T15:39:50.707Z - [WebSocket] Message Event Received in minik: vardır
[LOG] 2026-06-02T15:39:50.707Z - [AutoMod] DEBUG: Checking banned words for user ilker4444, words count: 0, content: "vardır"
[LOG] 2026-06-02T15:39:50.752Z - [WebSocket] Message Event Received in minik: VAR
[LOG] 2026-06-02T15:39:50.752Z - [AutoMod] DEBUG: Checking banned words for user ilker4444, words count: 0, content: "VAR"
[LOG] 2026-06-02T15:39:50.812Z - [WebSocket] Message Event Received in minik: [emote:37226:KEKW]
[LOG] 2026-06-02T15:39:50.812Z - [AutoMod] DEBUG: Checking banned words for user ilker4444, words count: 0, content: "[emote:37226:KEKW]"
[LOG] 2026-06-02T15:39:51.839Z - [WebSocket] Message Event Received in ahmetturku: ahmetturku instagram account : https://www.instagram.com/ahmetturku0/
[LOG] 2026-06-02T15:39:51.839Z - [AutoMod] DEBUG: Checking banned words for user ilker4444, words count: 0, content: "ahmetturku instagram account : https://www.instagr"
[LOG] 2026-06-02T15:39:51.972Z - [WebSocket] Message Event Received in minik: burası otobanda fake işi
[LOG] 2026-06-02T15:39:51.972Z - [AutoMod] DEBUG: Checking banned words for user ilker4444, words count: 0, content: "burası otobanda fake işi"
[LOG] 2026-06-02T15:39:52.871Z - [WebSocket] Message Event Received in ahmetturku: [emote:37226:KEKW]
[LOG] 2026-06-02T15:39:52.871Z - [AutoMod] DEBUG: Checking banned words for user ilker4444, words count: 0, content: "[emote:37226:KEKW]"
[LOG] 2026-06-02T15:39:54.526Z - [WebSocket] Message Event Received in minik: [emote:4148074:HYPERCLAP]
[LOG] 2026-06-02T15:39:54.526Z - [AutoMod] DEBUG: Checking banned words for user ilker4444, words count: 0, content: "[emote:4148074:HYPERCLAP]"
[LOG] 2026-06-02T15:39:55.703Z - [WebSocket] Message Event Received in minik: [emote:37227:LULW]
[LOG] 2026-06-02T15:39:55.703Z - [AutoMod] DEBUG: Checking banned words for user ilker4444, words count: 0, content: "[emote:37227:LULW]"
[LOG] 2026-06-02T15:39:55.783Z - [WebSocket] Message Event Received in ahmetturku: [emote:37226:KEKW]
[LOG] 2026-06-02T15:39:55.783Z - [AutoMod] DEBUG: Checking banned words for user ilker4444, words count: 0, content: "[emote:37226:KEKW]"
[LOG] 2026-06-02T15:39:56.069Z - [WebSocket] Message Event Received in minik: 💚
[LOG] 2026-06-02T15:39:56.069Z - [AutoMod] DEBUG: Checking banned words for user ilker4444, words count: 0, content: "💚"
[LOG] 2026-06-02T15:39:58.663Z - [WebSocket] Message Event Received in ahmetturku: [emote:37226:KEKW]
[LOG] 2026-06-02T15:39:58.663Z - [AutoMod] DEBUG: Checking banned words for user ilker4444, words count: 0, content: "[emote:37226:KEKW]"
[LOG] 2026-06-02T15:39:59.542Z - [WebSocket] Message Event Received in ahmetturku: YANKI SÖYLESENİZE BUNA
[LOG] 2026-06-02T15:39:59.542Z - [AutoMod] DEBUG: Checking banned words for user ilker4444, words count: 0, content: "YANKI SÖYLESENİZE BUNA"
[LOG] 2026-06-02T15:40:02.971Z - [WebSocket] Message Event Received in minik: [emote:37226:KEKW]
[LOG] 2026-06-02T15:40:02.971Z - [AutoMod] DEBUG: Checking banned words for user ilker4444, words count: 0, content: "[emote:37226:KEKW]"
[LOG] 2026-06-02T15:40:02.980Z - [WebSocket] Message Event Received in ahmetturku: [emote:37226:KEKW]
[LOG] 2026-06-02T15:40:02.980Z - [AutoMod] DEBUG: Checking banned words for user ilker4444, words count: 0, content: "[emote:37226:KEKW]"
[LOG] 2026-06-02T15:40:03.242Z - [WebSocket] Message Event Received in minik: araba birazdan citroen ami ye döncek
[LOG] 2026-06-02T15:40:03.242Z - [AutoMod] DEBUG: Checking banned words for user ilker4444, words count: 0, content: "araba birazdan citroen ami ye döncek"
[LOG] 2026-06-02T15:40:03.248Z - [WebSocket] Message Event Received in ahmetturku: [emote:37226:KEKW]
[LOG] 2026-06-02T15:40:03.248Z - [AutoMod] DEBUG: Checking banned words for user ilker4444, words count: 0, content: "[emote:37226:KEKW]"
[LOG] 2026-06-02T15:40:03.521Z - [WebSocket] Message Event Received in ahmetturku: [emote:37226:KEKW]
[LOG] 2026-06-02T15:40:03.521Z - [AutoMod] DEBUG: Checking banned words for user ilker4444, words count: 0, content: "[emote:37226:KEKW]"
[LOG] 2026-06-02T15:40:04.694Z - [WebSocket] Message Event Received in minik: [emote:37227:LULW]
[LOG] 2026-06-02T15:40:04.694Z - [AutoMod] DEBUG: Checking banned words for user ilker4444, words count: 0, content: "[emote:37227:LULW]"
[LOG] 2026-06-02T15:40:05.522Z - [WebSocket] Message Event Received in ahmetturku: [emote:37226:KEKW]
[LOG] 2026-06-02T15:40:05.522Z - [AutoMod] DEBUG: Checking banned words for user ilker4444, words count: 0, content: "[emote:37226:KEKW]"
[LOG] 2026-06-02T15:40:07.653Z - [WebSocket] Message Event Received in eray: abone rozetini taktıgın yerden tyakacan
[LOG] 2026-06-02T15:40:07.653Z - [AutoMod] DEBUG: Checking banned words for user Riadein, words count: 25, content: "abone rozetini taktıgın yerden tyakacan"
[LOG] 2026-06-02T15:40:09.031Z - [WebSocket] Message Event Received in minik: @FurkanBaba
[LOG] 2026-06-02T15:40:09.031Z - [AutoMod] DEBUG: Checking banned words for user ilker4444, words count: 0, content: "@FurkanBaba"
[LOG] 2026-06-02T15:40:10.820Z - [WebSocket] Message Event Received in ahmetturku: [emote:37226:KEKW]
[LOG] 2026-06-02T15:40:10.820Z - [AutoMod] DEBUG: Checking banned words for user ilker4444, words count: 0, content: "[emote:37226:KEKW]"
[LOG] 2026-06-02T15:40:11.365Z - [WebSocket] Message Event Received in ahmetturku: [emote:37229:OOOO]
[LOG] 2026-06-02T15:40:11.365Z - [AutoMod] DEBUG: Checking banned words for user ilker4444, words count: 0, content: "[emote:37229:OOOO]"
[LOG] 2026-06-02T15:40:13.257Z - [WebSocket] Message Event Received in ahmetturku: [emote:5565275:ahmetturkudayi][emote:5565275:ahmetturkudayi][emote:5565275:ahmetturkudayi]
[LOG] 2026-06-02T15:40:13.257Z - [AutoMod] DEBUG: Checking banned words for user ilker4444, words count: 0, content: "[emote:5565275:ahmetturkudayi][emote:5565275:ahmet"
[LOG] 2026-06-02T15:40:13.606Z - [WebSocket] Message Event Received in ahmetturku: [emote:5565239:ahmetturkusalla]
[LOG] 2026-06-02T15:40:13.606Z - [AutoMod] DEBUG: Checking banned words for user ilker4444, words count: 0, content: "[emote:5565239:ahmetturkusalla]"
[LOG] 2026-06-02T15:40:14.375Z - [WebSocket] Message Event Received in ahmetturku: [emote:37226:KEKW]
[LOG] 2026-06-02T15:40:14.375Z - [AutoMod] DEBUG: Checking banned words for user ilker4444, words count: 0, content: "[emote:37226:KEKW]"
[LOG] 2026-06-02T15:40:16.731Z - [WebSocket] Message Event Received in ahmetturku: [emote:37226:KEKW]
[LOG] 2026-06-02T15:40:16.732Z - [AutoMod] DEBUG: Checking banned words for user ilker4444, words count: 0, content: "[emote:37226:KEKW]"
[LOG] 2026-06-02T15:40:17.729Z - [WebSocket] Message Event Received in ahmetturku: olum hastalık olunca siğilmi cıkıyor
[LOG] 2026-06-02T15:40:17.729Z - [AutoMod] DEBUG: Checking banned words for user ilker4444, words count: 0, content: "olum hastalık olunca siğilmi cıkıyor"
[LOG] 2026-06-02T15:40:18.092Z - [WebSocket] Message Event Received in ahmetturku: [emote:37226:KEKW]
[LOG] 2026-06-02T15:40:18.092Z - [AutoMod] DEBUG: Checking banned words for user ilker4444, words count: 0, content: "[emote:37226:KEKW]"
[LOG] 2026-06-02T15:40:18.883Z - [WebSocket] Message Event Received in ahmetturku: [emote:37226:KEKW]
[LOG] 2026-06-02T15:40:18.883Z - [AutoMod] DEBUG: Checking banned words for user ilker4444, words count: 0, content: "[emote:37226:KEKW]"
[LOG] 2026-06-02T15:40:19.138Z - [WebSocket] Message Event Received in ahmetturku: [emote:37233:PogU]
[LOG] 2026-06-02T15:40:19.139Z - [AutoMod] DEBUG: Checking banned words for user ilker4444, words count: 0, content: "[emote:37233:PogU]"
[LOG] 2026-06-02T15:40:19.545Z - [WebSocket] Message Event Received in ahmetturku: [emote:37226:KEKW]
[LOG] 2026-06-02T15:40:19.545Z - [AutoMod] DEBUG: Checking banned words for user ilker4444, words count: 0, content: "[emote:37226:KEKW]"
[LOG] 2026-06-02T15:40:19.634Z - [WebSocket] Message Event Received in minik: [emote:4148074:HYPERCLAP]
[LOG] 2026-06-02T15:40:19.634Z - [AutoMod] DEBUG: Checking banned words for user ilker4444, words count: 0, content: "[emote:4148074:HYPERCLAP]"
[LOG] 2026-06-02T15:40:20.074Z - [WebSocket] Message Event Received in ahmetturku: [emote:37226:KEKW]
[LOG] 2026-06-02T15:40:20.074Z - [AutoMod] DEBUG: Checking banned words for user ilker4444, words count: 0, content: "[emote:37226:KEKW]"
[LOG] 2026-06-02T15:40:20.642Z - [WebSocket] Message Event Received in minik: [emote:4148074:HYPERCLAP]
[LOG] 2026-06-02T15:40:20.642Z - [AutoMod] DEBUG: Checking banned words for user ilker4444, words count: 0, content: "[emote:4148074:HYPERCLAP]"
[LOG] 2026-06-02T15:40:20.719Z - [WebSocket] Message Event Received in ahmetturku: [emote:37225:KEKLEO]
[LOG] 2026-06-02T15:40:20.719Z - [AutoMod] DEBUG: Checking banned words for user ilker4444, words count: 0, content: "[emote:37225:KEKLEO]"
[LOG] 2026-06-02T15:40:21.085Z - [WebSocket] Message Event Received in minik: [emote:4148074:HYPERCLAP]
[LOG] 2026-06-02T15:40:21.085Z - [AutoMod] DEBUG: Checking banned words for user ilker4444, words count: 0, content: "[emote:4148074:HYPERCLAP]"
[LOG] 2026-06-02T15:40:21.189Z - [WebSocket] Message Event Received in minik: [emote:4148074:HYPERCLAP]
[LOG] 2026-06-02T15:40:21.189Z - [AutoMod] DEBUG: Checking banned words for user ilker4444, words count: 0, content: "[emote:4148074:HYPERCLAP]"
[LOG] 2026-06-02T15:40:21.293Z - [WebSocket] Message Event Received in minik: [emote:37226:KEKW]
[LOG] 2026-06-02T15:40:21.293Z - [AutoMod] DEBUG: Checking banned words for user ilker4444, words count: 0, content: "[emote:37226:KEKW]"
[LOG] 2026-06-02T15:40:21.466Z - [WebSocket] Message Event Received in minik: [emote:4148074:HYPERCLAP]
[LOG] 2026-06-02T15:40:21.467Z - [AutoMod] DEBUG: Checking banned words for user ilker4444, words count: 0, content: "[emote:4148074:HYPERCLAP]"
[LOG] 2026-06-02T15:40:21.638Z - [WebSocket] Message Event Received in ahmetturku: [emote:37226:KEKW]
[LOG] 2026-06-02T15:40:21.638Z - [AutoMod] DEBUG: Checking banned words for user ilker4444, words count: 0, content: "[emote:37226:KEKW]"
[LOG] 2026-06-02T15:40:21.642Z - [WebSocket] Message Event Received in ahmetturku: [emote:37226:KEKW]
[LOG] 2026-06-02T15:40:21.642Z - [AutoMod] DEBUG: Checking banned words for user ilker4444, words count: 0, content: "[emote:37226:KEKW]"
[LOG] 2026-06-02T15:40:21.826Z - [WebSocket] Message Event Received in minik: [emote:4148074:HYPERCLAP]
[LOG] 2026-06-02T15:40:21.826Z - [AutoMod] DEBUG: Checking banned words for user ilker4444, words count: 0, content: "[emote:4148074:HYPERCLAP]"
[LOG] 2026-06-02T15:40:22.645Z - [WebSocket] Message Event Received in minik: [emote:4148074:HYPERCLAP]
[LOG] 2026-06-02T15:40:22.645Z - [AutoMod] DEBUG: Checking banned words for user ilker4444, words count: 0, content: "[emote:4148074:HYPERCLAP]"
[LOG] 2026-06-02T15:40:22.899Z - [WebSocket] Message Event Received in ahmetturku: [emote:37226:KEKW]
[LOG] 2026-06-02T15:40:22.899Z - [AutoMod] DEBUG: Checking banned words for user ilker4444, words count: 0, content: "[emote:37226:KEKW]"
[LOG] 2026-06-02T15:40:22.948Z - [WebSocket] Message Event Received in ahmetturku: [emote:37226:KEKW]
[LOG] 2026-06-02T15:40:22.948Z - [AutoMod] DEBUG: Checking banned words for user ilker4444, words count: 0, content: "[emote:37226:KEKW]"
[LOG] 2026-06-02T15:40:23.061Z - [WebSocket] Message Event Received in minik: mekaniğe gidip salimle uğraşma işimidr peki kaçtıktan sonra
[LOG] 2026-06-02T15:40:23.061Z - [AutoMod] DEBUG: Checking banned words for user ilker4444, words count: 0, content: "mekaniğe gidip salimle uğraşma işimidr peki kaçtık"
[LOG] 2026-06-02T15:40:23.115Z - [WebSocket] Message Event Received in ahmetturku: [emote:37226:KEKW]
[LOG] 2026-06-02T15:40:23.115Z - [AutoMod] DEBUG: Checking banned words for user ilker4444, words count: 0, content: "[emote:37226:KEKW]"
[LOG] 2026-06-02T15:40:23.527Z - [WebSocket] Message Event Received in minik: [emote:37226:KEKW]
[LOG] 2026-06-02T15:40:23.527Z - [AutoMod] DEBUG: Checking banned words for user ilker4444, words count: 0, content: "[emote:37226:KEKW]"
[LOG] 2026-06-02T15:40:23.568Z - [WebSocket] Message Event Received in minik: [emote:4148074:HYPERCLAP]
[LOG] 2026-06-02T15:40:23.568Z - [AutoMod] DEBUG: Checking banned words for user ilker4444, words count: 0, content: "[emote:4148074:HYPERCLAP]"
[LOG] 2026-06-02T15:40:23.723Z - [WebSocket] Message Event Received in minik: [emote:37226:KEKW]
[LOG] 2026-06-02T15:40:23.723Z - [AutoMod] DEBUG: Checking banned words for user ilker4444, words count: 0, content: "[emote:37226:KEKW]"
[LOG] 2026-06-02T15:40:23.735Z - [WebSocket] Message Event Received in minik: [emote:37226:KEKW]
[LOG] 2026-06-02T15:40:23.735Z - [AutoMod] DEBUG: Checking banned words for user ilker4444, words count: 0, content: "[emote:37226:KEKW]"
[LOG] 2026-06-02T15:40:23.805Z - [WebSocket] Message Event Received in minik: araba kötü baya
[LOG] 2026-06-02T15:40:23.805Z - [AutoMod] DEBUG: Checking banned words for user ilker4444, words count: 0, content: "araba kötü baya"
[LOG] 2026-06-02T15:40:23.966Z - [WebSocket] Message Event Received in ahmetturku: [emote:37229:OOOO]
[LOG] 2026-06-02T15:40:23.966Z - [AutoMod] DEBUG: Checking banned words for user ilker4444, words count: 0, content: "[emote:37229:OOOO]"
[LOG] 2026-06-02T15:40:24.036Z - [WebSocket] Message Event Received in minik: [emote:37226:KEKW]
[LOG] 2026-06-02T15:40:24.036Z - [AutoMod] DEBUG: Checking banned words for user ilker4444, words count: 0, content: "[emote:37226:KEKW]"
[LOG] 2026-06-02T15:40:24.512Z - [WebSocket] Message Event Received in eray: chattin altındaki ayarlara bas profil deyinnnnnnn
[LOG] 2026-06-02T15:40:24.512Z - [AutoMod] DEBUG: Checking banned words for user Riadein, words count: 25, content: "chattin altındaki ayarlara bas profil deyinnnnnnn"
[LOG] 2026-06-02T15:40:24.600Z - [WebSocket] Message Event Received in minik: [emote:4148074:HYPERCLAP]
[LOG] 2026-06-02T15:40:24.600Z - [AutoMod] DEBUG: Checking banned words for user ilker4444, words count: 0, content: "[emote:4148074:HYPERCLAP]"
[LOG] 2026-06-02T15:40:25.289Z - [WebSocket] Message Event Received in ahmetturku: [emote:37226:KEKW]
[LOG] 2026-06-02T15:40:25.289Z - [AutoMod] DEBUG: Checking banned words for user ilker4444, words count: 0, content: "[emote:37226:KEKW]"
[LOG] 2026-06-02T15:40:25.713Z - [WebSocket] Message Event Received in minik: [emote:4148074:HYPERCLAP]
[LOG] 2026-06-02T15:40:25.713Z - [AutoMod] DEBUG: Checking banned words for user ilker4444, words count: 0, content: "[emote:4148074:HYPERCLAP]"
[LOG] 2026-06-02T15:40:25.985Z - [WebSocket] Message Event Received in ahmetturku: [emote:37226:KEKW]
[LOG] 2026-06-02T15:40:25.985Z - [AutoMod] DEBUG: Checking banned words for user ilker4444, words count: 0, content: "[emote:37226:KEKW]"
[LOG] 2026-06-02T15:40:26.273Z - [WebSocket] Message Event Received in minik: [emote:37226:KEKW]
[LOG] 2026-06-02T15:40:26.273Z - [AutoMod] DEBUG: Checking banned words for user ilker4444, words count: 0, content: "[emote:37226:KEKW]"
[LOG] 2026-06-02T15:40:28.307Z - [WebSocket] Message Event Received in minik: [emote:37226:KEKW]
[LOG] 2026-06-02T15:40:28.308Z - [AutoMod] DEBUG: Checking banned words for user ilker4444, words count: 0, content: "[emote:37226:KEKW]"
[LOG] 2026-06-02T15:40:28.645Z - [WebSocket] Message Event Received in ahmetturku: [emote:37226:KEKW]
[LOG] 2026-06-02T15:40:28.645Z - [AutoMod] DEBUG: Checking banned words for user ilker4444, words count: 0, content: "[emote:37226:KEKW]"
[LOG] 2026-06-02T15:40:29.061Z - [WebSocket] Message Event Received in minik: [emote:37227:LULW]
[LOG] 2026-06-02T15:40:29.061Z - [AutoMod] DEBUG: Checking banned words for user ilker4444, words count: 0, content: "[emote:37227:LULW]"
[LOG] 2026-06-02T15:40:29.206Z - [WebSocket] Message Event Received in ahmetturku: [emote:37226:KEKW]
[LOG] 2026-06-02T15:40:29.206Z - [AutoMod] DEBUG: Checking banned words for user ilker4444, words count: 0, content: "[emote:37226:KEKW]"
[LOG] 2026-06-02T15:40:30.777Z - [WebSocket] Message Event Received in minik: [emote:4148074:HYPERCLAP]
[LOG] 2026-06-02T15:40:30.777Z - [AutoMod] DEBUG: Checking banned words for user ilker4444, words count: 0, content: "[emote:4148074:HYPERCLAP]"
[LOG] 2026-06-02T15:40:31.733Z - [WebSocket] Message Event Received in minik: [emote:4148074:HYPERCLAP]
[LOG] 2026-06-02T15:40:31.733Z - [AutoMod] DEBUG: Checking banned words for user ilker4444, words count: 0, content: "[emote:4148074:HYPERCLAP]"
[LOG] 2026-06-02T15:40:32.209Z - [WebSocket] Message Event Received in minik: [emote:37226:KEKW]
[LOG] 2026-06-02T15:40:32.209Z - [AutoMod] DEBUG: Checking banned words for user ilker4444, words count: 0, content: "[emote:37226:KEKW]"
[LOG] 2026-06-02T15:40:32.246Z - [WebSocket] Message Event Received in minik: me pandik atar
[LOG] 2026-06-02T15:40:32.246Z - [AutoMod] DEBUG: Checking banned words for user ilker4444, words count: 0, content: "me pandik atar"
[LOG] 2026-06-02T15:40:33.629Z - [WebSocket] Message Event Received in minik: [emote:37226:KEKW]
[LOG] 2026-06-02T15:40:33.629Z - [AutoMod] DEBUG: Checking banned words for user ilker4444, words count: 0, content: "[emote:37226:KEKW]"
[LOG] 2026-06-02T15:40:33.828Z - [WebSocket] Message Event Received in minik: [emote:37226:KEKW]
[LOG] 2026-06-02T15:40:33.828Z - [AutoMod] DEBUG: Checking banned words for user ilker4444, words count: 0, content: "[emote:37226:KEKW]"
[LOG] 2026-06-02T15:40:34.106Z - [WebSocket] Message Event Received in ahmetturku: [emote:37226:KEKW]
[LOG] 2026-06-02T15:40:34.106Z - [AutoMod] DEBUG: Checking banned words for user ilker4444, words count: 0, content: "[emote:37226:KEKW]"
[LOG] 2026-06-02T15:40:34.297Z - [WebSocket] Message Event Received in ahmetturku: [emote:37229:OOOO]
[LOG] 2026-06-02T15:40:34.297Z - [AutoMod] DEBUG: Checking banned words for user ilker4444, words count: 0, content: "[emote:37229:OOOO]"
[LOG] 2026-06-02T15:40:34.940Z - [WebSocket] Message Event Received in ahmetturku: [emote:37226:KEKW]
[LOG] 2026-06-02T15:40:34.940Z - [AutoMod] DEBUG: Checking banned words for user ilker4444, words count: 0, content: "[emote:37226:KEKW]"
[LOG] 2026-06-02T15:40:35.711Z - [WebSocket] Message Event Received in minik: [emote:37226:KEKW]
[LOG] 2026-06-02T15:40:35.711Z - [AutoMod] DEBUG: Checking banned words for user ilker4444, words count: 0, content: "[emote:37226:KEKW]"
[LOG] 2026-06-02T15:40:36.701Z - [WebSocket] Message Event Received in ahmetturku: [emote:37226:KEKW]
[LOG] 2026-06-02T15:40:36.701Z - [AutoMod] DEBUG: Checking banned words for user ilker4444, words count: 0, content: "[emote:37226:KEKW]"
[LOG] 2026-06-02T15:40:37.173Z - [WebSocket] Message Event Received in minik: yanındaki kız kim la
[LOG] 2026-06-02T15:40:37.173Z - [AutoMod] DEBUG: Checking banned words for user ilker4444, words count: 0, content: "yanındaki kız kim la"
[LOG] 2026-06-02T15:40:37.690Z - [WebSocket] Message Event Received in minik: [emote:4148074:HYPERCLAP]
[LOG] 2026-06-02T15:40:37.690Z - [AutoMod] DEBUG: Checking banned words for user ilker4444, words count: 0, content: "[emote:4148074:HYPERCLAP]"
[LOG] 2026-06-02T15:40:39.707Z - [WebSocket] Message Event Received in ahmetturku: [emote:4148074:HYPERCLAP]
[LOG] 2026-06-02T15:40:39.707Z - [AutoMod] DEBUG: Checking banned words for user ilker4444, words count: 0, content: "[emote:4148074:HYPERCLAP]"
[LOG] 2026-06-02T15:40:41.126Z - [WebSocket] Message Event Received in minik: [emote:37226:KEKW]
[LOG] 2026-06-02T15:40:41.126Z - [AutoMod] DEBUG: Checking banned words for user ilker4444, words count: 0, content: "[emote:37226:KEKW]"
[LOG] 2026-06-02T15:40:41.648Z - [WebSocket] Message Event Received in minik: [emote:4148074:HYPERCLAP]
[LOG] 2026-06-02T15:40:41.648Z - [AutoMod] DEBUG: Checking banned words for user ilker4444, words count: 0, content: "[emote:4148074:HYPERCLAP]"
[LOG] 2026-06-02T15:40:41.751Z - [WebSocket] Message Event Received in minik: [emote:4148074:HYPERCLAP]
[LOG] 2026-06-02T15:40:41.751Z - [AutoMod] DEBUG: Checking banned words for user ilker4444, words count: 0, content: "[emote:4148074:HYPERCLAP]"
[LOG] 2026-06-02T15:40:43.482Z - [WebSocket] Message Event Received in minik: [emote:4148074:HYPERCLAP]
[LOG] 2026-06-02T15:40:43.482Z - [AutoMod] DEBUG: Checking banned words for user ilker4444, words count: 0, content: "[emote:4148074:HYPERCLAP]"
[LOG] 2026-06-02T15:40:44.119Z - [WebSocket] Message Event Received in ahmetturku: [emote:5565231:ahmetturkuhaha]
[LOG] 2026-06-02T15:40:44.119Z - [AutoMod] DEBUG: Checking banned words for user ilker4444, words count: 0, content: "[emote:5565231:ahmetturkuhaha]"
[LOG] 2026-06-02T15:40:44.611Z - [WebSocket] Message Event Received in minik: [emote:4148074:HYPERCLAP]
[LOG] 2026-06-02T15:40:44.611Z - [AutoMod] DEBUG: Checking banned words for user ilker4444, words count: 0, content: "[emote:4148074:HYPERCLAP]"
[LOG] 2026-06-02T15:40:44.615Z - [WebSocket] Message Event Received in minik: [emote:4148074:HYPERCLAP]
[LOG] 2026-06-02T15:40:44.615Z - [AutoMod] DEBUG: Checking banned words for user ilker4444, words count: 0, content: "[emote:4148074:HYPERCLAP]"
[LOG] 2026-06-02T15:40:44.638Z - [WebSocket] Message Event Received in minik: hangi kız bu chat
[LOG] 2026-06-02T15:40:44.639Z - [AutoMod] DEBUG: Checking banned words for user ilker4444, words count: 0, content: "hangi kız bu chat"
[LOG] 2026-06-02T15:40:44.742Z - [WebSocket] Message Event Received in minik: [emote:4148074:HYPERCLAP]
[LOG] 2026-06-02T15:40:44.742Z - [AutoMod] DEBUG: Checking banned words for user ilker4444, words count: 0, content: "[emote:4148074:HYPERCLAP]"
[LOG] 2026-06-02T15:40:45.720Z - [WebSocket] Message Event Received in ahmetturku: [emote:37226:KEKW]
[LOG] 2026-06-02T15:40:45.720Z - [AutoMod] DEBUG: Checking banned words for user ilker4444, words count: 0, content: "[emote:37226:KEKW]"
[LOG] 2026-06-02T15:40:50.880Z - [WebSocket] Message Event Received in ahmetturku: [emote:4148074:HYPERCLAP]
[LOG] 2026-06-02T15:40:50.880Z - [AutoMod] DEBUG: Checking banned words for user ilker4444, words count: 0, content: "[emote:4148074:HYPERCLAP]"
[LOG] 2026-06-02T15:40:51.706Z - [WebSocket] Message Event Received in minik: [emote:4148074:HYPERCLAP]
[LOG] 2026-06-02T15:40:51.706Z - [AutoMod] DEBUG: Checking banned words for user ilker4444, words count: 0, content: "[emote:4148074:HYPERCLAP]"
[LOG] 2026-06-02T15:40:51.859Z - [WebSocket] Message Event Received in minik: [emote:37227:LULW]
[LOG] 2026-06-02T15:40:51.859Z - [AutoMod] DEBUG: Checking banned words for user ilker4444, words count: 0, content: "[emote:37227:LULW]"
[LOG] 2026-06-02T15:40:51.956Z - [WebSocket] Message Event Received in eray: heh
[LOG] 2026-06-02T15:40:51.956Z - [AutoMod] DEBUG: Checking banned words for user Riadein, words count: 25, content: "heh"
[LOG] 2026-06-02T15:40:56.043Z - [WebSocket] Message Event Received in ahmetturku: [emote:37226:KEKW]
[LOG] 2026-06-02T15:40:56.044Z - [AutoMod] DEBUG: Checking banned words for user ilker4444, words count: 0, content: "[emote:37226:KEKW]"
[LOG] 2026-06-02T15:40:56.153Z - [WebSocket] Message Event Received in eray: 44,01 44.02 44.03 44.04.....
[LOG] 2026-06-02T15:40:56.154Z - [AutoMod] DEBUG: Checking banned words for user Riadein, words count: 25, content: "44,01 44.02 44.03 44.04....."
[LOG] 2026-06-02T15:40:56.903Z - [WebSocket] Message Event Received in minik: [emote:4148074:HYPERCLAP]
[LOG] 2026-06-02T15:40:56.903Z - [AutoMod] DEBUG: Checking banned words for user ilker4444, words count: 0, content: "[emote:4148074:HYPERCLAP]"
[LOG] 2026-06-02T15:40:59.198Z - [WebSocket] Message Event Received in minik: [emote:37226:KEKW]
[LOG] 2026-06-02T15:40:59.198Z - [AutoMod] DEBUG: Checking banned words for user ilker4444, words count: 0, content: "[emote:37226:KEKW]"
[LOG] 2026-06-02T15:40:59.648Z - [WebSocket] Message Event Received in ahmetturku: nası amkya
[LOG] 2026-06-02T15:40:59.648Z - [AutoMod] DEBUG: Checking banned words for user ilker4444, words count: 0, content: "nası amkya"
[LOG] 2026-06-02T15:41:00.109Z - [WebSocket] Message Event Received in minik: [emote:37226:KEKW]
[LOG] 2026-06-02T15:41:00.109Z - [AutoMod] DEBUG: Checking banned words for user ilker4444, words count: 0, content: "[emote:37226:KEKW]"
[LOG] 2026-06-02T15:41:00.580Z - [WebSocket] Message Event Received in minik: [emote:37226:KEKW]
[LOG] 2026-06-02T15:41:00.580Z - [AutoMod] DEBUG: Checking banned words for user ilker4444, words count: 0, content: "[emote:37226:KEKW]"
[LOG] 2026-06-02T15:41:01.130Z - [WebSocket] Message Event Received in ahmetturku: [emote:4148074:HYPERCLAP]
[LOG] 2026-06-02T15:41:01.130Z - [AutoMod] DEBUG: Checking banned words for user ilker4444, words count: 0, content: "[emote:4148074:HYPERCLAP]"
[LOG] 2026-06-02T15:41:01.311Z - [WebSocket] Message Event Received in minik: yanindaki kiz cok samimi realde oturup 15 saat sohbet edilir aq
[LOG] 2026-06-02T15:41:01.311Z - [AutoMod] DEBUG: Checking banned words for user ilker4444, words count: 0, content: "yanindaki kiz cok samimi realde oturup 15 saat soh"
[LOG] 2026-06-02T15:41:01.817Z - [WebSocket] Message Event Received in minik: [emote:37226:KEKW]
[LOG] 2026-06-02T15:41:01.817Z - [AutoMod] DEBUG: Checking banned words for user ilker4444, words count: 0, content: "[emote:37226:KEKW]"
[LOG] 2026-06-02T15:41:01.994Z - [WebSocket] Message Event Received in minik: [emote:37226:KEKW]
[LOG] 2026-06-02T15:41:01.994Z - [AutoMod] DEBUG: Checking banned words for user ilker4444, words count: 0, content: "[emote:37226:KEKW]"
[LOG] 2026-06-02T15:41:02.313Z - [WebSocket] Message Event Received in ahmetturku: [emote:5565231:ahmetturkuhaha]
[LOG] 2026-06-02T15:41:02.313Z - [AutoMod] DEBUG: Checking banned words for user ilker4444, words count: 0, content: "[emote:5565231:ahmetturkuhaha]"
[LOG] 2026-06-02T15:41:02.597Z - [WebSocket] Message Event Received in minik: [emote:37226:KEKW]
[LOG] 2026-06-02T15:41:02.597Z - [AutoMod] DEBUG: Checking banned words for user ilker4444, words count: 0, content: "[emote:37226:KEKW]"
[LOG] 2026-06-02T15:41:02.793Z - [WebSocket] Message Event Received in minik: [emote:37226:KEKW]
[LOG] 2026-06-02T15:41:02.793Z - [AutoMod] DEBUG: Checking banned words for user ilker4444, words count: 0, content: "[emote:37226:KEKW]"
[LOG] 2026-06-02T15:41:05.397Z - [WebSocket] Message Event Received in minik: [emote:37226:KEKW]
[LOG] 2026-06-02T15:41:05.397Z - [AutoMod] DEBUG: Checking banned words for user ilker4444, words count: 0, content: "[emote:37226:KEKW]"
[LOG] 2026-06-02T15:41:05.921Z - [WebSocket] Message Event Received in minik: [emote:37227:LULW]
[LOG] 2026-06-02T15:41:05.921Z - [AutoMod] DEBUG: Checking banned words for user ilker4444, words count: 0, content: "[emote:37227:LULW]"
[LOG] 2026-06-02T15:41:06.185Z - [WebSocket] Message Event Received in ahmetturku: [emote:37226:KEKW]
[LOG] 2026-06-02T15:41:06.185Z - [AutoMod] DEBUG: Checking banned words for user ilker4444, words count: 0, content: "[emote:37226:KEKW]"
[LOG] 2026-06-02T15:41:06.370Z - [WebSocket] Message Event Received in minik: [emote:37226:KEKW]
[LOG] 2026-06-02T15:41:06.370Z - [AutoMod] DEBUG: Checking banned words for user ilker4444, words count: 0, content: "[emote:37226:KEKW]"
[LOG] 2026-06-02T15:41:07.339Z - [WebSocket] Message Event Received in minik: [emote:37226:KEKW]
[LOG] 2026-06-02T15:41:07.339Z - [AutoMod] DEBUG: Checking banned words for user ilker4444, words count: 0, content: "[emote:37226:KEKW]"
[LOG] 2026-06-02T15:41:10.110Z - [WebSocket] Message Event Received in minik: [emote:37226:KEKW]
[LOG] 2026-06-02T15:41:10.110Z - [AutoMod] DEBUG: Checking banned words for user ilker4444, words count: 0, content: "[emote:37226:KEKW]"
[LOG] 2026-06-02T15:41:11.148Z - [WebSocket] Message Event Received in minik: oynak biraz
[LOG] 2026-06-02T15:41:11.148Z - [AutoMod] DEBUG: Checking banned words for user ilker4444, words count: 0, content: "oynak biraz"
[LOG] 2026-06-02T15:41:11.356Z - [WebSocket] Message Event Received in minik: [emote:37226:KEKW]
[LOG] 2026-06-02T15:41:11.356Z - [AutoMod] DEBUG: Checking banned words for user ilker4444, words count: 0, content: "[emote:37226:KEKW]"
[LOG] 2026-06-02T15:41:11.384Z - [WebSocket] Message Event Received in ahmetturku: [emote:4148074:HYPERCLAP]
[LOG] 2026-06-02T15:41:11.384Z - [AutoMod] DEBUG: Checking banned words for user ilker4444, words count: 0, content: "[emote:4148074:HYPERCLAP]"
[LOG] 2026-06-02T15:41:11.864Z - [WebSocket] Message Event Received in minik: [emote:39251:beeBobble]
[LOG] 2026-06-02T15:41:11.864Z - [AutoMod] DEBUG: Checking banned words for user ilker4444, words count: 0, content: "[emote:39251:beeBobble]"
[LOG] 2026-06-02T15:41:14.056Z - [WebSocket] Message Event Received in minik: [emote:39251:beeBobble]
[LOG] 2026-06-02T15:41:14.056Z - [AutoMod] DEBUG: Checking banned words for user ilker4444, words count: 0, content: "[emote:39251:beeBobble]"
[LOG] 2026-06-02T15:41:14.176Z - [WebSocket] Message Event Received in ahmetturku: [emote:37226:KEKW]
[LOG] 2026-06-02T15:41:14.176Z - [AutoMod] DEBUG: Checking banned words for user ilker4444, words count: 0, content: "[emote:37226:KEKW]"
[LOG] 2026-06-02T15:41:15.176Z - [WebSocket] Message Event Received in minik: [emote:39251:beeBobble]
[LOG] 2026-06-02T15:41:15.176Z - [AutoMod] DEBUG: Checking banned words for user ilker4444, words count: 0, content: "[emote:39251:beeBobble]"
[LOG] 2026-06-02T15:41:15.459Z - [WebSocket] Message Event Received in minik: [emote:5003485:minikdans]
[LOG] 2026-06-02T15:41:15.459Z - [AutoMod] DEBUG: Checking banned words for user ilker4444, words count: 0, content: "[emote:5003485:minikdans]"
[LOG] 2026-06-02T15:41:16.032Z - [WebSocket] Message Event Received in minik: [emote:37226:KEKW]
[LOG] 2026-06-02T15:41:16.032Z - [AutoMod] DEBUG: Checking banned words for user ilker4444, words count: 0, content: "[emote:37226:KEKW]"
[LOG] 2026-06-02T15:41:16.587Z - [WebSocket] Message Event Received in minik: [emote:37226:KEKW]
[LOG] 2026-06-02T15:41:16.587Z - [AutoMod] DEBUG: Checking banned words for user ilker4444, words count: 0, content: "[emote:37226:KEKW]"
[LOG] 2026-06-02T15:41:17.472Z - [WebSocket] Message Event Received in ahmetturku: [emote:37226:KEKW]
[LOG] 2026-06-02T15:41:17.472Z - [AutoMod] DEBUG: Checking banned words for user ilker4444, words count: 0, content: "[emote:37226:KEKW]"
[LOG] 2026-06-02T15:41:17.492Z - [WebSocket] Message Event Received in minik: [emote:37226:KEKW]
[LOG] 2026-06-02T15:41:17.492Z - [AutoMod] DEBUG: Checking banned words for user ilker4444, words count: 0, content: "[emote:37226:KEKW]"
[LOG] 2026-06-02T15:41:17.508Z - [WebSocket] Message Event Received in minik: VİBRATÖR YİYOR ARABA
[LOG] 2026-06-02T15:41:17.508Z - [AutoMod] DEBUG: Checking banned words for user ilker4444, words count: 0, content: "VİBRATÖR YİYOR ARABA"
[LOG] 2026-06-02T15:41:18.348Z - [WebSocket] Message Event Received in eray: bu seviye neye göre belirleniyor
[LOG] 2026-06-02T15:41:18.348Z - [AutoMod] DEBUG: Checking banned words for user Riadein, words count: 25, content: "bu seviye neye göre belirleniyor"
[LOG] 2026-06-02T15:41:19.213Z - [WebSocket] Message Event Received in minik: Hapis rpsi hoşgeldi
[LOG] 2026-06-02T15:41:19.213Z - [AutoMod] DEBUG: Checking banned words for user ilker4444, words count: 0, content: "Hapis rpsi hoşgeldi"
[LOG] 2026-06-02T15:41:19.786Z - [WebSocket] Message Event Received in minik: [emote:37226:KEKW]
[LOG] 2026-06-02T15:41:19.786Z - [AutoMod] DEBUG: Checking banned words for user ilker4444, words count: 0, content: "[emote:37226:KEKW]"
[LOG] 2026-06-02T15:41:20.686Z - [WebSocket] Message Event Received in minik: [emote:39251:beeBobble]
[LOG] 2026-06-02T15:41:20.687Z - [AutoMod] DEBUG: Checking banned words for user ilker4444, words count: 0, content: "[emote:39251:beeBobble]"
[LOG] 2026-06-02T15:41:20.810Z - [WebSocket] Message Event Received in minik: [emote:1730769:emojiDJ]
[LOG] 2026-06-02T15:41:20.810Z - [AutoMod] DEBUG: Checking banned words for user ilker4444, words count: 0, content: "[emote:1730769:emojiDJ]"
[LOG] 2026-06-02T15:41:21.530Z - [WebSocket] Message Event Received in minik: [emote:4148074:HYPERCLAP]
[LOG] 2026-06-02T15:41:21.530Z - [AutoMod] DEBUG: Checking banned words for user ilker4444, words count: 0, content: "[emote:4148074:HYPERCLAP]"
[LOG] 2026-06-02T15:41:21.722Z - [WebSocket] Message Event Received in minik: [emote:39251:beeBobble]
[LOG] 2026-06-02T15:41:21.722Z - [AutoMod] DEBUG: Checking banned words for user ilker4444, words count: 0, content: "[emote:39251:beeBobble]"
[LOG] 2026-06-02T15:41:22.479Z - [WebSocket] Message Event Received in ahmetturku: onealakaq
[LOG] 2026-06-02T15:41:22.479Z - [AutoMod] DEBUG: Checking banned words for user ilker4444, words count: 0, content: "onealakaq"
[LOG] 2026-06-02T15:41:22.581Z - [WebSocket] Message Event Received in ahmetturku: [emote:37226:KEKW]
[LOG] 2026-06-02T15:41:22.581Z - [AutoMod] DEBUG: Checking banned words for user ilker4444, words count: 0, content: "[emote:37226:KEKW]"
[LOG] 2026-06-02T15:41:22.717Z - [WebSocket] Message Event Received in minik: [emote:37226:KEKW]
[LOG] 2026-06-02T15:41:22.717Z - [AutoMod] DEBUG: Checking banned words for user ilker4444, words count: 0, content: "[emote:37226:KEKW]"
[LOG] 2026-06-02T15:41:22.757Z - [WebSocket] Message Event Received in minik: [emote:37221:EZ]
[LOG] 2026-06-02T15:41:22.757Z - [AutoMod] DEBUG: Checking banned words for user ilker4444, words count: 0, content: "[emote:37221:EZ]"
[LOG] 2026-06-02T15:41:25.893Z - [WebSocket] Message Event Received in minik: [emote:37226:KEKW]
[LOG] 2026-06-02T15:41:25.893Z - [AutoMod] DEBUG: Checking banned words for user ilker4444, words count: 0, content: "[emote:37226:KEKW]"
[LOG] 2026-06-02T15:41:26.778Z - [WebSocket] Message Event Received in minik: [emote:37226:KEKW]
[LOG] 2026-06-02T15:41:26.778Z - [AutoMod] DEBUG: Checking banned words for user ilker4444, words count: 0, content: "[emote:37226:KEKW]"
[LOG] 2026-06-02T15:41:27.371Z - [WebSocket] Message Event Received in minik: [emote:37226:KEKW]
[LOG] 2026-06-02T15:41:27.371Z - [AutoMod] DEBUG: Checking banned words for user ilker4444, words count: 0, content: "[emote:37226:KEKW]"
[LOG] 2026-06-02T15:41:28.085Z - [WebSocket] Message Event Received in eray: izlediğin yyaın saatine
[LOG] 2026-06-02T15:41:28.085Z - [AutoMod] DEBUG: Checking banned words for user Riadein, words count: 25, content: "izlediğin yyaın saatine"
[LOG] 2026-06-02T15:41:33.980Z - [MongoDB] Veritabanına başarıyla bağlanıldı.
[LOG] 2026-06-02T15:41:34.470Z - [Store] Veritabanından veriler başarıyla yüklendi.
[LOG] 2026-06-02T15:41:34.477Z - Kick AutoMod server running on http://localhost:3000
[LOG] 2026-06-02T15:41:34.477Z - Make sure to set KICK_CLIENT_ID and KICK_CLIENT_SECRET in .env
[LOG] 2026-06-02T15:41:35.165Z - [WebSocket] Connected to Kick Pusher
[LOG] 2026-06-02T15:41:35.329Z - [WebSocket] Subscribed to ilker4444 (chatroom: 24751395)
[LOG] 2026-06-02T15:41:35.330Z - [WebSocket] Subscribed to riadein (chatroom: 25316906)
[LOG] 2026-06-02T15:41:35.330Z - [WebSocket] Subscribed to eray (chatroom: 10181332)
[LOG] 2026-06-02T15:41:35.331Z - [WebSocket] Subscribed to ahmetturku (chatroom: 29869434)
[LOG] 2026-06-02T15:41:35.331Z - [WebSocket] Subscribed to minik (chatroom: 24752062)
[LOG] 2026-06-02T15:41:35.740Z - [WebSocket] Message Event Received in minik: [emote:37227:LULW]
[LOG] 2026-06-02T15:41:35.741Z - [AutoMod] DEBUG: Checking banned words for user ilker4444, words count: 0, content: "[emote:37227:LULW]"
[LOG] 2026-06-02T15:41:37.082Z - [WebSocket] Message Event Received in ahmetturku: [emote:37226:KEKW]
[LOG] 2026-06-02T15:41:37.082Z - [AutoMod] DEBUG: Checking banned words for user ilker4444, words count: 0, content: "[emote:37226:KEKW]"
[LOG] 2026-06-02T15:41:37.559Z - [WebSocket] Message Event Received in ahmetturku: çok zorlarsan petrol çıkar
[LOG] 2026-06-02T15:41:37.559Z - [AutoMod] DEBUG: Checking banned words for user ilker4444, words count: 0, content: "çok zorlarsan petrol çıkar"
[LOG] 2026-06-02T15:41:41.684Z - [WebSocket] Message Event Received in minik: [emote:39251:beeBobble]
[LOG] 2026-06-02T15:41:41.684Z - [AutoMod] DEBUG: Checking banned words for user ilker4444, words count: 0, content: "[emote:39251:beeBobble]"
[LOG] 2026-06-02T15:41:42.981Z - [WebSocket] Message Event Received in minik: BEN COK UNLUYUM
[LOG] 2026-06-02T15:41:42.981Z - [AutoMod] DEBUG: Checking banned words for user ilker4444, words count: 0, content: "BEN COK UNLUYUM"
[LOG] 2026-06-02T15:41:44.420Z - [WebSocket] Message Event Received in ahmetturku: [emote:37226:KEKW]
[LOG] 2026-06-02T15:41:44.420Z - [AutoMod] DEBUG: Checking banned words for user ilker4444, words count: 0, content: "[emote:37226:KEKW]"
[LOG] 2026-06-02T15:41:45.168Z - [WebSocket] Message Event Received in eray: ölümüne mi izleidn 9 lvl ney la
[LOG] 2026-06-02T15:41:45.168Z - [AutoMod] DEBUG: Checking banned words for user Riadein, words count: 25, content: "ölümüne mi izleidn 9 lvl ney la"
[LOG] 2026-06-02T15:41:47.565Z - [WebSocket] Message Event Received in minik: [emote:37227:LULW]
[LOG] 2026-06-02T15:41:47.565Z - [AutoMod] DEBUG: Checking banned words for user ilker4444, words count: 0, content: "[emote:37227:LULW]"
[LOG] 2026-06-02T15:41:48.078Z - [WebSocket] Message Event Received in ahmetturku: [emote:37226:KEKW]
[LOG] 2026-06-02T15:41:48.078Z - [AutoMod] DEBUG: Checking banned words for user ilker4444, words count: 0, content: "[emote:37226:KEKW]"
[LOG] 2026-06-02T15:41:48.211Z - [WebSocket] Message Event Received in minik: [emote:37226:KEKW]
[LOG] 2026-06-02T15:41:48.211Z - [AutoMod] DEBUG: Checking banned words for user ilker4444, words count: 0, content: "[emote:37226:KEKW]"
[LOG] 2026-06-02T15:41:50.665Z - [WebSocket] Message Event Received in ahmetturku: [emote:37226:KEKW]
[LOG] 2026-06-02T15:41:50.666Z - [AutoMod] DEBUG: Checking banned words for user ilker4444, words count: 0, content: "[emote:37226:KEKW]"
[LOG] 2026-06-02T15:41:50.700Z - [WebSocket] Message Event Received in minik: [emote:39251:beeBobble]
[LOG] 2026-06-02T15:41:50.700Z - [AutoMod] DEBUG: Checking banned words for user ilker4444, words count: 0, content: "[emote:39251:beeBobble]"
[LOG] 2026-06-02T15:41:51.201Z - [WebSocket] Message Event Received in minik: [emote:37226:KEKW]
[LOG] 2026-06-02T15:41:51.201Z - [AutoMod] DEBUG: Checking banned words for user ilker4444, words count: 0, content: "[emote:37226:KEKW]"
[LOG] 2026-06-02T15:41:51.240Z - [WebSocket] Message Event Received in ahmetturku: [emote:37226:KEKW]
[LOG] 2026-06-02T15:41:51.241Z - [AutoMod] DEBUG: Checking banned words for user ilker4444, words count: 0, content: "[emote:37226:KEKW]"
[LOG] 2026-06-02T15:41:51.655Z - [WebSocket] Message Event Received in ahmetturku: [emote:37226:KEKW]
[LOG] 2026-06-02T15:41:51.655Z - [AutoMod] DEBUG: Checking banned words for user ilker4444, words count: 0, content: "[emote:37226:KEKW]"
[LOG] 2026-06-02T15:41:52.218Z - [WebSocket] Message Event Received in ahmetturku: [emote:37226:KEKW]
[LOG] 2026-06-02T15:41:52.218Z - [AutoMod] DEBUG: Checking banned words for user ilker4444, words count: 0, content: "[emote:37226:KEKW]"
[LOG] 2026-06-02T15:41:52.588Z - [WebSocket] Message Event Received in minik: [emote:39251:beeBobble]
[LOG] 2026-06-02T15:41:52.588Z - [AutoMod] DEBUG: Checking banned words for user ilker4444, words count: 0, content: "[emote:39251:beeBobble]"
[LOG] 2026-06-02T15:41:53.179Z - [WebSocket] Message Event Received in ahmetturku: w barboros
[LOG] 2026-06-02T15:41:53.179Z - [AutoMod] DEBUG: Checking banned words for user ilker4444, words count: 0, content: "w barboros"
[LOG] 2026-06-02T15:41:53.336Z - [WebSocket] Message Event Received in ahmetturku: [emote:37226:KEKW]
[LOG] 2026-06-02T15:41:53.336Z - [AutoMod] DEBUG: Checking banned words for user ilker4444, words count: 0, content: "[emote:37226:KEKW]"
[LOG] 2026-06-02T15:41:53.645Z - [WebSocket] Message Event Received in ahmetturku: [emote:37226:KEKW]
[LOG] 2026-06-02T15:41:53.645Z - [AutoMod] DEBUG: Checking banned words for user ilker4444, words count: 0, content: "[emote:37226:KEKW]"
[LOG] 2026-06-02T15:41:54.929Z - [WebSocket] Message Event Received in ahmetturku: [emote:37226:KEKW]
[LOG] 2026-06-02T15:41:54.929Z - [AutoMod] DEBUG: Checking banned words for user ilker4444, words count: 0, content: "[emote:37226:KEKW]"
[LOG] 2026-06-02T15:41:54.930Z - [WebSocket] Message Event Received in eray: arkada açık kalmış ya
[LOG] 2026-06-02T15:41:54.930Z - [AutoMod] DEBUG: Checking banned words for user Riadein, words count: 25, content: "arkada açık kalmış ya"
[LOG] 2026-06-02T15:41:55.258Z - [WebSocket] Message Event Received in ahmetturku: [emote:37226:KEKW]
[LOG] 2026-06-02T15:41:55.258Z - [AutoMod] DEBUG: Checking banned words for user ilker4444, words count: 0, content: "[emote:37226:KEKW]"
[LOG] 2026-06-02T15:41:55.529Z - [WebSocket] Message Event Received in minik: [emote:39251:beeBobble]
[LOG] 2026-06-02T15:41:55.529Z - [AutoMod] DEBUG: Checking banned words for user ilker4444, words count: 0, content: "[emote:39251:beeBobble]"
[LOG] 2026-06-02T15:41:55.995Z - [WebSocket] Message Event Received in ahmetturku: [emote:37226:KEKW]
[LOG] 2026-06-02T15:41:55.995Z - [AutoMod] DEBUG: Checking banned words for user ilker4444, words count: 0, content: "[emote:37226:KEKW]"
[LOG] 2026-06-02T15:41:56.574Z - [WebSocket] Message Event Received in minik: [emote:37226:KEKW]
[LOG] 2026-06-02T15:41:56.574Z - [AutoMod] DEBUG: Checking banned words for user ilker4444, words count: 0, content: "[emote:37226:KEKW]"
[LOG] 2026-06-02T15:41:56.744Z - [WebSocket] Message Event Received in minik: c tuşu kır artık
[LOG] 2026-06-02T15:41:56.744Z - [AutoMod] DEBUG: Checking banned words for user ilker4444, words count: 0, content: "c tuşu kır artık"
[LOG] 2026-06-02T15:41:57.154Z - [WebSocket] Message Event Received in minik: dantenın trıckelrı lazım bugunki
[LOG] 2026-06-02T15:41:57.154Z - [AutoMod] DEBUG: Checking banned words for user ilker4444, words count: 0, content: "dantenın trıckelrı lazım bugunki"
[LOG] 2026-06-02T15:41:57.697Z - [WebSocket] Message Event Received in ahmetturku: DSAHNDUADAASDASD
[LOG] 2026-06-02T15:41:57.697Z - [AutoMod] DEBUG: Checking banned words for user ilker4444, words count: 0, content: "DSAHNDUADAASDASD"
[LOG] 2026-06-02T15:41:58.624Z - [WebSocket] Message Event Received in minik: [emote:39251:beeBobble]
[LOG] 2026-06-02T15:41:58.624Z - [AutoMod] DEBUG: Checking banned words for user ilker4444, words count: 0, content: "[emote:39251:beeBobble]"
[LOG] 2026-06-02T15:41:59.697Z - [WebSocket] Message Event Received in ahmetturku: [emote:37226:KEKW]
[LOG] 2026-06-02T15:41:59.697Z - [AutoMod] DEBUG: Checking banned words for user ilker4444, words count: 0, content: "[emote:37226:KEKW]"
[LOG] 2026-06-02T15:41:59.779Z - [WebSocket] Message Event Received in ahmetturku: [emote:37226:KEKW]
[LOG] 2026-06-02T15:41:59.780Z - [AutoMod] DEBUG: Checking banned words for user ilker4444, words count: 0, content: "[emote:37226:KEKW]"
[LOG] 2026-06-02T15:42:00.573Z - [WebSocket] Message Event Received in ahmetturku: [emote:37226:KEKW]
[LOG] 2026-06-02T15:42:00.573Z - [AutoMod] DEBUG: Checking banned words for user ilker4444, words count: 0, content: "[emote:37226:KEKW]"
[LOG] 2026-06-02T15:42:01.018Z - [WebSocket] Message Event Received in minik: [emote:39251:beeBobble]
[LOG] 2026-06-02T15:42:01.018Z - [AutoMod] DEBUG: Checking banned words for user ilker4444, words count: 0, content: "[emote:39251:beeBobble]"
[LOG] 2026-06-02T15:42:01.244Z - [WebSocket] Message Event Received in ahmetturku: [emote:37226:KEKW]
[LOG] 2026-06-02T15:42:01.244Z - [AutoMod] DEBUG: Checking banned words for user ilker4444, words count: 0, content: "[emote:37226:KEKW]"
[LOG] 2026-06-02T15:42:03.357Z - [WebSocket] Message Event Received in minik: [emote:39251:beeBobble]
[LOG] 2026-06-02T15:42:03.357Z - [AutoMod] DEBUG: Checking banned words for user ilker4444, words count: 0, content: "[emote:39251:beeBobble]"
[LOG] 2026-06-02T15:42:05.135Z - [WebSocket] Message Event Received in ahmetturku: [emote:37226:KEKW]
[LOG] 2026-06-02T15:42:05.135Z - [AutoMod] DEBUG: Checking banned words for user ilker4444, words count: 0, content: "[emote:37226:KEKW]"
[LOG] 2026-06-02T15:42:05.552Z - [WebSocket] Message Event Received in ahmetturku: [emote:37226:KEKW]
[LOG] 2026-06-02T15:42:05.552Z - [AutoMod] DEBUG: Checking banned words for user ilker4444, words count: 0, content: "[emote:37226:KEKW]"
[LOG] 2026-06-02T15:42:05.712Z - [WebSocket] Message Event Received in ahmetturku: [emote:37226:KEKW]
[LOG] 2026-06-02T15:42:05.712Z - [AutoMod] DEBUG: Checking banned words for user ilker4444, words count: 0, content: "[emote:37226:KEKW]"
[LOG] 2026-06-02T15:42:05.923Z - [WebSocket] Message Event Received in ahmetturku: [emote:37226:KEKW]
[LOG] 2026-06-02T15:42:05.923Z - [AutoMod] DEBUG: Checking banned words for user ilker4444, words count: 0, content: "[emote:37226:KEKW]"
[LOG] 2026-06-02T15:42:06.643Z - [WebSocket] Message Event Received in ahmetturku: asdasdaşlsdöasildömasişdasdşiasdas
[LOG] 2026-06-02T15:42:06.643Z - [AutoMod] DEBUG: Checking banned words for user ilker4444, words count: 0, content: "asdasdaşlsdöasildömasişdasdşiasdas"
[LOG] 2026-06-02T15:42:06.698Z - [WebSocket] Message Event Received in ahmetturku: [emote:37226:KEKW]
[LOG] 2026-06-02T15:42:06.698Z - [AutoMod] DEBUG: Checking banned words for user ilker4444, words count: 0, content: "[emote:37226:KEKW]"
[LOG] 2026-06-02T15:42:06.881Z - [WebSocket] Message Event Received in minik: [emote:39251:beeBobble]
[LOG] 2026-06-02T15:42:06.881Z - [AutoMod] DEBUG: Checking banned words for user ilker4444, words count: 0, content: "[emote:39251:beeBobble]"
[LOG] 2026-06-02T15:42:07.424Z - [WebSocket] Message Event Received in ahmetturku: [emote:37226:KEKW]
[LOG] 2026-06-02T15:42:07.424Z - [AutoMod] DEBUG: Checking banned words for user ilker4444, words count: 0, content: "[emote:37226:KEKW]"
[LOG] 2026-06-02T15:42:07.467Z - [WebSocket] Message Event Received in ahmetturku: [emote:37226:KEKW]
[LOG] 2026-06-02T15:42:07.467Z - [AutoMod] DEBUG: Checking banned words for user ilker4444, words count: 0, content: "[emote:37226:KEKW]"
[LOG] 2026-06-02T15:42:07.713Z - [WebSocket] Message Event Received in eray: he eyw o zaman
[LOG] 2026-06-02T15:42:07.713Z - [AutoMod] DEBUG: Checking banned words for user Riadein, words count: 25, content: "he eyw o zaman"
[LOG] 2026-06-02T15:42:07.734Z - [WebSocket] Message Event Received in ahmetturku: [emote:37226:KEKW]
[LOG] 2026-06-02T15:42:07.734Z - [AutoMod] DEBUG: Checking banned words for user ilker4444, words count: 0, content: "[emote:37226:KEKW]"
[LOG] 2026-06-02T15:42:07.936Z - [WebSocket] Message Event Received in minik: [emote:4148074:HYPERCLAP]
[LOG] 2026-06-02T15:42:07.937Z - [AutoMod] DEBUG: Checking banned words for user ilker4444, words count: 0, content: "[emote:4148074:HYPERCLAP]"
[LOG] 2026-06-02T15:42:08.043Z - [WebSocket] Message Event Received in ahmetturku: [emote:4148076:HaHaa][emote:37226:KEKW]
[LOG] 2026-06-02T15:42:08.043Z - [AutoMod] DEBUG: Checking banned words for user ilker4444, words count: 0, content: "[emote:4148076:HaHaa][emote:37226:KEKW]"
[LOG] 2026-06-02T15:42:08.067Z - [WebSocket] Message Event Received in ahmetturku: [emote:37226:KEKW]
[LOG] 2026-06-02T15:42:08.067Z - [AutoMod] DEBUG: Checking banned words for user ilker4444, words count: 0, content: "[emote:37226:KEKW]"
[LOG] 2026-06-02T15:42:08.159Z - [WebSocket] Message Event Received in ahmetturku: [emote:37226:KEKW]
[LOG] 2026-06-02T15:42:08.160Z - [AutoMod] DEBUG: Checking banned words for user ilker4444, words count: 0, content: "[emote:37226:KEKW]"
[LOG] 2026-06-02T15:42:08.599Z - [WebSocket] Message Event Received in ahmetturku: [emote:5565231:ahmetturkuhaha]
[LOG] 2026-06-02T15:42:08.599Z - [AutoMod] DEBUG: Checking banned words for user ilker4444, words count: 0, content: "[emote:5565231:ahmetturkuhaha]"
[LOG] 2026-06-02T15:42:08.803Z - [WebSocket] Message Event Received in minik: [emote:37226:KEKW]
[LOG] 2026-06-02T15:42:08.803Z - [AutoMod] DEBUG: Checking banned words for user ilker4444, words count: 0, content: "[emote:37226:KEKW]"
[LOG] 2026-06-02T15:42:08.912Z - [WebSocket] Message Event Received in ahmetturku: [emote:37226:KEKW]
[LOG] 2026-06-02T15:42:08.912Z - [AutoMod] DEBUG: Checking banned words for user ilker4444, words count: 0, content: "[emote:37226:KEKW]"
[LOG] 2026-06-02T15:42:08.961Z - [WebSocket] Message Event Received in minik: [emote:37226:KEKW]
[LOG] 2026-06-02T15:42:08.961Z - [AutoMod] DEBUG: Checking banned words for user ilker4444, words count: 0, content: "[emote:37226:KEKW]"
[LOG] 2026-06-02T15:42:09.229Z - [WebSocket] Message Event Received in ahmetturku: [emote:37226:KEKW]
[LOG] 2026-06-02T15:42:09.229Z - [AutoMod] DEBUG: Checking banned words for user ilker4444, words count: 0, content: "[emote:37226:KEKW]"
[LOG] 2026-06-02T15:42:09.335Z - [WebSocket] Message Event Received in ahmetturku: [emote:37226:KEKW]
[LOG] 2026-06-02T15:42:09.335Z - [AutoMod] DEBUG: Checking banned words for user ilker4444, words count: 0, content: "[emote:37226:KEKW]"
[LOG] 2026-06-02T15:42:10.015Z - [WebSocket] Message Event Received in minik: [emote:37226:KEKW]
[LOG] 2026-06-02T15:42:10.015Z - [AutoMod] DEBUG: Checking banned words for user ilker4444, words count: 0, content: "[emote:37226:KEKW]"
[LOG] 2026-06-02T15:42:10.134Z - [WebSocket] Message Event Received in minik: [emote:37226:KEKW]
[LOG] 2026-06-02T15:42:10.135Z - [AutoMod] DEBUG: Checking banned words for user ilker4444, words count: 0, content: "[emote:37226:KEKW]"
[LOG] 2026-06-02T15:42:10.208Z - [WebSocket] Message Event Received in ahmetturku: [emote:37226:KEKW]
[LOG] 2026-06-02T15:42:10.208Z - [AutoMod] DEBUG: Checking banned words for user ilker4444, words count: 0, content: "[emote:37226:KEKW]"
[LOG] 2026-06-02T15:42:10.277Z - [WebSocket] Message Event Received in ahmetturku: [emote:37226:KEKW]
[LOG] 2026-06-02T15:42:10.277Z - [AutoMod] DEBUG: Checking banned words for user ilker4444, words count: 0, content: "[emote:37226:KEKW]"
[LOG] 2026-06-02T15:42:10.284Z - [WebSocket] Message Event Received in minik: [emote:37226:KEKW]
[LOG] 2026-06-02T15:42:10.284Z - [AutoMod] DEBUG: Checking banned words for user ilker4444, words count: 0, content: "[emote:37226:KEKW]"
[LOG] 2026-06-02T15:42:10.645Z - [WebSocket] Message Event Received in minik: [emote:37226:KEKW]
[LOG] 2026-06-02T15:42:10.645Z - [AutoMod] DEBUG: Checking banned words for user ilker4444, words count: 0, content: "[emote:37226:KEKW]"
[LOG] 2026-06-02T15:42:10.717Z - [WebSocket] Message Event Received in minik: [emote:37226:KEKW]
[LOG] 2026-06-02T15:42:10.717Z - [AutoMod] DEBUG: Checking banned words for user ilker4444, words count: 0, content: "[emote:37226:KEKW]"
[LOG] 2026-06-02T15:42:11.576Z - [WebSocket] Message Event Received in minik: öyle bi araba varsa
[LOG] 2026-06-02T15:42:11.576Z - [AutoMod] DEBUG: Checking banned words for user ilker4444, words count: 0, content: "öyle bi araba varsa"
[LOG] 2026-06-02T15:42:11.981Z - [WebSocket] Message Event Received in minik: [emote:37226:KEKW]
[LOG] 2026-06-02T15:42:11.982Z - [AutoMod] DEBUG: Checking banned words for user ilker4444, words count: 0, content: "[emote:37226:KEKW]"
[LOG] 2026-06-02T15:42:12.449Z - [WebSocket] Message Event Received in minik: [emote:37226:KEKW]
[LOG] 2026-06-02T15:42:12.449Z - [AutoMod] DEBUG: Checking banned words for user ilker4444, words count: 0, content: "[emote:37226:KEKW]"
[LOG] 2026-06-02T15:42:12.516Z - [WebSocket] Message Event Received in minik: [emote:37227:LULW]
[LOG] 2026-06-02T15:42:12.516Z - [AutoMod] DEBUG: Checking banned words for user ilker4444, words count: 0, content: "[emote:37227:LULW]"
[LOG] 2026-06-02T15:42:12.614Z - [WebSocket] Message Event Received in minik: şu c yi nolur çıkar amk
[LOG] 2026-06-02T15:42:12.615Z - [AutoMod] DEBUG: Checking banned words for user ilker4444, words count: 0, content: "şu c yi nolur çıkar amk"
[LOG] 2026-06-02T15:42:12.764Z - [WebSocket] Message Event Received in minik: [emote:37226:KEKW]
[LOG] 2026-06-02T15:42:12.764Z - [AutoMod] DEBUG: Checking banned words for user ilker4444, words count: 0, content: "[emote:37226:KEKW]"
[LOG] 2026-06-02T15:42:13.112Z - [WebSocket] Message Event Received in minik: [emote:37226:KEKW]
[LOG] 2026-06-02T15:42:13.112Z - [AutoMod] DEBUG: Checking banned words for user ilker4444, words count: 0, content: "[emote:37226:KEKW]"
[LOG] 2026-06-02T15:42:13.290Z - [WebSocket] Message Event Received in minik: [emote:37226:KEKW]
[LOG] 2026-06-02T15:42:13.290Z - [AutoMod] DEBUG: Checking banned words for user ilker4444, words count: 0, content: "[emote:37226:KEKW]"
[LOG] 2026-06-02T15:42:13.408Z - [WebSocket] Message Event Received in minik: [emote:39251:beeBobble]
[LOG] 2026-06-02T15:42:13.408Z - [AutoMod] DEBUG: Checking banned words for user ilker4444, words count: 0, content: "[emote:39251:beeBobble]"
[LOG] 2026-06-02T15:42:13.526Z - [WebSocket] Message Event Received in minik: [emote:37226:KEKW]
[LOG] 2026-06-02T15:42:13.527Z - [AutoMod] DEBUG: Checking banned words for user ilker4444, words count: 0, content: "[emote:37226:KEKW]"
[LOG] 2026-06-02T15:42:13.562Z - [WebSocket] Message Event Received in minik: [emote:37226:KEKW]
[LOG] 2026-06-02T15:42:13.562Z - [AutoMod] DEBUG: Checking banned words for user ilker4444, words count: 0, content: "[emote:37226:KEKW]"
[LOG] 2026-06-02T15:42:13.956Z - [WebSocket] Message Event Received in minik: [emote:4148074:HYPERCLAP]
[LOG] 2026-06-02T15:42:13.956Z - [AutoMod] DEBUG: Checking banned words for user ilker4444, words count: 0, content: "[emote:4148074:HYPERCLAP]"
[LOG] 2026-06-02T15:42:14.010Z - [WebSocket] Message Event Received in minik: [emote:37226:KEKW]
[LOG] 2026-06-02T15:42:14.010Z - [AutoMod] DEBUG: Checking banned words for user ilker4444, words count: 0, content: "[emote:37226:KEKW]"
[LOG] 2026-06-02T15:42:14.727Z - [WebSocket] Message Event Received in minik: [emote:37226:KEKW]
[LOG] 2026-06-02T15:42:14.728Z - [AutoMod] DEBUG: Checking banned words for user ilker4444, words count: 0, content: "[emote:37226:KEKW]"
[LOG] 2026-06-02T15:42:14.886Z - [WebSocket] Message Event Received in ahmetturku: [emote:37226:KEKW]
[LOG] 2026-06-02T15:42:14.886Z - [AutoMod] DEBUG: Checking banned words for user ilker4444, words count: 0, content: "[emote:37226:KEKW]"
[LOG] 2026-06-02T15:42:15.087Z - [WebSocket] Message Event Received in minik: [emote:37226:KEKW]
[LOG] 2026-06-02T15:42:15.087Z - [AutoMod] DEBUG: Checking banned words for user ilker4444, words count: 0, content: "[emote:37226:KEKW]"
[LOG] 2026-06-02T15:42:15.293Z - [WebSocket] Message Event Received in minik: [emote:37226:KEKW]
[LOG] 2026-06-02T15:42:15.293Z - [AutoMod] DEBUG: Checking banned words for user ilker4444, words count: 0, content: "[emote:37226:KEKW]"
[LOG] 2026-06-02T15:42:15.889Z - [WebSocket] Message Event Received in ahmetturku: [emote:37226:KEKW]
[LOG] 2026-06-02T15:42:15.889Z - [AutoMod] DEBUG: Checking banned words for user ilker4444, words count: 0, content: "[emote:37226:KEKW]"
[LOG] 2026-06-02T15:42:16.747Z - [WebSocket] Message Event Received in minik: [emote:37226:KEKW]
[LOG] 2026-06-02T15:42:16.748Z - [AutoMod] DEBUG: Checking banned words for user ilker4444, words count: 0, content: "[emote:37226:KEKW]"
[LOG] 2026-06-02T15:42:16.802Z - [WebSocket] Message Event Received in minik: İHCACİGQJCHQHKCQCHİCWİHİCHAİXGAXGİAGİXİAGCCHİAGİCAGİCACİGAİXGACİGCGİA
[LOG] 2026-06-02T15:42:16.803Z - [AutoMod] DEBUG: Checking banned words for user ilker4444, words count: 0, content: "İHCACİGQJCHQHKCQCHİCWİHİCHAİXGAXGİAGİXİAGCCHİAGİCA"
[LOG] 2026-06-02T15:42:17.250Z - [WebSocket] Message Event Received in ahmetturku: [emote:37226:KEKW]
[LOG] 2026-06-02T15:42:17.250Z - [AutoMod] DEBUG: Checking banned words for user ilker4444, words count: 0, content: "[emote:37226:KEKW]"
[LOG] 2026-06-02T15:42:18.159Z - [WebSocket] Message Event Received in minik: [emote:37226:KEKW]
[LOG] 2026-06-02T15:42:18.159Z - [AutoMod] DEBUG: Checking banned words for user ilker4444, words count: 0, content: "[emote:37226:KEKW]"
[LOG] 2026-06-02T15:42:18.333Z - [WebSocket] Message Event Received in ahmetturku: [emote:4147914:duckPls]
[LOG] 2026-06-02T15:42:18.333Z - [AutoMod] DEBUG: Checking banned words for user ilker4444, words count: 0, content: "[emote:4147914:duckPls]"
[LOG] 2026-06-02T15:42:19.018Z - [WebSocket] Message Event Received in minik: [emote:37226:KEKW]
[LOG] 2026-06-02T15:42:19.018Z - [AutoMod] DEBUG: Checking banned words for user ilker4444, words count: 0, content: "[emote:37226:KEKW]"
[LOG] 2026-06-02T15:42:19.497Z - [WebSocket] Message Event Received in ahmetturku: [emote:37226:KEKW]
[LOG] 2026-06-02T15:42:19.497Z - [AutoMod] DEBUG: Checking banned words for user ilker4444, words count: 0, content: "[emote:37226:KEKW]"
[LOG] 2026-06-02T15:42:19.719Z - [WebSocket] Message Event Received in minik: [emote:37227:LULW]
[LOG] 2026-06-02T15:42:19.719Z - [AutoMod] DEBUG: Checking banned words for user ilker4444, words count: 0, content: "[emote:37227:LULW]"
[LOG] 2026-06-02T15:42:19.795Z - [WebSocket] Message Event Received in minik: [emote:37226:KEKW]
[LOG] 2026-06-02T15:42:19.795Z - [AutoMod] DEBUG: Checking banned words for user ilker4444, words count: 0, content: "[emote:37226:KEKW]"
[LOG] 2026-06-02T15:42:20.599Z - [WebSocket] Message Event Received in minik: ŞFŞGŞSPDPGPEPWPDPF
[LOG] 2026-06-02T15:42:20.599Z - [AutoMod] DEBUG: Checking banned words for user ilker4444, words count: 0, content: "ŞFŞGŞSPDPGPEPWPDPF"
[LOG] 2026-06-02T15:42:21.041Z - [WebSocket] Message Event Received in minik: pit yersin yani
[LOG] 2026-06-02T15:42:21.041Z - [AutoMod] DEBUG: Checking banned words for user ilker4444, words count: 0, content: "pit yersin yani"
[LOG] 2026-06-02T15:42:21.179Z - [WebSocket] Message Event Received in ahmetturku: [emote:37226:KEKW]
[LOG] 2026-06-02T15:42:21.179Z - [AutoMod] DEBUG: Checking banned words for user ilker4444, words count: 0, content: "[emote:37226:KEKW]"
[LOG] 2026-06-02T15:42:21.626Z - [WebSocket] Message Event Received in ahmetturku: [emote:37226:KEKW]
[LOG] 2026-06-02T15:42:21.626Z - [AutoMod] DEBUG: Checking banned words for user ilker4444, words count: 0, content: "[emote:37226:KEKW]"
[LOG] 2026-06-02T15:42:22.144Z - [WebSocket] Message Event Received in ahmetturku: [emote:5565231:ahmetturkuhaha]
[LOG] 2026-06-02T15:42:22.145Z - [AutoMod] DEBUG: Checking banned words for user ilker4444, words count: 0, content: "[emote:5565231:ahmetturkuhaha]"
[LOG] 2026-06-02T15:42:22.492Z - [WebSocket] Message Event Received in minik: [emote:37226:KEKW]
[LOG] 2026-06-02T15:42:22.492Z - [AutoMod] DEBUG: Checking banned words for user ilker4444, words count: 0, content: "[emote:37226:KEKW]"
[LOG] 2026-06-02T15:42:22.845Z - [WebSocket] Message Event Received in ahmetturku: [emote:37226:KEKW]
[LOG] 2026-06-02T15:42:22.845Z - [AutoMod] DEBUG: Checking banned words for user ilker4444, words count: 0, content: "[emote:37226:KEKW]"
[LOG] 2026-06-02T15:42:22.941Z - [WebSocket] Message Event Received in ahmetturku: [emote:37226:KEKW]
[LOG] 2026-06-02T15:42:22.942Z - [AutoMod] DEBUG: Checking banned words for user ilker4444, words count: 0, content: "[emote:37226:KEKW]"
[LOG] 2026-06-02T15:42:24.125Z - [WebSocket] Message Event Received in ahmetturku: [emote:37226:KEKW]
[LOG] 2026-06-02T15:42:24.125Z - [AutoMod] DEBUG: Checking banned words for user ilker4444, words count: 0, content: "[emote:37226:KEKW]"
[LOG] 2026-06-02T15:42:24.923Z - [WebSocket] Message Event Received in ahmetturku: [emote:37226:KEKW]
[LOG] 2026-06-02T15:42:24.923Z - [AutoMod] DEBUG: Checking banned words for user ilker4444, words count: 0, content: "[emote:37226:KEKW]"
[LOG] 2026-06-02T15:42:25.963Z - [WebSocket] Message Event Received in minik: bura yakalanma iş
[LOG] 2026-06-02T15:42:25.963Z - [AutoMod] DEBUG: Checking banned words for user ilker4444, words count: 0, content: "bura yakalanma iş"
[LOG] 2026-06-02T15:42:26.538Z - [WebSocket] Message Event Received in ahmetturku: [emote:37226:KEKW]
[LOG] 2026-06-02T15:42:26.538Z - [AutoMod] DEBUG: Checking banned words for user ilker4444, words count: 0, content: "[emote:37226:KEKW]"
[LOG] 2026-06-02T15:42:26.911Z - [WebSocket] Message Event Received in minik: glentiste atlarki
[LOG] 2026-06-02T15:42:26.911Z - [AutoMod] DEBUG: Checking banned words for user ilker4444, words count: 0, content: "glentiste atlarki"
[LOG] 2026-06-02T15:42:27.200Z - [WebSocket] Message Event Received in ahmetturku: [emote:37226:KEKW]
[LOG] 2026-06-02T15:42:27.201Z - [AutoMod] DEBUG: Checking banned words for user ilker4444, words count: 0, content: "[emote:37226:KEKW]"
[LOG] 2026-06-02T15:42:27.214Z - [WebSocket] Message Event Received in minik: DSJKGHSDKLHGKLDSHKLSDHS
[LOG] 2026-06-02T15:42:27.214Z - [AutoMod] DEBUG: Checking banned words for user ilker4444, words count: 0, content: "DSJKGHSDKLHGKLDSHKLSDHS"
[LOG] 2026-06-02T15:42:28.758Z - [WebSocket] Message Event Received in minik: [emote:37226:KEKW]
[LOG] 2026-06-02T15:42:28.758Z - [AutoMod] DEBUG: Checking banned words for user ilker4444, words count: 0, content: "[emote:37226:KEKW]"
[LOG] 2026-06-02T15:42:29.563Z - [WebSocket] Message Event Received in ahmetturku: APDORIGAOGJDOJGRDAOGJDOA
[LOG] 2026-06-02T15:42:29.563Z - [AutoMod] DEBUG: Checking banned words for user ilker4444, words count: 0, content: "APDORIGAOGJDOJGRDAOGJDOA"
[LOG] 2026-06-02T15:42:30.272Z - [WebSocket] Message Event Received in minik: mutlu olmasa kacmıstık
[LOG] 2026-06-02T15:42:30.272Z - [AutoMod] DEBUG: Checking banned words for user ilker4444, words count: 0, content: "mutlu olmasa kacmıstık"
[LOG] 2026-06-02T15:42:30.356Z - [WebSocket] Message Event Received in minik: mria
[LOG] 2026-06-02T15:42:30.357Z - [AutoMod] DEBUG: Checking banned words for user ilker4444, words count: 0, content: "mria"
[LOG] 2026-06-02T15:42:31.238Z - [WebSocket] Message Event Received in ahmetturku: [emote:37226:KEKW]
[LOG] 2026-06-02T15:42:31.238Z - [AutoMod] DEBUG: Checking banned words for user ilker4444, words count: 0, content: "[emote:37226:KEKW]"
[LOG] 2026-06-02T15:42:31.242Z - [WebSocket] Message Event Received in minik: glentiss ucamiyor sanki
[LOG] 2026-06-02T15:42:31.242Z - [AutoMod] DEBUG: Checking banned words for user ilker4444, words count: 0, content: "glentiss ucamiyor sanki"
[LOG] 2026-06-02T15:42:31.364Z - [WebSocket] Message Event Received in minik: [emote:4148074:HYPERCLAP]
[LOG] 2026-06-02T15:42:31.364Z - [AutoMod] DEBUG: Checking banned words for user ilker4444, words count: 0, content: "[emote:4148074:HYPERCLAP]"
[LOG] 2026-06-02T15:42:31.795Z - [WebSocket] Message Event Received in minik: [emote:37226:KEKW]
[LOG] 2026-06-02T15:42:31.795Z - [AutoMod] DEBUG: Checking banned words for user ilker4444, words count: 0, content: "[emote:37226:KEKW]"
[LOG] 2026-06-02T15:42:33.802Z - [WebSocket] Message Event Received in minik: [emote:37226:KEKW]
[LOG] 2026-06-02T15:42:33.802Z - [AutoMod] DEBUG: Checking banned words for user ilker4444, words count: 0, content: "[emote:37226:KEKW]"
[LOG] 2026-06-02T15:42:33.973Z - [WebSocket] Message Event Received in ahmetturku: [emote:37226:KEKW]
[LOG] 2026-06-02T15:42:33.973Z - [AutoMod] DEBUG: Checking banned words for user ilker4444, words count: 0, content: "[emote:37226:KEKW]"
[LOG] 2026-06-02T15:42:34.588Z - [WebSocket] Message Event Received in minik: [emote:37226:KEKW]
[LOG] 2026-06-02T15:42:34.588Z - [AutoMod] DEBUG: Checking banned words for user ilker4444, words count: 0, content: "[emote:37226:KEKW]"
[LOG] 2026-06-02T15:42:35.043Z - [WebSocket] Message Event Received in minik: driverlıkla glent
[LOG] 2026-06-02T15:42:35.043Z - [AutoMod] DEBUG: Checking banned words for user ilker4444, words count: 0, content: "driverlıkla glent"
[LOG] 2026-06-02T15:42:35.224Z - [WebSocket] Message Event Received in minik: [emote:37227:LULW]
[LOG] 2026-06-02T15:42:35.224Z - [AutoMod] DEBUG: Checking banned words for user ilker4444, words count: 0, content: "[emote:37227:LULW]"
[LOG] 2026-06-02T15:42:35.348Z - [WebSocket] Message Event Received in ahmetturku: flşsjdğwjslsaüdküwfk
[LOG] 2026-06-02T15:42:35.348Z - [AutoMod] DEBUG: Checking banned words for user ilker4444, words count: 0, content: "flşsjdğwjslsaüdküwfk"
[LOG] 2026-06-02T15:42:36.335Z - [WebSocket] Message Event Received in ahmetturku: [emote:37226:KEKW]
[LOG] 2026-06-02T15:42:36.335Z - [AutoMod] DEBUG: Checking banned words for user ilker4444, words count: 0, content: "[emote:37226:KEKW]"
[LOG] 2026-06-02T15:42:37.930Z - [WebSocket] Message Event Received in minik: mira
[LOG] 2026-06-02T15:42:37.930Z - [AutoMod] DEBUG: Checking banned words for user ilker4444, words count: 0, content: "mira"
[LOG] 2026-06-02T15:42:38.656Z - [WebSocket] Message Event Received in minik: [emote:37226:KEKW]
[LOG] 2026-06-02T15:42:38.656Z - [AutoMod] DEBUG: Checking banned words for user ilker4444, words count: 0, content: "[emote:37226:KEKW]"
[LOG] 2026-06-02T15:42:40.607Z - [WebSocket] Message Event Received in minik: glentis mi o
[LOG] 2026-06-02T15:42:40.607Z - [AutoMod] DEBUG: Checking banned words for user ilker4444, words count: 0, content: "glentis mi o"
[LOG] 2026-06-02T15:42:41.100Z - [WebSocket] Message Event Received in minik: [emote:4148074:HYPERCLAP]
[LOG] 2026-06-02T15:42:41.100Z - [AutoMod] DEBUG: Checking banned words for user ilker4444, words count: 0, content: "[emote:4148074:HYPERCLAP]"
[LOG] 2026-06-02T15:42:41.753Z - [WebSocket] Message Event Received in ahmetturku: [emote:5565231:ahmetturkuhaha]
[LOG] 2026-06-02T15:42:41.753Z - [AutoMod] DEBUG: Checking banned words for user ilker4444, words count: 0, content: "[emote:5565231:ahmetturkuhaha]"
[LOG] 2026-06-02T15:42:41.937Z - [WebSocket] Message Event Received in ahmetturku: [emote:37226:KEKW]
[LOG] 2026-06-02T15:42:41.937Z - [AutoMod] DEBUG: Checking banned words for user ilker4444, words count: 0, content: "[emote:37226:KEKW]"
[LOG] 2026-06-02T15:42:42.458Z - [WebSocket] Message Event Received in ahmetturku: baran mı o
[LOG] 2026-06-02T15:42:42.458Z - [AutoMod] DEBUG: Checking banned words for user ilker4444, words count: 0, content: "baran mı o"
[LOG] 2026-06-02T15:42:43.475Z - [WebSocket] Message Event Received in minik: @furkannrumiiQ bizim yere gelmişti
[LOG] 2026-06-02T15:42:43.475Z - [AutoMod] DEBUG: Checking banned words for user ilker4444, words count: 0, content: "@furkannrumiiQ bizim yere gelmişti"
[LOG] 2026-06-02T15:42:45.373Z - [WebSocket] Message Event Received in eray: knk ben eray abiyi 2024 beri aralıksız izliiyorum ama gene 4 seviyeyim
[LOG] 2026-06-02T15:42:45.373Z - [AutoMod] DEBUG: Checking banned words for user Riadein, words count: 25, content: "knk ben eray abiyi 2024 beri aralıksız izliiyorum "
[LOG] 2026-06-02T15:42:45.810Z - [WebSocket] Message Event Received in minik: [emote:4147910:BBoomer]
[LOG] 2026-06-02T15:42:45.810Z - [AutoMod] DEBUG: Checking banned words for user ilker4444, words count: 0, content: "[emote:4147910:BBoomer]"
[LOG] 2026-06-02T15:42:47.430Z - [WebSocket] Message Event Received in minik: driverlıkla glentissden kaçmak cok zor ya
[LOG] 2026-06-02T15:42:47.430Z - [AutoMod] DEBUG: Checking banned words for user ilker4444, words count: 0, content: "driverlıkla glentissden kaçmak cok zor ya"
[LOG] 2026-06-02T15:42:47.964Z - [WebSocket] Message Event Received in minik: [emote:4148074:HYPERCLAP]
[LOG] 2026-06-02T15:42:47.964Z - [AutoMod] DEBUG: Checking banned words for user ilker4444, words count: 0, content: "[emote:4148074:HYPERCLAP]"
[LOG] 2026-06-02T15:42:48.470Z - [WebSocket] Message Event Received in minik: sana c tuşu olmayan klavye almak istoyorum minik
[LOG] 2026-06-02T15:42:48.470Z - [AutoMod] DEBUG: Checking banned words for user ilker4444, words count: 0, content: "sana c tuşu olmayan klavye almak istoyorum minik"
[LOG] 2026-06-02T15:42:48.665Z - [WebSocket] Message Event Received in minik: [emote:39251:beeBobble]
[LOG] 2026-06-02T15:42:48.665Z - [AutoMod] DEBUG: Checking banned words for user ilker4444, words count: 0, content: "[emote:39251:beeBobble]"
[LOG] 2026-06-02T15:42:50.350Z - [WebSocket] Message Event Received in minik: DEFNEYE REZİL OLDUK
[LOG] 2026-06-02T15:42:50.350Z - [AutoMod] DEBUG: Checking banned words for user ilker4444, words count: 0, content: "DEFNEYE REZİL OLDUK"
[LOG] 2026-06-02T15:42:50.661Z - [WebSocket] Message Event Received in minik: evet
[LOG] 2026-06-02T15:42:50.662Z - [AutoMod] DEBUG: Checking banned words for user ilker4444, words count: 0, content: "evet"
[LOG] 2026-06-02T15:42:51.971Z - [WebSocket] Message Event Received in minik: [emote:37227:LULW]
[LOG] 2026-06-02T15:42:51.971Z - [AutoMod] DEBUG: Checking banned words for user ilker4444, words count: 0, content: "[emote:37227:LULW]"
[LOG] 2026-06-02T15:42:52.451Z - [WebSocket] Message Event Received in minik: max 10 lvl mi
[LOG] 2026-06-02T15:42:52.451Z - [AutoMod] DEBUG: Checking banned words for user ilker4444, words count: 0, content: "max 10 lvl mi"
